filament_id,segmentation_rle
20110120105534Ch_1,l_Ti24lo11M3O104LO1000000014J1000011M03OOO1O01000001N101OO1O10000O1O1O0010O4M0O2N01000O0002OO10O01N3M2N3N011OO1O1O1O1O6H200O1O2O1O0000001000O020N011OO02N01000O001O1O011OO00001O1O000000000O1O2O00001O0001OO101O00001O000001O000001K5NW^ko0
20110120105534Ch_2,VjVQ21mo13N1M300L400N020NO20N2000O11I502I511M11OO200M3O1N200O011K23I3M@WOVRNi0km1WOTRNh0mm1ZOQRNg0om1YOfQN1Oe0]n1[OcQN1Ne0_n1`03O1N200N201N2N1N2O1OM40ZOSQN9mn1FUQN9jn1D[QN;dn1E^QN:bn1F^QN:bn1E_QN;an1D`QN;an1E`QN9bn1E_QN5hn1IZQN6Xo1N2OWXoj1
20110120105534Ch_3,megU25fo17N2M3N2N2O1O0002M1O3L2N2K6KnYZi1
20110130110334Ch_1,^Xlm14ko12M6K2L4N2N1O100O2N2O1O1O1O1O00000000O100O3N1O8H1O6J2N4M0OUgWP2
20110130110334Ch_2,R[\P2226ao15M4O0M3O1L5O0OEPQNIon16SQNInn13TQNNln10VQNO^o101Ngdgn1
20110130110334Ch_3,j_Pe22lo14M8I1O2N000kPNChn1=VQNDjn1j0O0100O3M1O1000O6J2N2N003N001N03OO012M001N05M1M20N1[QNnN\n1S1_QNPO40Pn1X1oQNjNSn1T1lQNmNTn1S1jQNnNWn1Q1iQNoNXn1]1000O3OOO2N2M4L2O1N2N1O2O1N102N003N0O2OO01O1O0001O2O00O01O1O0000010006I1O00100O010O1O1O1O00000000001000O011OO001O11OO2N1O2N01O1O003M1O2N02N001O1O00000O100001N110O1O1O1O02N002N01000O0000000002N005K16KO0O4L1O1000O0000100O002O2M1O000N20000O2O010O1O2O001N002N1O1O2MQ\[P1
20110214175414Mh_1,X]d[26io12L6L1G;N0N201O1O0POXOhRNi0Vm1YOiRNg0Vm1]OgRNd0Xm1]OfRNd0Ym1NTRN4lm1P101N101O002NZOZRNROfm1m0cRNkN]m1T1eRNkN[m1U1gRNiNYm1V1iRNiNWm1V1lRNhNTm1X1lRNhNTm1X1oRNeNQm1[1j000O100O011O1O1YO]QNOhn1J_QN1cn1M_QN0en1L`QNObn1O`QNOcn1Oddea1
20110214175414Mh_2,`]Pb25ko11O1O1O001O1O001O1O000001000O00010O1O0O10000O1O1000000001O1O00000020N020N105K1N6J11N01000O2N0011OO01O10O1O00002M2N6K000000001O0000001O0001O1O00001O1O01O10O1O01O10O1O011OO01O10O0100O00100N1O2N2O0000100N1000000000000001O1O002N001O1O0001000O00001O10000O1O10000O01O020N2N3M01000O0001O001O001O1O0000001O1O0000001O1O1O1O2N0011OO001O100O3LW`aS1
20110214175414Mh_3,cbhk09fo12O3M1O3NO4NO02N001OO11OO02N01O10O2N1O010O1O010O1O0000000010O10O002Ld\QR3
20110214175414Mh_4,eYag2a0^o15L4K1O100N100NO4ON021NO3OO1O101O1N020ON200N201J51ON3O1N20OO110O1O10O1O01O10000O1O01O10O100O10O100O01O10001O1N1O102M1O3N000001O1O000O100O10000O1O1000001O1O00001O0100O01O0010O1O0002OO2N1O11OO001O1O00001O1O000OQglQ1
20110329082654Uh_1,aVdb13lo12N1O2M3O1N;jPN^OYn1d0eQN]O[n1h0^QN[Oan1f0]QN[Ocn1Q10103M02N0O1O1O5K1O6J101O0O02O003M010OO2N002N001O1O1O1O2O000O002N0011OO19G03M0O3M2N2M2OigoY2
20110329082654Uh_2,h^lP12no10O1O1N110N1100000000000O1O100000000000N20000000O000100000O1O10N200000000O10000O1000000O1OeaWl2
20110329082654Uh_3,d_lR23lo12N100010012MO11OO00011OO002N0001000O00000000000000000000020N02N01O1O111M1PQNIVn1c1^O100N110N11N00o0oN3N1H8O2M3M2M3O2Nd^ei1
20110329082654Uh_4,n`lX11mo12N2O1O001O0000100N020O0001O000001O0100N11O01O10000O1Og_[e2
20110329082654Uh_5,\bTZ13lo12N101O1O10000O1O000002N0002N0001000O00001O10O10O10O0100O02N0011OO02N02N01000O02OO10O110N000011OO00001O1O02N01O1O01O1O01O02OO020N02N000001000O0000000020N00001O1O020N000002OO022M01O003K2OQ\o_2
20110329082654Uh_6,Ze`b17io11N1O10O1O100000000000000001O1O01O1O000000000002N00000000000001O1O0000000000O10000O1000O10N110N200N020OO11OO11OO110N11OO200M20001O1N20V[WY2
20110329082654Uh_7,Zld\24jo1201N1O2O002N002O00O000O100000001O11N0000020N000000100O010O10100O0O1O001O001O002N003M1O4M024KO000O00001O10O1O011O0O2N00\O[QNKgn14[QNJhQa_1
20110329082654Uh_8,fRYW26jo12M3N102N11ON02OO110N020N020N102NO2OO03N0O11O001O010O01O0O20N020O01O00O3N010OO:EgkTf1
20110329082654Uh_9,fWiU1V1jn10M5M2M9I0L7M1L7K2M5M0L400N11OOWOgRNnNZm1Q1hRNmNWm1d0aSNQObl1P1V1100N3O00ZOfQNFZn19hQNFVn18QRNDPn1;SRNBnm1:n00OO1O2N200N200000O00010001M3N]i^g2
20110329082654Uh_10,PXkb22mo13M2O1O1O1O00001O1O02N0011OO0001O1O1O1O002N001O1O000000000000000O0001000NGfPNOZo11hPNNVo14jPNKVo16iPNKnn1LRQN<OHon1?QQN@on1h01O0000001OO20FQQNBon1=UQN_Oln1a0:N100N3OO11OO200N11O000010O1O1000000O1O10O1O1O1O1O1O1O1O10000N2000O01O101N1O101NViZW1
20110329082654Uh_11,cXiW22lo12N2O0M4N1M300N110E;00I71O1O1O2M3O6B:L^hnf1
20110329082654Uh_12,fY]c25jo12N1O1O100N200O101O00100O1O2N001O000O1O0100000N0200O00001O1N200L4O3J5NdfZZ1
20110329082654Uh_13,j\e`14lo11N3M2O2M1O3N0O2N101N1N4M2O3L2N4M0O11O1O1O2O001N1O10001N1O2N1O1O1O00000_OgPN;Zo1ChPN<Xo1DiPN;Xo1CiPN>^o1OO000000000000000002N0O2O1O01O00O100O100000O0001000OO200O1O2MfblZ2
20110408083214Th_1,c^XS24:NUo14iPNNVo16ePNMYo1>O1O1000011M0;KK01O1O000002NO4ON0O2N01O002OO12M1O00001O1O001O11N01O10O10000O002N001O0O2N101O1O1O1000O1N2O1O1O2O1O2OO02N00000O2N003L\_]h1
20110408083214Th_2,^`l\1:eo12J9L1K8K1N4M1O[O\QN2bn1M`QN3^n1JjQN4Tn1KmQN6Qn1ITRN6im1IZRN6fm1H]RN9bm1F_RN9fn10OO4M003Ld^ia2
20110408083214Th_3,bdhX3;eo11O2N1O4M012M0O5LO33K041LO32J17MK13ON06LN05MNO5MOO2O1O2M1O5K1OZYWe0
20110408083214Th_4,_ilb22mo12O2N001O1O001O10O1O01O1O00001O1O1O1O1G9M202N002N0O3N0O3M2N3M2N2O1N3N0O4M1O100O2N1O3M1O2N154F0O100000O1O100O1O1@`000N2000000N20O1O01O2O0N20bNhNUTNV1kk1kNUTNU1jk1lNVTNS1jk1nNVTNR1jk1nNWTNP1ik1QOWTNn0hk1TOXTNk0hk1VOXTNi0gk1YOYTNd0jk1\OUTN`0Wk19iTNEXk1;hTNFXk19hTNGYk19gTNGYk19^TNmNSOk0_l19]TNoNQOi0`l1:]TNLek14[TNLfk13ZTNKik15VTNKkk15QTNMQl13nSNNRl14jSNKYl15fSNK\l15aSNL`l15^SNKal1=WSNCgl1b0WSN_OWl1\2O2M121ON200O11OO200eLiSNj2Zl1TMjSNi2Pm1@:J:_O;N3G7O>WOSQN@So1>9N1O2O001N2NoX[U1
20110408083214Th_5,^fhW25io13J6N2O00000002M1O2O1O00002N010O10O0001O10O1O01O1O1O1N]Y_f1
20110408083214Th_6,ZkTk0:eo12H>I1K:H3G;L2H9N0N3N\OXRNROem1e0mRNUOSm1j0oRNUOml1l0P14LK:NEUOcQNg0bn1[O\QNe0bn1:300N21OL4O1J61NO200M300H800N30N011L202C<00L400N2000O11ON200O2OO02O0O11N011M111M1110_OXQNGkn17XQNGin16b001K5N2KnXaP3
20110408083214Th_7,Vidn18ho11O1O2N4M006J1O3L124J031K03;YQNgNlm1X1SRNjNTn1Q1fQNSO[n1l0bQNVOen1o01O3M1O6J2N6J1O1N2N2O1OO11O1O1O2N3MjTSo1
20110408083214Th_8,XkjW32eo1;M2K8K3Ja0B2I7O1J6N1G:N2N0101L4O7E5N5_O>N4J4N;E2OUUcf0
20110408083214Th_9,^Xe]16io11L4O0L401K310O101ON3OO02N0O20OO20O02OO0100O11OO20OO110N11O10OO110N200N020N020OO110N11OO20N020O0010O10N0200O0001O1OO11N011N020NN40NO200O200M3Ooij]2
20110408083214Th_10,gZY[17ho11M3O1OO110O1O10O1OO20OO110N202Jfedc2
20110424064534Lh_1,e^fh03lo16K1O4L2N>B114J12OO012M025H15LdRNPOek1P1YTNROik1\1cSNiN\l1W1bSNkN`l1\2M0;F006LN04hM]RNm1am1PNaRNo1lm1NO022K113K16J0O3M1O1cNmQNF7f0nm1B[RN=im1ZO`RNa0bm1]OaRNa0`n1O1O001O02OO5K003OOO100O01O02N0000002N1O1Ol\]S3
20110424064534Lh_2,h_dW16io11M3N2M20001O10O1O10000001O1O011N01O000O1O1O1O100O3L2Oa`cf2
20110424064534Lh_3,m`dX12mo12N7I115KO12N01NjPNFgn19XQNIhn17TQNNkn12SQN0nn1`0001O002OO10000O2N004L002OO02OO0WO\QN8bn1G`QN9_n1GbQN;[n1EfQN;Yn1EjQN;Tn1DmQN;Tn1DoQN;om1ERRN:om1ESRN;lm1DTRN<jn1OO12OOO3N0010N020N022NN22L04NN120NO21M13NN03OOO11OO20N022L03OOO2N002N01000O000010O10O0000001000O00002OO01O1O0O1000O1M5Im[Wa2
20110424064534Lh_4,_jdl1561Xo11gPN1Wo1>M102N0000100oPN^Obn1c0\QN^Odn1Q1N1O3M020N102N017IO2M1O1N2O00001O1O00001O001O00001O1N1O3M1O3L201M3N1O1O2L301O000001O3M001O001O01O00001O00000001O10O1O0102lPNZOin1o012MO2O0010N0[QNoN[n1_1MO11N001O1O0002M1O3N0VO`QN2cn1Im0N3L2O4KmS]m1
20110424064534Lh_5,Rn`i1<co11M3N2N110N101O00010O11O0O2N101K5MZR[U2
20110424064534Lh_6,RXek16jo11O2N1O2N011O101N02NO12OO002N002N0O9G20OO11N1O5K2N6I2MmfbR2
20110424064534Lh_7,k\mg15jo11N200N2O1N2O1N200N200O100O1O1O001O001OO2000O1N2O1N2O1N1001L300000L41OM201NM51L040M020M22OL041NM5OOO3OOK7OO010L220N030PO]OaRNc0am1^O]RNc0cm1AjQNl0Yn1=3L2N3I6N1K6N4K3KafbS2
20110424064534Lh_8,V]Ul05ko11O8H2O1O0O3M1O3M0O3N002N100009HO03NN03OOO2OO0200O00001OO11N011OO02N011OO01O10O1O02OO11N01O10O11N01O1O01O10O1O02N000001O1O001O2N1N3Mo`do2
20110429120534Ch_1,b]XZ2650Yo13cPN0\o1<O0O01N4M001OkPNGdn19YQNJgn1f02O2N2N2N0111M1O1O01M3M8C9MeaWd1
20110429120534Ch_2,W`nn27ho1:^PNAQo1a0jPNCUo1h0L004L00001O00O101O1O0O1O101M3O10O112M0O3NO13L11O0O2N1O1N2O001O1O002OO02OO102N014J2O1OO02N002N011N1O3M1O5K100006KN101N011N02O002hN^QNn0jn1O4NN05MO04MO03L2N2O0O010OO11O000O5AdPN2^\gk0
20110429120534Ch_3,^c\g24lo1002M2O3NO02N000011O0O20OO0001O1N1M301O1O02N007KOO0000001O1O00000000000000O1O10O1O101O010O01O000001O1N2NR\YU1
20110429120534Ch_4,dcd\24ko1202M2N6J1O1N1O1000O1001O012N02M1O1O1O1O1O2N001O1O01O02OO0000000000001O1O01O1O00002N01O1O011OO0001O1O1000O1N2O1N2O0N3Nb[c_1
20110429120534Ch_5,ndPS23ko13M4BHnPN:Ro1JhPN9Wo19O2OO21OWOmPNb0]o1M0O11NO3ON120NO4NN020N111N011NO20N020N03OO01OO111M02OO12OOO21M110O011NO13M00:F1O1OO00002O1N4L013L012N0O2N012N0O2N010000O1O002N01O10O1O002N101O04K1O6I2NPXcg1
20110429120534Ch_6,ce`n2;do1102N111NO4NOO000010000O0011N02N101O00O3M101OO01OO1O102N0O3M1000000000000000O1O10000O10N111O001O0O1O3NfYWn0
20110429120534Ch_7,Rf^_12no11O010O100O011OO02N11OO1000O1000O001000O010O3N]YQ_2
20110429120534Ch_8,]ila01`0;an1I\QN8IE`n1\1K1O1O1N2O100O1O1O1O00001O0L400F:10J500J7N2F:O1HUO]SNiNbl1W1`SNhN^l1V1hSNhNXl1W1iSNhNVl1T1RTNiNnk1W1STNiNhk1Y1\TNfN`k1]1bTNbNXk1R1nSNgNm04Uk1U1PTNeNm04Qk1W1XTN`No02jj1^1WTN`NP10ij1_1U201N2O1N1O1B?O1N200CRQNFQo18QQNFRo16>O1M2O2N1OaYcZ3
20110429120534Ch_9,^gPQ1:eo11N4M2O5K006KO9KMO30M12OO03OM128F2O?cQNjNnl1X1oRNiNVm1n11O6J00=C1Of0VO5O;A5O2JoUQm2
20110429120534Ch_10,mkfQ13lo12jPN2Wn10fQN4Wn1NXQNb0gn1=N2N1Na0_O3MUNURNb2ml1^MUSNb2kl1\MWSNk2kl11N4L2M3N2OYMoSNGMm0Sl1ZOVTNDIR1Pl1YO`UN;^j1CdUN<ej1YO`UNf0ll103OO0O10O2N1O:C3OQQ[l2
20110429120534Ch_11,am`<<co12K4N2L31O02O0O3N1O2N1O1O001N2N101M3O0N3O0N20O0100OWOiQNIYn16iQNIWn16RRN@om1a0g0O20N02OO101N2O1O00M4M20N10101O01O10N20O00010N10J6O1O101O01O01001O1O6I2N2O1O000000002I5OQTk^3
20110429120534Ch_12,gXod13lo13M1O2O1O0O1OO11M3O1J411F900L311I240LK:OMN500D=O0K60ohZY2
20110429120534Ch_13,S[Ym0<co13L4M2N1000O1O1M3O0M31N02OO101O10OO101M300O010O01000000000N20O10O001O0N201M3O0N210OO111M110O1O10O1O100O1001N10:GO13M004LO03M102L2OZebn2
20110429120534Ch_14,lZQj23lo12N2N2N010O001N0200O00001O1000OO1100000O10O010O1000000O00010O1O01O10000O1O100000001N2NeeVS1
20110429120534Ch_15,^^Q^25jo12N2O1O0000001O1O002N0N4N000O1O100[O_OkQNa0Tn1AkQN?Un1EeQN=[n1DdQN<\n1d000000hN\QNT1bn1nN`QNP1`n1PO`QNP1_n1QOcQNl0^n1UOaQNk0^n1;100N10^MmNVVNm0Sj1UOjUNk0Vj1@aTNFUOK5U1Vl1[O^TNNZOg0Yl1W22O1O1O;RO\SNjMfl1S2\SNlMjl1d1bSNZN_l1e1bSNZNhl1>VSN_O73cl1=XTNBlk19WTNEjk1:oej^1
20110429120534Ch_16,d\ek02lo12M3O1O100000OIJePN6[o1MaPN5_o16000000000000O00010000O101N4M1O3M00fcbR3
20110529063154Uh_1,b_Xj24ko12K5M2N2O1N2O0O101O1O100000O101N101O001O10O001O0000000000000000O2N2O001O1O2M1Og`WS1
20110529063154Uh_2,nbTj14ko12N2O1O6J1N100O3N00000N4N00000N20000O1O10000O1O01O100OO110O00010O1O01O1000O1O01O1000000O1O1000O10O001N3H7O1M4M2Kk]YR2
20110529063154Uh_3,_bhi0=bo12O5K1O6J1O4MO26I031L090G03NN113L030M070I02N1O5K0O7J1O5KO126IO2ON1O1O01O010O1O4K2O8E4LhZ_S3
20110529063154Uh_4,jfll03jo14[OLWQN9hn1JVQN6jn1KPQN:Po1:2L4N3K5N1K5O2JhYYR3
20110529063154Uh_5,ag^l02lo15L1O2N10O100000000O2M3NcXgR3
20110529063154Uh_6,giTV33lo1101N2N101O1N100000000000000O10010O10O01O001O000000O100O100O1O1O1O001O01000O2N101N]VWg0
20110529063154Uh_7,iQaX14io15H`0F1N3M2M3O0O101O1O01O1O1O002SOUQNa0kn1^OXQN`0Xm\f2
20110529063154Uh_8,b`c]22lo16L1O1O002N0O:F1000000O1O010000000000000000000001O001O0001O10O1O01O10O1O01O1O00001O1O001O00000000O10000000000O1O01O100O000O2N100N20001001N1O2O000O2N2O0O1O10000O100O10O1O1000O1O1000O01O010O1O100O1O10000N2000000O1O101N4Jk_`[1
20110529063154Uh_9,g`ol26eo17M2L300O1O1O0001M2001O000100O1O100O5K2Oe_fQ1
20110529063154Uh_10,na]\24ho14N2O1O0O2O001O0001O000000001O1O0010O01O101M3Ne^Rb1
20110529063154Uh_11,XceT29fo12N4M1N5K104M0O3NO01O1O01O001N100000000O1000000000O100O1000000O1O10000N20OO2O0N3N1N201O1O01O01O10000O0FjNhQNY1Xn18O10000000O1O100000000N2_OfQNUObn1h0=N1N2O1O1O2M3N1000000000000000000000000001O0000O1000000000001O1N101O1N2O001O000000000O0010000O1O101N2Mc]nc1
20110529063154Uh_12,Rcm`13mo11O1O1O1O1O0O2N2O002M1O3N0N3O1D]OWQNe0in1\OUQNf0jn19O100O04N0N6LO011N00000000O20N1O2O001N011OO02OO11OO11OO1O01000O01O1O00000O1O101M3N1O100000100O01O01000O1O101OO011OO1O102N001OO115I21OOO1000O0002N01000O001O10O10O101OO03M1O010O010O02N01O0011N01O10000O2N1O100O10O02N002N1O1O1O1O1O2N101N01O01O01O1O01O0001O1N102M10000O1O100O2O1N10000O1O10000000001O0100O00002N01O0010O1O010O10O02N0002N00001O000000O10O100O100000O1O2O1O0000001O1O001O1O000000000000O1O1000000O1O100O1O1000O00101M200N2O2N2N1O2M5H[ZXP2
20110531070514Th_1,aZ\P18go12M:H1O101O00010O12ON012M038E1O4K112L101OO;E_QN@cm1`0\RNAfm1=QRNLom14oQNNSn1n01O3M1O3M10O7I100O1000O2O00O01O001O00002N003M1O2N002M102O0O2O000OcQNnNmm1R1PRNQOom1P1oQNROMGom1W1RRNTOMHPn1l1N02fNSRN>lm1AVRN?jm1ZO]RNe0dm1YO^RNf0bm1UOhRNh0Vm1WOlRNh0Sm1YOnRNk0ml1UOTSNk0jl1UOZSNm0al1ROaSNn0^l1ROcSNo0[l1QOfSNn0Zl1QOlSNk0Sl1TOoSNl0Pl1TOSTNi0ok1TOSTNk0cm1OO0100O00002N1O2O0002N0O2N010O04MRQNCXn1=eQNEbn1o0K100N000100N2O2M2N3L4N3M1O1O1O1O1O2N1N<D10^_Sh2
20110531070514Th_2,n``[16io12N1000O102N1NR_oc2
20110531070514Th_3,naX\16io12N3N2N10O15J1O3NO11N111NO7LN04MN120NO24J040M05K0011M047E112M015J104J11O001O002XORQN9on1BVQN<^o1I2N_[o`2
20110531070514Th_4,_cl\26io12O2N0000000000000000000000000000000O1O1O1O100O1O1000O000100000N200000000O1O101O001O000000000000000000000000000N200000000000O100O101O1M201O1O1O2N1O3M1O0O1NJ701O1000O10N11000000O1O100N200O1O2I7O000O2N2O0N200N11O1M200O200N20000000000000O01O0K6N2F:O1N2O2O1O1M20O11O1Mf]iZ1
20110531070514Th_5,Yc`g03lo13O1N2O0O001O001N2N10000001O1O000014L0O00020N113K014L014J215I035HO7MMO7KN040MO45H06NL001OO4NOO2N1O2L2O2M3N10000000N200N2O1O100000002OO100O10O02N0020N011O06LNO12N0O4L114PQN@Tn1d0dQNA\n1Q110O1O02G7Nn0kN]YeR3
20110531070514Th_6,jYQi03mo10O2N10O1000000O10O1O10000O1O100O1M300L220L300L5N1TODPRNa0Pn1AmQN`0Rn1e0200K6O0L400L40OK7O0]Oc0O2N3M[hZT3
20110531070514Th_7,[cie21no12M3O1O1N2J6N102N000001O01O10O0001O1O002N01O01000O00000001O1O000000000001O0O1O001OO2J6O001E;O100N3J5O1M3O1000O1N2O2N2N1O1O2N1O2O000O1O100000O1OO200TO[QNM31bn11kQNOUo1N001N2Ni\VU1
20110531070514Th_8,Xc]S27ho12N5L002M1M5N0N4nPNZOen1g0[QNYOdn1R1001O1O3M10000O02N003M11oN]QNa0dn1]O]QNd0Qo1OO05MOO02N002N002N002N1N2N2O1N2N2N2N2O1O1O20hN_QNo0in1O0010O00001N2O1O002N000O2O10O100O7J004L0O1000O00000O100O11O001O0000002N0002OO10O001O000001O1O0000O101N101O0O1001O3N00O00011N0O2O001O1O1O0O1O4M3M1O1O001O11N2fN]QNT1ln1MN111M1O01O001O0001O1O1O1N2N2O000O1O101N2N101O1N3N1O3M011OO1O1O1O001O1O0kNlQN?Sn1@oQN`0Zn1POTRNh0bn102N1O1O00001O6J1O10000O10000O2N010O101N1OiXn`1
20110603123034Ch_1,nZTi15io13L5M2O5K102NO02RQNBVn1?hQNBYn1S10O0O100N200N3N2N100O101N2O0010O1O1O1O0O2O1O00000001O1N3M2O3M2N3M1O01O001O000000O11O10001O0VQNZOXn1Z1M1N100O01O2L5M2J6N101N2N1000001O001N1001O1O2N1O00000O100O10001O001O00000000O10000001N100000O0101O003M1O;YQN^NZn1f1N5LO1O1O3L1O2O1O00001O1O0N3O3M0O3N1O1O0001O0000001O02O0O4L1O0001O1O002N201N112K011OO00000000000001O11N1O1O1O10O1O00001O1O1^QNjNWn1a1N4M0O3M101O00002N3N0000O4NO0000O3N000O1O2N002N5K2N1O00000O2N10001O10O10O20N02O0001N1O100000O1O101O00O100O3M1N2O011OO20OO4L1O2N002OO001O01O10O1O11OO11OO1000O2O00O2N0O3N1O1O2kQN`Ngm1n1O01N002M1O2O1O0O1O2L4N1O2N6K2M3L3BRQNGQo14`0HaPNLj_ae1
20110603123034Ch_2,V_Xh06jo11O001O0O1O1O1O3N0000010O1O2M1L8K1O5K2O3M011N02N002N00000001O0O2N100O1K500N201O0010N2O2M101N2N100O3L2O4M1O2N002N003OOO11O002N10U1iN13MO13L006J004J2O3_Oa0N1B>N2N2Ng_gR3
20110603123034Ch_3,kbne03lo15L004^QNLPm15oRNKSm1;cRNG]m1:aRNG`m1<YRNEjm1:TRNHlm1a0jQN@b0Kcl1g0fRN@e0Khl1T1VSNROfl1o0WSNSOml1o0kRNWORm1i0lRNYO\m1f1MN3OO12QObRNVO]m1h0eRNWO\m1c0jRN@Sm1>oRNARm15\SNJ`l14cSNL`l1\OTTNi0_m1002N00ZOSQN;ln1CVQN<Yo10N12N00O3NO11N15MM023L1ePN]OVo1g0O11N1O8G2O4K2NfXkV3
20110603123034Ch_4,ZcPh15jo13M4M1M3O001N2M6K1N4M1M300001O1O1N2N1000000O1O10000000O10001O100O001O1O1O1M3O0N3O0O20O00002M1O2O1O0001O10O11N020N02OO10O0100O101O0100N2N0020N02OO03N0O2OO04L002OO04NN14NN02N0O2NkPNChn1<WQNGjn18SQNOgn12WQN2jn1c0M11OO02OO02M102M102M2O2O0O2OO02N011OO020N011OO02OO11N022L002N00000000O3M101O1O001O1N1O1O1O2O1O000002OO1O01000O1O10O1O020N000011OO020N02OO0010O11OO10O10O000001O1O02N1O3M1O100O01O02N002MUY]l1
20110603123034Ch_5,md\Y38fo14I`0E1O1O001O01000O1O011cQNYO^m10PRN:a0Hfm1EjQNm1om1001O0O2O00001O2N14LO1N101O10O000VNVRN_1Xn1[NhQNc1Xn103M0O5MOO3OO03NOO3M1O5J3N6F5N1M5L4J6LfX[c0
20110603123034Ch_6,PkXe04lo11O3L2O4M0O>CO11N111M04NN05NN02OO02OO04MOO22L106JO11OO2O003NOO7MMO22MO11O02N003M001OO02OO10O10O1O00000001N2O1O1O010O10O1O11OO02OO12M1O2N1NZR[V3
20110603123034Ch_7,lYml14lo10O2N10O01O100O1O1OO110O000100N11OO200M111M111N011L120OO20J520J410L130M031LO40L2200O1O2M201N200M200O20N02OOO30NO3OO0200M201N2O2L4Mghnn1
20110603123034Ch_8,jYYV14jo14H8M0L410L300L5O0L21OO04OMO40N300N20000O1OAWQNHjn17YQNFhn16b00010O1O01O100N2O1N1010O1000000000000000000000001N2O0O1000000000000000001O1O1O1O00000000000000000001000O00000002OO10O10O10O10O10O12L2O3L\glc2
20110603123034Ch_9,eYkS21fo1;N0N2O0N21OK500N110O2O0ON4OOK60NO400N11OO2OO11OO110N020N1100O000N21OO2O1N2O2KQhdi1
20110706164014Mh_1,icXe29fo1102M2N4M002O02N3M20NO12N001O0O1UQNEom1<oQNFSn1R11O2N1O1M200M3O1M3O2F:N3O0000O11N003M1O3M1O2MQ[UX1
20110706164014Mh_2,ln\i2>ao12J>E2N>D102NO2gNfQNm0Wn1POkQNP1kn1MK09IOO6LN03MO04MO11N0102NO02N0001O1O002N0000001O001M203JZoTT1
20110706164014Mh_3,_[WZ28co16N1O001O010N2000L31OM31O000O2N1O1000O1000O1L32OO02OO02N2N11OO11N011M200M220L211K23OM22OM13OOK60N011M130NO3OO11O100O1O100O1O100O1O100N200N200O1000001O1O2M10Rgj`1
20110706164014Mh_4,VZa?<do11O3M110N11>BO07I011M13L103M0O2N101O0O02OO1O01O10O1O01O10000O03M1O3K3O0L5O1O000001O1O02N0000000000O1O1BA[QN?cn1E[QN;en1IUQN9kn1HTQN8kn1?01000O1O1O2N1O001O2L3OO1O13M1N2NK@lPN`0Ro18O1OO110O1O10O1E]OWQNd0hn1;G9O1M201N2O1EbNSRN_1lm1;010WNSRN^1Pn1[NYRN_1Un1O=dN`QN>Ro1NhdZZ3
20110706164014Mh_5,ebeU2<co12O0O102N101N11OO11N002N001O10O10002M002N002OO10000O011OO01000O2N1000O010O1O01O001O1O0000000000O1O3M2O3N0O20OO2N001O1O2N2MU\^f1
20110811121534Ch_1,R]dP14ko12M3N2N2N10000000O10000O1001N101O002N0O4M1O2M1O10000O1O101O1O002N01O001OO00010001O2N1O2N0010O1O1O1O2M101N2N100000000002N2M2N2O1N2N2N2N100O1O101N2N101O1O000000000110N11O0001OO3M004K[bei2
20110811121534Ch_2,Y_lj07ho12N2N2O1O1O10O02N1O1O1O8H1O2N01O011N01O00002N002N06K1O10N12N0O2N103M0O4L005K1O2N1Nd__R3
20110811121534Ch_3,gado15jo1102M1O3M1O1N2N3O1M200000002N02N0\OiPN`0[o11O010O11N2N2N00000000000000000000001OO10000001O2N1O00001O001O0001O1O00011OO000001O001O0O1O1000O4L5Li]Sl1
20110811121534Ch_4,TdRP22jo16N0F901O2O1N2N2O3M0000000O2N2N1O1O1O100O1O100O1M300N201N2N2Oa0_O1O11N7I1O0O200O0101O01M3O4OMO24K004K1O0108aNgQNe0Zn1VOPRNe0Po1JL004K1O4L1O10000001N1O00000ERQNCa02am1:PRNEML88jm17RRNKMe0`m1AbRNQ1_m1nN_RNT1am1e04L10;F0O7=]OO8UNVRNR1fm1mN\RNS1bm1mNnRNf0Pm1ZOQSNf0ml1YOVSNh0gl1YOZSNf0fl1WO]SNP1[l1POfSNQ1Xl1nNlSNP1Tl1POnSNn0Rl1POTTNl0lk1TOUTNk0kk1ROZTNk0hk1SOZTNl0`m1L2O1N2N2N1O2H7O2M3NYW[i1
20110811121534Ch_5,hfTV34ko11K5O0TOJmQN8Sn1JjQN7Qn10dQN9\n1HdQN7Sm1AgSNV1Yl1lNfSNS1Zl1^OSSNd0ml1^OQSNc0nl1AkRNa0Wm1@gRN`0Ym1R13L3B>01I7O;C3N2M2O2M2O2J7BlPNJeZUh0
20110811121534Ch_6,SjPo07ho11N20000O1O1O1N1000100OO20O0001000N20000000000000000000O100O01OO20N0200N100010OO110O1O1000000000000O01O010O1O10N20O1O10O100O1000O1O100O001N110O000LCdPN`0Zo14M21ON3O1N20ON201N200N11OO200N2O1O000N300M111M111N011J500M30ZOhQNETn1;QRNDom1<RRNCjm1>ZRNBfm1>ZRNAdm1>`RN@am1a0_RN^Ool1R1USNiNll1Y1VSNdNel1`1m01E831H53O1N5M4J3O>@4N1L4N1L5N1M210K5O0M5MVZ_h2
20110811121534Ch_7,nkX^31mo13O2M1ALQQN7kn1LSQN5en13ZQN0bn12^QNNbn12\QN2an10^QN0an1j0N1O3M0O3M2M<D5I6M1K3100AdRNZN]m1f1eRNXN[m1>fRN>0RO[m1?jRN;LTO[m19WSN4ZODkm16nRN4ZODim1NYSN9^n1O2J\Ti?
20110811121534Ch_8,ajPY2;eo11O3M0O8J001N16J003MO02N1O2N1O1O1N100O10002N1MiT_e1
20110811121534Ch_9,mkRk25ho13O1O010N11O1O10N0200000N20O1O01O00001O1M120N020N11O10O1OO200O101N1O2N10jTcR1
20110811121534Ch_10,Vm`_35jo1101O010O10O10OO2O1MhRi?
20110811121534Ch_11,iV_U23ho15O00010N20O1O000010OO110O1O01001N1OeiZi1
20110811121534Ch_12,RWUR286MVo1`0M3N2O0001O1N2N2O000O2N3M3M010O0001O00001OO11O00010000001N10OO200OO20O01O1O1O2M3NWiVk1
20110811121534Ch_13,`XcT33jo13O0O20ON2001N2O1N3Njgfj0
20110811121534Ch_14,_]kf141Mfo18O00000N3O0N12OO110N110N011ON20001O0000000001O1N020N11O00001N20NO20K6O0O110O0001O0LcPNF]o187O10O000100O1O10001O1O0N201MUd`U2
20110811121534Ch_15,n^_d14ko11O1N2O1O2N101O01O000N2000O00010N02OOO3N101O`aRZ2
20110811121534Ch_16,\`Qd2:7Onn1c0N2O00N200O1O10001N1O2OO10O00J7O1N201K5N1L4O1L400O1O100000000N11O1O1M1N40N02OO110N011L300O2O1O1O000101N8H1O00O2O00000OO2O10000N3O1M3O0O200WOTQN<on1BSQN=Xo1M4N1M4Nn`VW1
20110811121534Ch_17,cce]25jo1100O1O10O1O01O100N200O1O10001M3O0N201O1N2N2O1N4L102N0O1O10O1O100O0010OO201O1O1O0O1O10001O7I1O3M1O2N000O1O1O1O1O1Oa\f^1
20110819131834Ch_1,oeT\12lo12O0O2J500N300N20OO1100000O1O1000O1000N20O1000O1O10000N200N200N2000O10N1100000N1100O10OO2O0O2O1N20N11OO3O001N1O1O2N2O0O3M10000O2N1000O10000N100O2O1K5N1M30OO3OM211OO2OO110N020N0200O1O01O10N200M3O1O1O10O1O01O10000N20O00010000O1O100000O100O10000001O1O001O1N3MW\i[2
20110819131834Ch_2,jcPe14ko12N2O1O1O00000000000000000000O2O1N1001O010O01O00000001O10O1O00100N2Oo[iX2
20110819131834Ch_3,^fdQ3:31So1`0N7I2O3M114J17KOO6LN03ON08JNO4NOO4L101O0O20N04L10000O2O0O2OO02N0O3M2OcWSl0
20110819131834Ch_4,_j^e05bo1e0C2J7iQNZO^l1EYSNS17ZOHKjk1g3F2M3N1O1O00001M110JoM]UNQOcj1P1`UNmNWj1[1QVN]NPj1d1SVNYNii1S1WUN]NT1;gi1X1WUN[NT1;di1Y1VWNeNkh1Y1WWNfNhh1W1]WNhNdh1W1^WNgNch1h0oWNWOPh1i0QXNVOog1i0TXNTOng1k0TXNSOkg1n0VXNQOjg1o0WXNPOig1P1c300O2OO11O1ZOWQN5hn1LYQN3fn1L\QN4cn1M^QN1bn1O`QNOan10`QN0^n11cQNN^n11cQNN^n12dQNK\n14fQNKZn15i0OO11O10O00010N020N020N2O00001OO20OO110N201K5MRYSV3
20110819131834Ch_5,ohTo22mo13SQN0cm18SRNOjm13TRNOjm19hQNMYn1m0O02N1N3N2F:N4D;EXWoo0
20110819131834Ch_6,YkjP23ko15M3L101O10O1O0010O010O0001O1O000000000001O1O001O1O002N1O1O1O1O1N2O100O100001OO11OO111M013L102M0O3N0O3M1O4M1O2N002N011O09INO3OOO9I0N6LOO3ON020N002O0O3M011O1O1N002O0O3N01QOZQNb0fn1ZO]QNf0Po1N2N2N1O2L3NWR[i1
20110819131834Ch_7,Q_YR1i0Vo12J5K5000O2O001M202L2O2K5M5E9MRafl2
20110827141254Bh_1,Sh`Z34ko12M2O2]Od0oPN\Oan1S1M3N1L4N2L6M2L<F2MnMfRNc1Xm1]NkRNa1Tm1_NoRNa1ol1^NRSNb1ml1\NXSNd1gl1ZN[SNe1hm1I003M002OOO8JOO3OO1YQNkNcn1[1MO3OOO3NO03N0011M029E130NN4N0N200N5MOO5OMO20N020O022K14L0O4MO11N01O10010O010N031M011N06MM022L010O020N03ONOhRNSOak1k0]SNXOM5fl1c0[SNYON6jl1a0RSN\OFK1:Zm1>mRN;Um1EhRN;Ym1GdRN9`m1R11O3L2O4MO05K1O7I1O`RN`Njl1V1USNnNhl1R1WSNPOil1Q1USNoNkl1R1SSNoNml1T1oRNoNol1R1oRNoNRm1U1fRNnN[m1C]RNZ17ROcm1n0YRNTOim1l0URNUOlm1^12N6H5M2M2000000N3O1M3iN[QNQ1ln1L200N200M3O3ZOoPN7Uo1FmPN8^o1O100O1O1000O11N2NZQi<
20110827141254Bh_2,Vhdc13mo11O3M1O2N01O10O10O10O10O0011N002N020N011OO01O10000O0011O0O20OO11O001O010N021M112L020N120N112L121LO4K2N4H6NWVoX2
20110827141254Bh_3,niVf02no12N1O1O2N1O1O10N0O3NRVSY3
20110827141254Bh_4,ZldR24lo11O1O1O1O2M200O001O1O002N00001000O1O1O4MO1O0001O0010O001O001O010O01O000001O1O001O11N0010000O1O100O0O2000O011OO02N000001O1O000O1000N1100000000000000000000001O11N000000O1O100O1N2O1N2O1O01O1O1O3N1O2M11O000N2O1N200N20000O1O2O001O1000O7KOO0000001O1O0011OO02N11OO000011OO002O002M002N002N120NO22L111M2O3MO3OO09GO151I12N0O2N004K1O9DZQUc1
20110827141254Bh_5,`m`o13mo11O1O1O1O1O1O1O0010000O1O110N11OO110N011OO02OO11N022MO21N01O002M005K1NcQWn1
20110912142254Bh_1,iXfa13lo13M100001O001O00O3N1O3M00O1O1O00001O1O1O2M[gm\2
20110912142254Bh_2,b[\X2<co12K5N1M5M1N200N2O2M3N1N3N1N3N1L5M3K6K3I<XRNmMXm1_2L7L2NgMXSN^1dl1aN^SN^1gl1YNhSN]1Yl1_NjSNa1_m1J2N7J0O5K2O6J1O6I1O3N1O3K3O]cod1
20110912142254Bh_3,ncT_29fo12L5N00000000000000O1O1000000000000000000000001O001O000001O1O002OO10O10O10000O20N03OOO20N01O10O1O00001O1O102NO11OO11OO3N001N1O1O1000O102NO03M112L02OO0100O2OO110OO11N001O001O0001O1O000001O001O000000001O1O1O1O1O1O001O1N2N2O1O1O00000001O3M4L4L2N1O1O02N02N01000O02N011OO20N03OOO11O011M020N1O1O10000O1O03OOO3N000O1O11N01O1000001O0010N110N12N0O02OO11N03M1O2OO07HZXeU1
20110912142254Bh_4,^dng02ho1=H2M:G1O9H004L03O0N>DN05MOO6LN04NN120NO11OO20N020N011OO000002N1O7I2N:ZQNlNlm1V1QRNkNom1W1lQNnNRn1R1mQNoNSn1^1100`NXRNg0im1XOYRNh0fn1K0O31L012MO20OO4NOO5K1012L11OO11N1O1O002N00000000000O1O100O1M4O[X[S3
20110912142254Bh_5,ch\j26ho13J5O1O2O01O101N002OO10O1O000000002N004K3LXWWT1
20110912142254Bh_6,^nPa29eo13N100OO2000lNK]RN5cm19mQNISn18kQNIUn1Q110001N4L004MO04L1O6I2O5K1N=B2OaQ[]1
20110912142254Bh_7,_]e\2:eo12O3L2N100O2N2O0000000O01O011O1O0O3N002N01O0000000O0101O000001O000000000000000N20001N2N1000000010O1N102N0O2N2O00002M100O1000000000000100O0001O0000001O1N2NZb^^1
20110912142254Bh_8,daeT26jo10N3O1M200N2000000N2000N11O10OO101N2O100O1O01O10002N00000O1O10O1O01O10N0200O1OO200OO11N1100O00N12OI8O0I7O1M210ON4O1M300N200O01O001N010O010N120NO3O1N100M300K51\OLYQN4in1NUQN2ln1`01O1O1O1O1O1N11OO200N200M3O1L4O1O1O1O10O00010O1O01O01000N200L5NcaVd1
20110912142254Bh_9,Xbif14ko12L4M2DFlPN`0Ro17N201N010A=21NN4N2K5O1M3O2L4N1O1O1N3O1M200N200O1O1O2N2N1OQ_RW2
20110912142254Bh_10,jbWP22mo13N1N2N101N2O000O00010O1OO11O01OO20O00010000O1O1N2N2O0010O01N2O1N2O1O1O1O01O010N8I2N8E5Mj]nl1
20110912142254Bh_11,\dSi14ko13N1N2O1O1O0O1001N1O5L1Nb[RV2
20110912142254Bh_12,cfae16ho13K4O1N20OO20OO20O010O0100N2O0N201OO20O01O01001O0O10O010000000000O1O100000000001N2N100O1O2O1O0010O010O0O100O1O1O1O1O1000\O@gQN`0Xn1d001O10O001O2K4O1C>N4F8NlZjU2
20111015063134Lh_1,Ubhg03lo1101O101N1O2N1N4M101N2O=B1O1N1O01O100O1N3N2O001N2N3N002M1O10000O1O4M1O1O1N1O100O102M1O]]_U3
20111015063134Lh_2,cb\h15jo12M2N20O01OO2N2N2O1O100000000Oe]cV2
20111015063134Lh_3,ZcjQ32no11O100O100O1O1O1O00011OO000002OO1O000000000000000000000000O1O1KGbPN:[o1520N200O1O100O1O00001000O01O0100O000100O101N2O002N002N002N002N1O3N002M011OO001O1O0010O02N1O0O102N012N0O2OO02OO02OO01O1O1O1O01O03M1O3M1O2N001O10O4L04E^PN0jo1Ng[[g0
20111015063134Lh_4,ic\i01mo13N1N2O000O1GLfPN6Yo19018IO01N0100O002N11O0O20OO01O11N000O1O100O2N2O1LV\aT3
20111015063134Lh_5,lcPa19fo18\O?M1OO2O3SOTQN<]o1LY\_^2
20111015063134Lh_6,PdTS22no11M4M2N1000000O1001O0000000000000000000001O001O000000000000000001O1O00001O10O1O0001O1O01O0010O1O01O1O002N010000O01000O11N00001O1O002N0N4I5M5N1O1O011OO02N02M102N002O000O011N002L20001O1N1O3L2O1O2000O002N011O1N4L1000O0001O1O002N000001O1O00000001O000000O101O1O00000000001O0000O10000000O1O2O1O00000000000000000002N00001O1O01000O0000O1O1O1O1000000000000000001O1O000001O1O001O10O1O000001O0010O1O0000000001000O000001O10O10O1O001O001O01N1O10O100000000002N2N00001O1O00010O10O0001N2O0001O02M101N2OXZc]1
20111015063134Lh_7,[fVj01no11O1N3XPN1\o11bPN1^n1LWRNc0cm1CYRN?bm1T1M1K5O1O1002N2RNTRNd1Yn1[NgQNY1bn1N>B1O3M016J0O3M1O2M1OaYST3
20111015063134Lh_8,bhTm0>ao12N4M002N000000001OO11N2N2O1O2M4L2O0000N2O2M3N3N001O1O000020jPN\Oln1e0RQN\Onn1k0000O1011O15LN0000O00001O1N100O2O10O1O01O107IO0000001O01NCDYQN;bn1NZQN2fn1NZQN2dn12YQNOfn13XQNOen1h0N102N01O017H1O0G900M3O1N200N202N000N11O10OO11O0N210N200N20O001000O2K6LUW_l2
20111015063134Lh_9,WjRU15ko12N1O100O2N10:F0O2OO10O11N002N013M0002M01O10O1O002hQN\OPm1e0mRN]OTm1g0cRN]O^m1d0_RN]Oem1i0PRNWORn1i0lQNWOXn1j0aQNYO`n1R14K203N0O30N098_OO4L1O6J004J3O3M0O4L2O8H000000000000000000001000O000O2N2O0000O2J6MXS[f2
20111015063134Lh_10,RQeP26jo10M3O1M200M400M111N2O000010DlPNKVo13lPNKgn\n1
20111015063134Lh_11,\RSo13ko17K001O001O03M1O3M1O^mVP2
20111015063134Lh_12,oUmj04ko12K;H2N2O1N1O2O1N1O101N2N1O3L4L4M2N2N[ObQNJ^n11kQNKUn14lQNLVo1N00001O1O000000000100O01O00010N3N1O3M1OXi^R3
20111015063134Lh_13,o]iP22mo12M200N20OO110N200N011OO200N11O01O10O0010OO02O1N2Oebbm1
20111015063134Lh_14,P__S11no13N1O00100O0100O010O1O1000OOk`bk2
20111015063134Lh_15,SbaQ25jo1102N0O11O001O2N10O0O2N10000O1O1000001O1O0L5N101N101O1O=C1O00000000000000O1J6O1O100O10000000000100O000O10002N0N2O2N2O00000000O1O100M3O1L40O00010000000O001M20100O1O10000O1O1O1O00001000O1000000001O0O1O10000000O00001O1N2OO11O1O10O01O10000000O10000000O1O10000O1O105KO01O1000O00001O1OO11OO100001OO11OO11N200N11O10O1O10O00000N21N011O10^OPQN4on1LTQN2kn1NWQN1in1O\QNLdn14]QNKan15bQNI^n18c02O100001M201N1O1MQ`Tc1
20111015063134Lh_16,nbel14lo10O2N10O10N11O10O1O100O1O100N2M3O1I7O10001O0011XOiPNc0\o1N3M1O6J1O00001O00O100000000000O10N110001O1N2NV]ZP2
20111017113714Th_1,m^`U16io12N5K3N2N012M101N03OO02N0010N13ON02ON110O000O02OO11OO01O1O2N0O3M2NT`[h2
20111017113714Th_2,jbl\2d1[n12]Oe0L1H8N2F91O1aNiSNeNgl1Y1Q1B>O1K5O0M301L300N3OO0200N200M3O1N2Oe^[a1
20111017113714Th_3,icbk22mo13N1O10O10O01O10O1O000000100O00010O0010O1O0010000O101O00O3M002M2O0000O100O1O1000O1O100O1O10000O1O100000000000000O01O010001O10O00010O01O000000000O10000001O00000001O1O0001O0100O000000001O1O0O100000100O0000001O1O0O2N2O1O1O000000N200O1O10000001N2N101O1O1O1O1O001OO1N2N2G:N2N100N202N01O1O0001000O000011OO1O2N101N01O01O1O011OO0001O10O1O000000001O1O0000002N002DbPN0ao1McPN0kZYi0
20111017113714Th_4,if`a13lo12O1O002N00001O1O00001O1O1O1O1O10000O11O001O001O1O2N00O3N001O0000001OO1O002N000000001O1O001O00001O00002N002N1OUXoZ2
20111017113714Th_5,iiVf13jo15N1M3O001N2N10001O1O2O0O10011M03OOO4NOO3ON011O0O10000O2O2N002M101N2N2N0D>N002N1O3M002N000000O1O100O1O1O3L2F^QNUOen1h0:01O1O00002N01O0001O10O00002N02N01O10O1O0001000O00000001O0100O000000000000100O1N2O00001O1N2N2O1O1O001O1O1O1O002N1O1O2NlTcR2
20111017113714Th_6,ajTc05jo1102M1O1000000000000O1O10000O1O100O1O01O01O10OO1100O00001O1O1O010O002O1N1O1N3MoU[Z3
20111017113714Th_7,ZnVj22lo14N2OO11O0001OOO4M_QUU1
20111017113714Th_8,jPYm16io12N4M002N0O1O2O001O001O3M0O3N000O10N11O1O0001O1M3N4M1O3N1O4L1O1O1O2MSo`P2
20111017113714Th_9,bTaj22lo14H`0E3L4M2N4L102M1O6J2M4M1O3M1O3M1N4N0fNSN_TNo1`k1VN[TNk1ck1jNhSNX1Wl1kNfSNU1[l1W101O1000N3O1L3O4J4N3K3O1lNjRN\OYm1`0kRN]OXm1<TSNUOUm1j0mRNTOTm1j0R100N200K5O1I8N6E7NXmZR1
20111017113714Th_10,bVUh1:fo10N6L1O3L202M110N16KOO8I0O7HghlV2
20111017113714Th_11,PWQ[36io11N3N1J6N2O1O101N010O1000O100O2N2N3H7N2N2NZibc0
20111017113714Th_12,Y_oj11no14L2N3N002N002N011OO21N016I013K024K021L13NO08H1N6I3M5J`_XS2
20111017113714Th_13,haeh21mo13M201M4N1N3M2O1O001O000000000000001O000000O01O010000000000000O01O01000O1O100000000O1O1O10O01O0001O10O000100000O100000L4N2K5O100000O10001O2N1N2N2OO2O00O101O000000OO1100O1O1O1O010N200O2N1000000O11N1O10O0001O0010OO20O01O01000N200N100O01M211OO200O1O1O100O100O1O100O1O100N200O1O1O1O100O1O2Mk_Zn0
20111114063134Lh_1,\\jV21mo13N1O1000000O3N100O0000001O10O1O0001O1O102N0O1O1O2N1O2N1O1O00000010000O10O1O0000000CkPN0Uo1MmPN3To1KnPN5_o1O11O3L102N0O10O1N1O1K6Njbce1
20111114063134Lh_2,X]Vk02fo1:L3N2N1O3M2O9F2O2M1O2N2N3N1N5L2M2N2O2N1001N2N00O1000000000000001O0O4L106D^QNmNcn1R19L2N3N1O11O00O1O2N10mPNYOln1o0OO0O101N205J0101OO020N3M101OO00001O10O1O002N1O1O011OO1O1O01O1O0001N2N102N002N002N13OM133I11OO02N002N00001O0000O2O1O2N1O3NO3N0O1O000O100L4O1M300N200N200O1O101O10O001O00O011N100O1O2O1O00001N1On`gk2
20111114063134Lh_3,laTZ29fo12F801M200NO4OON31OL31ON40N020ON201N20N0200N200N200O1OU_Sd1
20111114063134Lh_4,\b^j24jo13N2M2O00001OO110N11OO20N11OO20O0001O1O0M310M3O10001M2000000N110OO2O0F;00N11O10000000000000O100O11N100O101O000001O0000000000OO20000O1O2O1O01O1O0000000001O10O1O0000000000000000000001O01O01O01O0000002N113K1O3M020N0000000000000001O11N04L1O1O01OO1000O1O0100O10OO11000O1O100000000O3M102L3MY^cl0
20111114063134Lh_5,]bVV13lo11O1N4M1L4BEWQN;gn1JRQN:nn1GQQN9nn1=1O1000O01O1O002N0O1O101O1N1O101O001N1000000001O00001O1O2N001O10O1O02M1O3N002N1O2O00O00001O1O000N200O1O1O1O100O3M102N0O1O10000000001O001O00N4N0O3M1N3O1M20102NO3OO03O0M4NOO20N113K011OO0001O10002M00@QQN3kn1LWQN3jn1KXQN8dn1G^QN8cn1DdQN<Xn1DhQN=Xn1@mQN`0in1102MO3ON03OOO1000O0002N0002N1N4L102M1O3M2OZOTQN9ln1EVQN;Yo11M021hPNAin1`0UQNBln1j0N02N00000O2N2O0N202N001O1N1O100N200N3O001O0O1001O000002N0011OO11OO2N01000O01O02OO002N020N1O101O1N004L102NO00000N200N200N200O1OO2000000O1O1000001N2O0001O01O1O0001O11N01O1O02N020N04MO11N1O10O11OO10000O001O10O1O002N01000O11OO11N0100000O11O000O002N002OO1O01000O001O001O01O1O00002OO1O0001O01N3N1O2O1O1N1N2O0O10000000N2O1N2O10001O104L0O2N011OO00010O1O011N011O0O1O02N00000000O2N2O1O1OAgPN8`o11O002N01OcPNEUo1<jPNEWo1b00O20N02N01O10O10O001O01N2O0O10000O1O1000000000000000002N1O2N10O1O01O1O11OO00002OO10O1O010O10O01O1O1O1O2M_W]Q2
20111114063134Lh_6,Pebh21io17N2O1O0O2O00O10000000000001O1O1_PNB^o1a0O1O1O001O0O2O00001O10O0001O10O11N0000001O1O0002N00001O1O000001O1O02OO1O00102TQNUO^n1k0_QNXO`n1U1O11OO020N002N014L0O0018H013MOO20N01000O2N020N020N04M0WOVQN:Po1]OTQNc0Uo1000O1O1O02ZOiPN?]o1O4L005J2NiX[Q1
20111114063134Lh_7,Qg`_28go12M2N1O110N020N010N12OO011OO10001O1N10010OO110N11OO2000O00001O010O00100O000010O0010N20O0001000N020O1O10N20N200N02000O1O10O1O01O1000000OO110N20N11O100000000N20000000000O1O10000000000O10O010O100000000000000O1O10000O1O100000000000O1O100000000O1O1000000001O1O000000002N00000000001O0100O3M001O000001O1O01O1O2N1NbZkV1
20111114063134Lh_8,\eVo04jo13O1000001O003L101N021M13NN22NN022L022M022K040MOoPN^Ojn1j00O4L002M3M4I5MXYgn2
20111114063134Lh_9,QjTm23lo1101O001O00000000O0001000000O1O1000O01O010000O1O102LVVUQ1
20111114063134Lh_10,_khf22mo12O0O1O0100O10000000O10O10O01000000000000001O00000000O100000O1001O000000001NfTiV1
20111114063134Lh_11,mRW`11>1ln1d0O1O1O2N8I1O1N1O0100O01O01OO11O00000YO\QN2fn1N[QN1dn1N^QNNfn11[QNOen1O]QN0dn1O]QN0hn1I[QN7Wo1O1O100N2OQmj]2
20111114063134Lh_12,Y^]S3160ao1:K4N1O1O1N201M3N1N3N2M200O1O0O110N100OJ7O0O3OO1O1O020N02O0L401M30OM40OO11O01OO20OO02OO11OO200M200O20OO11OOK6OO12OO100O101N100N30OM31N002OOM50NO3OO11OO02NO200O2O0O101N011O1O001O00100N020N02N10001O1OO11N011N01000O02N020N110O0010O000M40NO3OO02OI62OO100O011N020N020N02OO101J500O2O0001000O1O01OO20OO01OI701M211NJ700N210O000O2OO11OO110N100N1000L6OO02O0O11M111J33OO02O0000L400O11OO02O0M301L300N200N200O20ON201I7N2M3Oeif?
20111114063134Lh_13,iZiZ21no12K5N1G800N21OM211M03OON40L021OO300L5M]fnc1
20111114063134Lh_14,\_]_24lo11M3O1O1O01O001O00000000000000000000000000O1O100000000N200000O1O100000O100O1000000L4N2N20000O1001O0000000000001O00O1000O10O2OO0010N200N200N201O1O03M1O2L3O1M20000O1O10000000000O01O01000O0001000O1N011L4O1O01O01O1000OO101O1O00010OO11H6HXOZQNi0cn1:0100001O1OO0200N200N200N2O1O01OO2O1N2O0O110M3O1N20NO3OON31J231K131NO20NL60NO30K230I610J510NM50NO4OOC?OO02O1N2OkdfU1
20111114063134Lh_15,\_UU16jo11I7O0L4O1M4O0N110NN30NJ80E:10BZObQNg0^n1[O_QNf0\n1`020N02OO110N0200O1O01001N2N4M00000000000F;N2M2O1000000000000000000000O1O1000N2O1K50000000001O0010O001O00000000000001O1N100O10000000000000000000N20000000000O1O10000O1O10000N20O1O01O100N200N020N2000O1O100000000000N11001N100001O001O1N1KePND\o1;5O100000000O100O2O1O0000000001O000001O1O000000001N2Ngbf`2
20111114063134Lh_16,d]gg01mo17K1N6J2O1O2N2N010O1O\OkPN=To1CoPN<nn1FRQN:nn1FSQN:Zo11O1O5jPN[OK7]n1>fQN_OJ5an1W1L201M126H07H1027F21M1N6J2N>B3N8F3O7F5LU`jU3
20111114063134Lh_17,V`QU15jo10N21OO100N101O02O1M[`Xj2
20111114063134Lh_18,W`[i15ho15L2O101O1O2O1N10O1O7H2O1N1O101Nc_bU2
20111114063134Lh_19,_aif15jo12O10004K100O0O01O1O1O1000O01O0100OO110O1OO2000N11NO20L401J501O0001N3N1J7NX_jV2
20111122063134Lh_1,QeZc02kn14oQN0nm14oQNMim1Z1O1M6J3F<L1N200N1100O01O01OO2O0F:\O]MdSNOMe2^l1e0O1OE_SNYMal1f2`SNZM^l1f2cSNZM^l1e2cSNZM\l1X1dSNA8ROZl1\1`SNmNM29EYl1[1eSNhNN84DYl1]1fSNdNO:2FVl1]1ZTNkN@JVl1Z1ZTNlN@KTl1Y1^TNjN_OLUl1Y1]TNkN]OLWl1X1]TNjN]OLYl1Y1[TNkN]OJdl1n0RTNTOfl1f0]SNXOel1e0]1N1M4N;Ci]mY3
20111122063134Lh_2,YcTT15jo12O3M1O1O11OO04L1O0100O01O02OO001O2M\\ej2
20111122063134Lh_3,[c\U14lo12N100O1O1O1O11OO01O0011N0001000O1O10O11N002N00001O10O02O0O1O1O>B1O5K1O2N000001M3O0N200N200N202L2O1O102L201O001O011OO02N01O1O01000O2N1000O0001O1O020N02N002N002N002N0011N011N020N013M0O5K11OO01O1O00002N001O1O00002N001O1O001O1O01000O00011OO020N02N011OO002OO11OO11OO20OO100001OO0>B11OO2N2O003MO2N1N5H6LjYWa2
20111122063134Lh_4,edTl01no12O000O101N100000000000001O00001O01O1O02N0000002N002N020N00000O2O1N10002N002N002N002N01O000O1O101O001O3M0O101O10O011OO11OO02O007H11N001O10O1O02N0102N0O10O1N102OO02N0110N1gPN^OTo1k0K110OO20O01O1N2N103M0O20OO3ON11O0100OO11[QNAfm1?WRNDjm1b0fQNGYn1;cQNG_n1l00115JO3M1O5]O?MmX_l2
20111122063134Lh_5,ce`X22mo12O2N1O4L112L11OO03OOO5K1O2MoYaf1
20111122063134Lh_6,bfbY26io17J102N13M0N4MO04MO03M2NiXce1
20111122063134Lh_7,jfXc26io11O3N011OO02OO1O011OO0000011OO000000001O1O000000000001000O00000001O1O000001O1O0000000002N00000000002N0000000002OO11N01O2O000O10000O2N010000O1O1O1O11OO2N002N01O1O02N000001000O0000100O000001O0001O010O0O2OmW[V1
20111122063134Lh_8,mf`i05jo13L6L004L003M113L03NOO02TQNZOZn1f0eQN\OZn1V10O6I2O8I1O3<A01M2O8F4M5D:MeWgT3
20111122063134Lh_9,ggbZ21oo15L101M111M020N020N02N01000O00000000000O000100O1OO20N200OO20O001O010000O1O0100O10O00010OO1100O000100OO110N201O1O1N2O00O2O0O100O1O0100O100O2O1N_Xm`1
20111122063134Lh_10,hgl^14ko11O3N1O=C00DiPN0Wo1OhPN2Yo183M3M5M10O101O001OO20N020OO20OO01O1O00020N02N011OO01O1O02N02N0002N02OO11N0011OO000011OO0000100O100NQW_]2
20111122063134Lh_11,_i`c07go14K5M2O;D2O3M02OO0<E0O1O1O2N1O3M1O1O1O11OO10000O1O2OO11N002O0NbU_Z3
20111122063134Lh_12,bjdT33lo12N3N1O3M2N:F002O001N1O4L111M14NN026HO20O0000O6LOO4L2O1O001O001O1ZOiPN`0^o1NO05K101N01O01O1O00001O1O00bS[h0
20111122063134Lh_13,`kXf04ko12N4L3M10102N12M1O0O0000001O0O2F^PN3jo1MSTcX3
20111122063134Lh_14,^nji13io1;H2L6M1O2N110dQN\OXm1d0hRN^OXm1d0cRN@Zm1a0dRNA]m1a0_RNC^m1=aRNC`m1`1OO1O1O11N02OO110N020O01O00O10O11N020OO3ON02OO12M1N9G103MWSNiNjj1V1VUNjNjj1V1SUNoNkj1Q1TUNPOnj1m0QUNUOoj1j0PUNXOPk1g0oTN\OPk1c0PUN_Ooj1b0YTNUO]O>Xl1>ZTNVO[O=U1WOji1]1TUN<a0[NXO<kj1n0ZUN<b0oNSj1j2gUN]M3TOa00Zg1`3PXN^M2TO`02^g1b3gWNaMLUOd01jg1Y3eWNWN`0aNlg1b5oWN`JSh1`5lWN`J]h1\62O3YIQWNV6Qi1hIQWNW6bi1H3O6G4N3M2N7I2N5L1N3M2N2M2O4L2Nh0nM[TN[Nfk1c1\TN[Ngk1_1`TN]Nak1b1aTNiM^O;Tl1m0mUNgNVj1W1lUNfNcj1e0a2M3L4N2K5Ofl^P2
20111122063134Lh_15,TZka25ho18J100O1O10OO020O010O0000100N2000N200N11OO200N200O000100N02000O00001O000N21OM4O1M111M200N200N110N030N0100O2O1N10001O10O00000DCUQN;nn1;01O1O2O00O1O3M1O1K6N2L3O1O1O3M1NVhRY1
20111122063134Lh_16,^^eb2:fo11M5M002N1O3M1O1O1O1O1O1O000000O1000000O1000000O1O10000I60001O1O1O1N201M3O0N4McajZ1
20111124153054Bh_1,RbdW16io11O1iQN9Tl1HkSN:Sl1HiSN>Sl1DkSN=Tl1DjSN>Vl1BjSN?Tl1BjSNa0Tl1@lSN`0Tl1@lSN`0Rl1BnSN>mk1GQTN;mk1GSTN:ik1IUTN9jk1ITTN8kk1JQTN9ok1GQTN9ok1GoSN<ok1FoSN;Pl1HiSN=Vl1EgSN=Wl1f101NK6M3F:00N200O100O100000O_NnRN6Sm1JoRN4Qm1JUSN2kl1NVSN2hl1M^SNOal12aSNL[l16hSNJWl15lSNJRl16RTNHmk18UTNGhk19^TNYOlk1g0VTNWOjk1i0f11O010N200N2O1O2N2N3N3L4M1O3N0O2O00O002O0O2N1O3M1N5L2N2L3Ob0]O2N9H1N3N1Ne^Sc2
20111124153054Bh_2,ZcTo13lo12N100000000O2O001O0O10001O1O0N4N002N0000002N02N0001O10O0010O1O0002N0001O11N0001O1O0002N0000010O1O01O01O1O000002OO1O01O1O002N020N001000O010000O2O001N101O0O2N011OO00011OO001O1O01O11N0000100O01O00000001O1O01O001O02N00000O2O1N1000O1O10002N000O11O0002N0000002OO001O01O001O001O1O01O10O1O00001O10O1O0000002OO1O0001O11N0000011OO000002OO1O01O1O001O1O00001O1O0O101N20000O02N02OO10O1O010O2O0O10000O10000O11OO11OO01O11OO31F^PN7ODao1b0L9G001O011N02OOO20N02OO12M1N4C;MTYkb1
20111124153054Bh_3,nc`g14ko12N3N1N1O2O1O001O1O:F1O1O1O1O02OO001O0100O01O000001O1O01O02OO00000100O00001N2O1O1O1O1O1O1O1O1O010O10O02N001O10O1O020N020N111M020N021M12OO020NO3OOO20OO20OO20N3O7G101M2N1O2O1N102OO011N8IO020OO22M013K111NO20O1O1O002N011M020N122L00<DO13MO24K02e0ZOO2mM^RNg1^m1WNdRNi1Qn1LNO7ML1c0]OO05K1O6J1O4L003MO03OOO2OO11O0000001N10000O2N002M3LdUkn1
20111124153054Bh_4,^e`b1:fo13L6L0O10011NO04MO22M011OO34H24MM13M002N1O2N00000O02OO11N010000O101OO020N111M1nPN[Oin1R1K113K113LO31MO8J0N8JO0:F0010N11N102ON12N0010N020OO20O010N11N011N1N4L1OiVgX2
20111124153054Bh_5,ShX]27ho12L6L102N002OO11OO10O11N1O2N1O01000O002N00100O010O11N01000O1O11OO1O00100O1O1O002N011N000002OO02O0O3M1O3M002N1O2M2NiVS_1
20111124153054Bh_6,ogfk22mo18I004L002N1O2N1O001O1O000001O1O000O1O1000002N0011OO10000O1O1O1O010O1O2M3M2N`WkQ1
20111124153054Bh_7,ihT[17ho12O4K2K6L3N2O2O3L104K013MO13L0110O02NO7K0O5K0O3OOO4NOO3ON03N000O10000O20OO20OO0001000O1O1O001O1O0O1O10000000000O00010000O1O000001OO11O100O1O01O1000O1O100O2M2OPVk_2
20111124153054Bh_8,mmdg27ho12O2N10O0100O002OO11N011OO12N003M00;E105J022L0PTNlNWi1f1mUNdNPj1[1nUNgNXj1R1aUNWO^j1i0`UNXOaj1g0[UN_Odj1`0[UNAdj1`0XUNFfj1:YUNHfj19RUN3jj1LUUN6jj1KoTN<Pk1DnTN?Qk1DfTNc0Yk1^OeTNd0[k1Q20O02dTNiKkj1X4SUNjKnj1g4M013LO2;E1`0DLN6KO021M01eKYUN[3ej1dL]UN[3fk10OO1O10000O1_NdSN\O]l1a0gSN^OXl15^TNmNZO0Yl1Q1_TNlN[O3]l1I]SNa0f1DZk19gTNGkm1N0011OO0001O1O000001O001O00001O1O1O1O2MejjR1
20111124153054Bh_9,mofT12go18N2M3N1O100O100O100O01O01O000001O1O1L4O1M3OgPki2
20111124153054Bh_10,`\_V22ko18J2M5M1M4M3K8J2N4M1O3M112MO3OOO2O004K1O3M1Ob0^O007G3Nabjg1
20111128175514Mh_1,X_XS14ko12N3N1N1O2O1O002N0O10002N002M2O2N1O2M1N4N0O3N002N00000000010O010O01O1O1000O01O1O002N002N002N1O1O002N001N2N100O2N101O00000002N00001O10O10O1O0011OO020N01000O2OO11N001O11N0001O11OO1O2N020N020N0001000O01O1O11OO0AiPN5Xo1IkPN6`o100O001O1O1O1N2NR_ce2
20111128175514Mh_2,i_dg28go12O0O1O2O1O00000000000O1O1O002N1O1O1O1L5N1O1000O10O1O10000O1O1N2000O0001O1O10000000000000000000O1O101O1N1O1O1O1O1O100O1O2O00000000000000O10001O1O002N002N002N10000O1O00001O1O000000000001O1O0000000000000000000000001O1O000000000100O01O01O1O000002OO10O1O00002N0000001O1O0O1O3N0000002N0010O01O010O001O011OO12N0O5K1O6J1O3Mb_]n0
20111128175514Mh_3,aaXc21mo14K7K2N6J2N4L2jN]OlRNh0ol1ZOoRNh0ol1\OmRNj0nl1WOPSNk0ol1WOmRNn0Pm1ROoRNP1ol1SOiRNS1Vm1oNhRNS1Wm1l0O00000O1O102N00dNQSNGol18SSNHll15\SNGbl19bSND^l15jSNL7ZO`j1j0ZUNL4\O`j1g0^UN3WOMZk1O_UN5UON[k1M`UN_1`j1`N`UN`1`j1_NaUNb1^j1]NcUNd1\j1\NdUNd1\j1\NeUNd1\j1XNgUNi1Xj1VNhUNk1_O_MRj1b0aVNo2Xi1oLiVNS3Vi1jLnVNV3Qi1hLPWNX3Qi1gLQWNV3Qi1iLoVNV3Vi1eLoVNT3Ui1jLmVNN]Nn2jj1QMUWN`1XNUORm1h0QSNUOUn1AYRN5ln1MW[_Y1
20111128175514Mh_4,V`Pm17io11M3O1N100O101O1O00000000001N2N10001O1O00000001O1O1N2O1O0010O02N1O1O0020N01O1O02N01O10O1O020N01O10O10O1O0011OO000020N000011OO020N020N01O1O100O1O1Oj^[n1
20111128175514Mh_5,PbXY22mo13M4L2N2N2L3O1M111M21OM4DXO`QNh0^n1=1O1O1O1M3O1M4N2L4M4H8Lm^Se1
20111128175514Mh_6,ZalQ2440`o18O3N00010O10O8H1O\^_m1
20111128175514Mh_7,]c\Y34lo11O2OO01O001O011OO0001O1O011OO02N011OO010000O101OO02N020N002N020OO4NOO20N01000O0011OO000000001000O000001O000001O001O000000000001O0000000000000001O001O00000000000001O1N10000001O01000O001O11N01O1O000010O01O0000001O0O2O001O1O1N2NU[_?
20111128175514Mh_8,ecnZ13mo100100O002N002M2N4M8G3N0001O010O100O4L103MO02N1O1O1O1O010O1O1N2Of[ob2
20111128175514Mh_9,Qd`Q3c05Ghn1<TQNGin1k0M2N3N1M5L2N7I1O4M1O2N1OcNcRN:Zm1EhRN<Um1BQSN?jl1BXSN=gl1ZOcSNh0Zl1WOhSNh0Xl1XOjSNh0Tl1XOmSNg0Sl1XOQTNh0lk1WOUTNj0jk1VOZTNh0dk1XO]TNg0ck1YO`TNf0^k1ZObTNf0^k1ZOeTNe0Yk1[OhTNd0Xk1\OjTNd0Tk1]OlTNb0Tk1_OlTN`0Tk1@lTNa0Sk1_OoTN`0Pk1@PUNa0oj1@QUN`0nj1@SUN`0lj1AUUN>jj1CVUN=jj1C[UN8dj1I\UN6ej1J`UN0`j10aUN0^j10eUNNZj13eUNM[j14iUNGWj1:iUNEWj1<f21O1O002N001O1O0000001O1O000000O1O1O1O10001O001O011O0O4NOO11OO00011OO011OO1000O01001N11OO101OO02N111M011O002N009G112LO5OMO3OOO20OO3NO10O1O02OO1O102ON110N022L114J113K101OO3O0O5L0O4MOO4N1M5MO011NO13MO12OO6KO012L110O1O1O011NO05L02OOO7K0N3L2N7I2NbWkc0
20111128175514Mh_10,aeX^15jo12O1O1O1O1O1O1000O02N011OO11N011O1O1OO10001N1O7I2MjYS`2
20111128175514Mh_11,lgnS33lo14M0O3N1O1O1O1O002N002N011OO11O002NO11O0000011M03OO020NO3OO020NO3OO011N020M020N12N0011M021M110OO11O01O00O10O2N1O2N1O2N1O2N003M1NoUog0
20111128175514Mh_12,ahhl2<co13L7K1O3M2O2N003MO3OOO7KOO200O01O010N04MO12M10000010N101OO20N020OO11N11O0O110O02NO20N11OO11O0001N1O2N011OO11OO001000O03M104L0O2N10000O1O011OO0001O1O1000O02N100O1NfTSn0
20111128175514Mh_13,QPcg23mo12N0O2O1O00000000000O1O2O1O0O100O10001O00001O0000000XOEkQN;Tn1GkQN9Tn1JjQN6Un1KkQN5Sn1OkQN0Un12jQNMWn16fQNJZn17eQNI[n1<^QNFbn1k01O2O1N2N5K2N5K2N3N1O0O2O2O0O1O1O1O1O00002N004K3MSPcT1
20111128175514Mh_14,]Pkk21mo15L2O1O1O001O001O01O1O000001O10O10O1O0001O10O1O01O1N101N4M1M[oVR1
20111128175514Mh_15,\UYX25ko11O2N011N011N0010O10O001O1O001000O0001000O0001O1O01O1O00002OO01N2O00001O1O000O2NTjTe1
20111208173814Mh_1,\]`m16io11O101N2N1O1O1000000000000000000000O010O010000000000000000000000000001O1O00000001O1O001O00001OO10100O00000000001O10O1O0O100O101O001O0001O1O0001O001O0001O1O001O1O002N002N001O1O00002N011OO02O1O1N110N1O2N02OO10O1O1O1O1O1N3M1000001O1O01O0010O1O01000O0001O01O00001O0001O00000001O010O01O000O1O100001O1O0O1O1000000000O2O1N10001N2M2O10001O1O00000010O10O0000001O1O000O100O2O1O000000O2N2N1000O2O0O101O1O1O1O1O1O000001O1O00O1O100O01O10O1O1O10O1O010000001O000001O1O000001O1O000010O01O000O01O01O1N20001O1O01000O02N020N11O01O1OO20OO02OO11N002M102N1O2O0O1O10O1O02OO1O01000O00000O200O00010000O1O000001J6N101O10O10O11N002N011OO00001O1N1O102N0002OO1O0002N0000010O01N101O1O01000O002N0011OO02N11OO1O10000O110O000O02N011OO01000O1O11OO02N101O0O20N210N005K102L021M110N04NN02N011OO02N002OO11N011O1O1OO04NN03OOO4NN05MO12NN04N0N20N031MO20N020O03M001OO03M1OT]_X1
20111208173814Mh_2,g]je23lo15L002N01O10O1O010O10O0000O1O100O00010O1O10001O001O00000000002M1O101O1O002N0O3M101O000000O100O1001O0O1O100000000000O1001O0001O0010O1O00000002N0O2O1O00002N0001O01O10O1O11OO2N10000O1O01O10O11N002M1O3M1O3M101O1O1O1O01O1O1O1M3O0O2O100O1000O3N000000O2N101OO02OO11N001O1O6J1O1O2M3N1N4M013L013L002N2N2N002N1O3M0O5K2O3M2N2N02OO11ZOcRNeN]m1[1dRNdN^m1Y1eRNfN[m1X1gRNhNZm1V1hRNiNXm1V1iRNjNWm1V1jRNiNVm1V1jRNkNWm1T1hRNmNWm1S1iRNnNXm1Q1gRNPOYm1P1fRNPO\m1n0dRNSO\m1m0cRNSO^m1o0^RNTOam1l0]RNUOdm1m0URNWOlm1^11O1O2N002N002M1O3N002M102M3N2M1O4L2N3H8N1N2N100O3I5O2M3N2O1Ne_Sm0
20111208173814Mh_3,edj[12ko16L1O100N3M2N20OO2O1I600N2000O10N012N02O0O100N3O0O11N011K401O0lLUOUWNk0jh1XOSWNh0mh1YORWNg0oh1[OnVNe0Ti1ZOkVNf0Vi1ZOiVNe0Yi1[OfVNe0[i1[OaVNh0ai1WO^VNc0_MYOUl14XVNe0oi1[OPVNe0Qj1[OoUNd0Qj1]OnUNc0Sj1]OmUNb0Sj1_OmUN`0Tj1@lUN?Uj1AjUN?Wj1AhUN?Yj1AfUN?[j1AdUN>^j1BbUN>^j1B`UN>bj1B]UN?cj1BYUN?ij1BUUN?kj1ARUNa0oj1_OoTNb0Rk1@fTNd0\k1\OcTNd0^k1]O^TNe0bk1]O[TNd0ek1]OmSNHVOk0ol1]OkSNn0Vl1SOgSNm0[l1TOcSNl0^l1VOYSNP1hl1QOUSNP1ml1QOjRNU1Xm1i00O1O3M1O2M3O0O1O3M1O2N2N2O1N3M1O4J4L5H8L7_O=L]_[^2
20111208173814Mh_4,hcRR15ko18H101O0O3M200N1O10O10O1O001O1O011OO00010000O1001O0O10000O1O1O101O1N2N002N0011OO000000001O1O01O1O0002N01O1O00001O1O01O10O1O000011OO1O10001N112L1O3M111M2N3M1O0002N0001O1O0000000001O1WOQQN?on1@SQN?Qo1\OQQNc0Wo1O000O2M3N1O1O1000100O01O00001O10O1O0001O11N0010O010O0001000O01000O00001O10O1O11OO1O1O2N001O1O1O1O01O02OO02M_Yed2
20111208173814Mh_5,WdTj24ko120O01O10O02N0O1O1000001O1O0001O000001O1O000000100O0000010000O3M0002N01O1O010O01O0000000001O0000001O001O0O3M2OY[[R1
20111208173814Mh_6,fdXb27ho12O4L012N02OO020NO3ON111M021M1O2O002M113K020N11OO020OO100O100O1O1O1O2O000O11OO2N0020N11O002ON110N022L039E100N11OO020OO2O002M1O11OO1O1O01000O0011OO00011OO020OO3O1N0000001O000000002N00000011M011OO20N111M03OOO3M1O2O0O3L[WmV1
20111208173814Mh_7,Xe\e05jo12N3N002N00001000O00000001O00001O00000000010O1N1000000N20000O1O100O1O10O10O1O100000000000001O00000000000000000000000000N3N1J7N10000N200000001O0O2N1000lZkU3
20111208173814Mh_8,Qe`W33mo11O1O1O1O002OO02N011OO2OO11O0002N001O000O11OO101O0O1O110N011O001O010N020O011N011N02NO110N111M12OOO11OO1O1O3E9OZYod0
20111208173814Mh_9,Te`h25jo19G8I104L013K04N0O5MNO4NOO9IOO11OO20N011OO02OO11N031MO20N117G120NO20OO20OO22L024LO16I020OO5KO09F2NWX[T1
20111208173814Mh_10,ceX[24ko12O1O001O001000O01O1O102NO01O1O00002OO11N020N101O010O02N0110M110N022L03OO018G03M002M101OO04NN020N020OO30M110N04NN111ON11O100N021OO10N120N012MO3L111O0O20OO20N1000O20N01O101OO2O1OO02O002M112M001OO21N001OO20N01O1O1000O0002N01000O1O1O1O1O001O11N02N0002N00000000000000001N2O01O01O1O002OO1O01O1O01000O0001000O00O2K5N10002N0000001O001O0000001O001O01O10O010O01O01O001O1O0001O1O1O100O3M002N11OO02OO0100O02N002N1O1O1O001O00O1N2O0O110N110O001000O1O1J411O1O01O101M2N3I7NmU[V1
20111208173814Mh_11,egX_34lo11O3M100O11N011OO02OO11N001O1O00100O0000000OoWY?
20111208173814Mh_12,ThP^12no11O1O01O1N11O2M2O1O2OO00000001O00O101N1O2MjWc`2
20111208173814Mh_13,fjlm01mo14N1N1O101O1O002OO1O001O0100O0001O10O0010O1O00001N2O0O3NRUYP3
20111208173814Mh_14,lPU`22mo12N2O001O001N100O1000000O1N3N1N3O00000001O1O000000O2N2N1O102N01OaQN_O_m1b0_RN@am1b0ZRNAem1`0YRNBfm1a0TRNCkm1?RRNBom1Y1N002N000000N201O0O1O100O100O2O1H7L5J6N2UOVQN=ln1@WQN>Zo1K103M1O2M3M_nf[1
20111208173814Mh_15,nVYc28ho14J7K1N3M1O2N1N2O0L5O1M200M211L120N111N01O011OOO200N3O1M3O1N200O1O1O1O1O1O01O1000O00010O1O1M4N2H7O_jbY1
20111208173814Mh_16,ZXi[24lo12N2N1O3M011OO20N03OOO20OO3N000O1O1O1OSgnb1
20111208173814Mh_17,c]ma15jo12O1N1O10000001O10O1O0000000000000O100O2O1O000000001N2N100000000000000O1O1O100O001O01000000O00001O100O1O000010N011N011OO110N200N11OO20N10001O1M120N020N011O00001O0N210M2000000M30000O1N1O3O01O0000001OO100O1O1ON310M20001OO11O00000O02I4200000N3O00N3J5M4O1O1O0001L202N20O00100O00001O10O01O01000O1O1000000O1O10000O1O10001N100O100O001L4O00001O10N20O1O1000000O1O100O1O1000001N2NWf^R2
20111208173814Mh_18,h\[Z22mo13N100O1O1O00001O00000001O1O01O000000000010O1N2OScRd1
20111208173814Mh_19,\]cQ23ko14M2L3O1CGRQN<ln1ESQN;mn1<0000001O1O00002M1O2N2N1O1O1O1O1O1O3L3NPcfl1
20111208173814Mh_20,Ydea19fo12O4\PNC]o1c0M2O0O2N002M102N0O1O2O1O010O0100002M02O1O1N1O1O001O1O1O1O0O100O101O001O001O1O0001O10O000100O001O001O00001O001O000000000O2O010O0O2N2O0O100O1001O1O0001O1O00001O1O000000000N200000000001N2N2O1O1N2N101O1N1O2O1O001O10O1O00000000N200000O1O010O100O010O100O100O1O2O000000000000O2O000O1O1I8H7N3NR[VU2
20111216103234Ch_1,k[hg13lo12O1O1O1O00000000001O1O000000001O1N1000000O101N2O00010O2N1O4L000000O1O1O000O2000000O10O100001O0O101OO10000000002N02N010O001N11O001O001O1O1O1O2O5KO0000000000001O1O2N002M101N2O2N002N1001N1O4L1O1O010001M110O00O10000008G2M[c[Q2
20111216103234Ch_2,W_fV23jo15N1N4M020OO11O00000O2N11N01O100O100O3M1O2N11N0000001O10O1O000000O1001O000000000000000000000001O11OO1O000000000000000O1O1000N200N11O10O1O01O100O1O100N20000001O1O01O001O00O1O100O1O10000000000000000000O2EgPNL[o12gPNKk_mb1
20111216103234Ch_3,lbPZ1>`o14H9M1M4N1]MA]UNh0_j1ZO_UNg0Zj1LXUNEgNFmk1h0ZUNAmNEek1o0YUN[O\OCXk1S1[UNYO@DSk1S1mTNF5WOmj1S1mTNG7VOkj1W1dTNCh0VOcj1Z1aTN@n0VObj1_2bUNaM^j1]2dUNbMbj1T2eUNiM\j1U2fUNkM]j1l1iUNTNXj1i1jUNWNXj1Q1_VNnNai1P1aVNPOai1g0fVNYOZi1f0gVNYOYi1c0nVNZORi1f0oVNXORi1b0X302J5O2H9Mf_kc2
20111216103234Ch_4,^`l`26jo11M3N2J6N1O1000000000000000001M3O0N200O1O100001N2N1000OO11O000O2O0N30O01O101O0N3O000O1001N10002M102N00001N2N10000000000001O1O01O0002N01O0000001O1O001000O01O10O1O1O1O001O1O0000000000000O1N0100ZOg0O1O2NU`kX1
20111216103234Ch_5,`fl[27go12N200N110O001O001OO11gMHZSN1B5b02bl1JXSN2A4c00cl12RSN<:Bcl14PSN<<Abl1\1[SNeNdl1\1[SNdNdl1^1ZSNcNgl1]1XSNdNgl1_1USNaNml1_1SSN`Nml1W2300M3OO020N11O10O1O2N2NEmRNkMRm1T2QSNkMnl1R2XSNlMhl1S2[SNkMel1Q2aSNmM_l1R2h0L400I7O1H700oNdQN:an1F`QN9`n1DdQN9_n1GbQN7_n1FdQN8_n1FcQN9Uo1K4N2K4NQ\c`1
20111216103234Ch_6,bcn`0242`o1801O1N104K2M6K2L9J1N4M22`0[QNZNjm1P201M006I106JO08H02jMmRN^1Rm1RNQSN1Om1im10N120NO7cNTRN;jm1BYRNEI=Tn1BXRNNN;im1EZRN0N:^n1EeQN;Zn1BhQN?ln14K2N9H1N2O01O0O3I5N4I5O1O1O11O10O001N10001O1N2NXY[[3
20111216103234Ch_7,\eRd12[o1g0K2K5N2N]O[QNNdn10_QN0`n1KiQN3Un1MmQN2Uo1L0010OO11N002OO11OO1O01O10O11N01O1O000001O0100O1O1O001OiYcY2
20111216103234Ch_8,hiTf02no11O1O1O1O002N011N0O2O1N1O1N2O1OO2O1N20O0010N20000O1O01O1000N20N020OO20O10000001O1O000001O11N0002OO11N013M0O3M03OOO4NN11OO11OO020N01O10000O02N020N02N011N00fUoT3
20111216103234Ch_9,XZ[d04lo11O100O1O2M10001O1O10000O1O002N002N002M1O100100O010O2N1O4L003M10O1O02N001O001O00000000000001O1O0000000O1O100O1O100000O1O01O1O00010O100001O1O5J1O3N1O1NUelV3
20111216103234Ch_10,d\gb22jo17M1K`0D0N6L0O3N1N2O0OXOYQN;en1D^QN:an1EmQN1Qn1OPRN0om1OURN1hm10XRN0gm1O\RN2am1MbRN2^m1GkRN9Sm1EoRN;]n1N003M1O^bf[1
20111216103234Ch_11,lgi_18go12N20O2O0O4M0O1O1O1O00001OiWZ_2
20111216174914Mh_1,i_T[27ho12M3O1O1O001O1O0001O01O10O0000000000000000000000000000O1O10000O1O10000O2N2O0O1O100000000000000001O1O0O3\OmPN5bo1MP`_a1
20111216174914Mh_2,Y`fb21no13N0O3M102N0000001N1O2O0O1O100O1O1000001O1O002M1O3N0000000O1O100O1O100O1O100N11O1000N20O1O01O01O10000N3O001O000000001O001O00000001N1O10001O0000000O100001O0000000O1O10000O1O1000000001O1O00001O1O01O1O01O0002M1O2F:O0O1O2O1O0O1O2O1O000O3N1NP`kU1
20111216174914Mh_3,^bd]13Vn1N^SN6]l12ZSN4cl1N[SN3dl10cRNg0]m1ZOaRNf0^m1n01O0O101M3N2L4O3^OfQNoNgn1l0<ZOf0JX_Wa2
20111216174914Mh_4,\abk22no12N2N001O1O002OO1O01O1O01O10O1O01O10O1O01O1O00100O001O1O0O2OW^_R1
20111216174914Mh_5,]fd_27ho11N200N20OO101aMLVTNJZO?_l1ITTNL[O;^l1LPTN1_O4al1MlSN3A0bl10^SN`0KCfl1O]SN`0KAil11WSN\1il1fNTSN\1kl1l01O10000O1O10000O1O1O1O1N110K401M4N2L3O1O2N2L3O6G5M6D9M3M2O1K500L4O1K6N5CZ\Q]1
20111216174914Mh_6,cing01mo14N0O2O0O2N1000000O1O100000001O00O10000000000000000000000000O100O100000000O000100O1O10000O1O10000000000O1000O10001O01O0001O100O101N020OO11N010000O0100O010001N0010000O1O2M1OUVcR3
20111216174914Mh_7,j\ae24jo14L5L2L5N0N4M1J8I5L4O2O0000O1O2E:O2K5M3K5N4DRdPY1
20120107063134Lh_1,Z\Xi14ko12F:N1J6N3J6N2L6M0La0dQN[Ncm1g1ZRN[N[m1P2bRNWNXm1Z2H9M1L4O0O2O0N300NlMcSNi0]l1VOfSNh0Zl1nN[TNg0ek1XO]TNg0ck1WObTNf0^k1ZOcTNe0\k1[OPUN:oj1FRUN:mj1FUUN;hj1EZUN:fj1C]UNd0[j1\OfUNe0Xj1ZOPVNd0li1\OTVNf0ii1YO[VNj0`i1VOaVNj0Yh1kN[VN9g1e0kg1TO^VN6h1e0ig1YO\VN1m1g0dg1ZO^VNNP2g0ag1]O^VNLR2f0`g1_O]VNKS2f0`g1DVVNHZ2c0ag1ESVNI^2`0`g1ImUNIe2=^g1KkUNHh2<^g1NhUNDn2:\g13dUNCQ39]g1e0gXNVO]g1i0cXNVO`g1f0gXNTO[g1k0gXNRO_g1g0dXNXO]g1f0eXNXO_g1d0cXN[O]g1e0cXNZObg1b0`XN[Obg1e0^XNYOfg1e0j305K3M2M3M3KUfaR2
20120107063134Lh_2,b]PZ14ko11M5N0O1O2O1O1000O2N1000O020N02OO1O00001O1O01O001O000020N012N0O01000O110O001O0000O11N01O1000002N001O0O1O1011N106I001O00O2N4M1O4J2Ng`ka2
20120107063134Lh_3,V^nh23ko15M1O5K1O1O000O2N2O0000O1O010N3O000O1O10000O2O0010O0000000O1O100000000001O1O2N00001O1O002N1NfaST1
20120107063134Lh_4,R`T_1g0Yo11N2O101N110O04MO05<_O021M01O1N3M1N9F4M5J3O1L3Oc^[_2
20120107063134Lh_5,bbT_14jo13I7OON3O0ON400M200O200N202Ln]m_2
20120107063134Lh_6,[c`U32mo12O001O0000O100001O1O00001O1O002N0001O1O01O1O0000020N000002N01O1O02N0002N001000O0002OO1O01O1O0000001O001N1O100O1O1M3O10N200O1O1000000000002N001N2N2O1O0O1O2O1O01O02O0000O010000O10O10O1O2Mo[cd0
20120107063134Lh_7,PhV?:bo18dPN@on1b0nPNB[n12lQNh0Sn1ZOjQNh0Un1b001]O]NeRNe1Zm1]NeRNc1Zm1_NcRNd1[m1]NdRNd1[m1^N`RNf1`m1>N3M3L3O0O1O2M201M2O1O2M2N3O00O1O0O2O0N20N^O^SNkMcl1T2_SNjM_l1R2j0O0L50N020N030NYO^RNROcm1n0^RNRO]m1Q1eRNlN^m1R1dRNmN\m1S1h001O1O1O1O0M4O0N3OO110N200O1O1000O100O00001G9O1O001O001O1O1O01O010N020OO101L4OON4N2N20N0200O1OO2000O10O0010N11OO20OO101N200O100O1Oo[gY3
20120107063134Lh_8,ae\h17ho12M7J2O1hPN_OPo1a0mPNBUo1d0003MO01N2O0O2O1O002N002N0020N020N020N110N100000O102N0O1000O00002N004L1O8I000O000001N1000001N1O1O1O1M3O1O1O10000O1O1000000000000000000000001O1O00100O01O0000000001O1O002MUYmQ2
20120107063134Lh_9,QjPl12lo14H6O1ZOd001000010000HUQN[Okn1d0WQN[Oin1d0XQN\Ohn1c0YQN]Oen1d0<0O2N1O001J5001O1O2O0N`W[R2
20120107063134Lh_10,hiZ]32io17M1M3O1M3O1O1O1O1O0O101O1N110O100010OO1O3N1O1N2N4M0O1O1O1O1M4N10001O00011N011N1O4L110N1O2fRN[NVl1e1hSN\NXl1f1fSNZNZl1g1dSN[N[l1f1dSN]NYl1d1fSN\N[l1c1eSNfNSl1Y1mSNhNSl1W1kSNoNRl1P1nSNPOSl1P1kSNSOTl1n0iSNSOZl1Y2O12N0010N020N1O01O1N100O2N2O002M1O>C1N3M2N9G2N2N2N2N101N2N2SOkQNLWn1HWRN4mm1DZRN9gn1O3N0O3L4MWTg<
20120107063134Lh_11,]ndb0;do13K<F2M2N3H7O2M2O1M3O2NiNlQNd0Tn1[OoQNb0Rn1YOXRNb0im1[OZRNd0fn1G5N[QW\3
20120107063134Lh_12,joXi18ho11M5M002M2N2N2N2N3M3N002N1M3O1[OQOSRNT1lm1nNPRNT1Pn1BmQN0nm10SRN4hm1JZRN8dm1H\RN9cm1E`RN;_m1DcRN;]m1BSSN1ml1OTSN0kl1M[SN3cl1M]SN4cl1GcSN=Wl1BjSNa0km14J11O0O3M004L2N6J003L2N3K3NfnnS2
20120107063134Lh_13,_Zek19fo1102M104K2O3NO0001OO110O01O00001O1O2N1O3M1O1O1O1O001O1O001O3M2N2N01O1O0O1O00001O1O1F:O1M21OO2000O1O2O1M4M1L5N1000000O1O0100F\QNWOdn1i0_QNSObn1m081M2O1E9201O2O0O100O1O1N2O1N2O1N2N2N201M3N1M300N200N200N2000000N11O01O1O1O1O1Oefjm1
20120107063134Lh_14,`\mi1:eo13M5L004L004MO11N110N13NO020M031M006J0O2N1O1O11N01=B1O8G2NWbVT2
20120107063134Lh_15,o_aQ1<co12[Oe0O00O102L3O2H7N3K3O3M10000O100O100000001O1O001NZ`jl2
20120111191454Bh_1,bZb[15ho16L2M3N1M3M4L4N1O2O001O000ZQNVOVn1k0hQNVOXn1Z1O1O0001O000000O100L5N2N1O1O2O1O4L1O1O1000003M0^RNkMWm1a2N1O1N1O10001O1O001O1O000001O10O1O011O01O1N1O100O102M1O3M1O2N1O2N1O2M1O100O1O100N200N200jNURN6lm1I]RNOdm1N_RN0am10aRNO^m11jRNHVm17lRNHTm1NWSN1jl1JZSN6Xn1000000O1O100000O2N2O001O1O00001N2N10;E1O000O10001O0O2O4K2N2N1O2O1O0N4N002M2N4M2M4K3L5N0O2N2O1N101O00O2O0O100000N200N20000000O1O2O1N3M101N2N2O1O00001O1O0O2O1N100O2O1O0001O011nQN[Nfm1o100002M102N1O1N10100O01O1O2O000O02OO12M1O000000001O1WNnQNb1Yn1O10O1N1O101N2N10000001O1O0O1O2N2N2N2N100N3N2N2O2L3O1N2N2O1O1O001O01O1O000000000000001O0100O010O010O0001O1O0000010O10O002N1O1O001O00000001O001O002N00<C2O4L1N5K101O00O1N3L4N4J4N1G800J7O002N101O1N1O100O1O1O2N2O1L4MZboP2
20120111191454Bh_2,[ZT\24ko12O0O1N2O100O1O100001O1O001O1O00000000001O1O0001O1O001N2O1N2O1O10O1O011OO01O1O01O1O0011OO1000O11N011N102NO20N01O1O01O1O001O1O001O1O0101OO101N1O001000O20OO20OO02OO11N02N002OO02OO1O1O002N002N001000O001000O01000O1O1O1O1O2N2M2O3M1O1O010O11N1O1O001O001O1O1O1O1QORQNj0So1O10000O00010O100O1O1O2O000O001O0000000100O000001O0000O101N6K1O1O00000100O01O1000O00010O10O01O2N1O1O10O1O0000101O03ON02M101O0O01O10O1001O00O10000O11OO13MO02N008H101O03L105L001OO00O0O2O1O001O1O1O10O01O10O10013L0O10000O01O1O4L2N2N1O11N01O0010O10O1O01000O0020N0100O010O11N020N0000011OO02N020N010O011N1O2OO10O10O1O01O0100O02O0000O7JO01O0102N0O001O1O1O2O1N8JWOjPNe0Yo13M001O001OO4NOO8J0O11M022L040L12N001OO022M001O00O003OO0lPNAfn1n0O001O0O2N15K1O;D1O4L1O3M1O3L2Nm\om0
20120111191454Bh_3,mZdT13<7jn1LTQN5kn1e0K004L1O1O000000O1O0100OO20N2M3M300000001O001O002N001N2O0O1001O1N2dNcQNR1in1L2N2K4N2C=O1N3Oodch2
20120111191454Bh_4,X_fk02jo16M2F>J2N8I102N015JO40MO41K121M0O6J11mNdQN`0[n1[OkQNd0kn1ON13L104L0O3OOO3NO11N2O000O20N2O000O00000001000O0102OO00O001O0100O020OO13L002OO110N6J004JV^UP3
20120111191454Bh_5,n`^^22lo1201O1O002N00001000O000002N000001O001O01O1O002N01O1O02OO1O001000O001O1O11OO002N02N0020N020N111M013M0O3NO20OO000002N00^OiPN=]o1O3N000O101O002M004Jd]U]1
20120111191454Bh_6,dc^k24jo14L3O1O0O11O00000001O1O011O0O4M01O001N0020N04OM110N020OO100001OO14MO03M011M12OO0010O4NNO3ON031MO3OOO20N030N02N002M1O6IWZiP1
20120111191454Bh_7,ahlQ25jo11M5M1E;N2I7O1[OVOQRNl0nm1WOoQNj0Rn1b0O1aN_N^TNb1^O`NUk1O\UNc1^O_NTk10QUNn1HUNVk1NPUNn1JUNSk12eTNV24kM`j1BfUN>_OAOg2<hM^j1FdUNZ3LTM]j1CgUNZ3IUM_j1BfUN]3CWMfj1^OdUNZ4[j1gK_UN_4`j1cK_UN]4`j1b0O0010O1001OcMdUNWO[j1h0gUNWOYj1OdUN]N`0[1ji17hUN\N`0\1hi1EkUNcNY1i1kh1CeWN>Zh1YOQXNQOQNm0mi11UXNoNoMQ1ki1OXYNGgf18[YNHdf1BjUNLm3?Xf1EmUNJm3`0Uf1EiZNLXe13iZNLVe16Z5O1O000001OO20N0200N11OO200O01O0100N200000N020000000O00010N20O1O10001O1N100O10V\kh1
20120111191454Bh_8,Vdd]22mo12N3N10000O1O101OO02N111M002N020N020N111N002M03N002M1O3M1O1O1O00000000001O0010O0000O2O1O1NlZ__1
20120111191454Bh_9,feP`26jo10O3N0000100O0100O01O01O001O0000000000000000000O100O1000000000000000O100O10000000000002N01O1O0000O100O10000000O1O10000000O1O01O10000O1OO20O1O10O1OO20000002M1O3M]ZmZ1
20120111191454Bh_10,bf\e02no11N4L111N1O100O3M022L022L111M115I313I04MO04L002M2O3]OTYmX3
20120111191454Bh_11,nkhV23mo12N5K00d0hPNWOQn1j0mQNXORn1k0dQN^OZn1U1O2N1O00000002K3O2L4N1O1O1L4O6K11N2N01O1O0O101M3N1O2O1O003M1O2N002N001O001O002N1O10O10O1O01O1O000001O1O0001O02M103LlRUe1
20120111191454Bh_12,_XQl12mo12M201K5L3M300O100001O0O101N2O1O001N1O1000000O1O1000000O1O1000001O1N1OigfQ2
20120111191454Bh_13,b`cc06ho1201O1N1O0000O20OO11O0001O000000001O000NQ`R[3
20120111191454Bh_14,PlQS21no12N1O1O1O100001O000O2N1OTTTl1
20120115063134Lh_1,XZbi13eo1;L2N2O1L4N1O2N1N3O0N2O1O100O1O10000N2000O1OO20O1N100100N20000001N2O0O101O1O0001O0001O1O0001O000000O2O001O01O01O1O001O1O0000000000002N0002OO1O012N0O2N0011OO000011OO2N1O1O100O001O000000000001O01O0002N01O1000O010O11OO11N012N0O1000O1000O01000O01O1O01O00000O1O2N1O1N3OQeSn1
20120115063134Lh_2,k\lh13lo12O2N1O001O10OO1000001O1O000001O1O001O1O0000000001O10O11N011OO11OO02N020N022L022L002O002M1O4L1O2O13M1M6L0O02ON24K02NO02N002N007GaaQS2
20120115063134Lh_3,\_Zn14ao1?K1I9M2EUO\QNo0bn19O100O1O101O0O2N0010000O15LOO3N002M012N0010N12OO010N11N002N002N0020N02OO10O10000O100O100O1O1O:F2N2N1O2N1O02N020N0001000O020N002OO11N002N00000001000O011OO00010000O10O11N011O02OO001OO4L1O3NO10O1001O010O01O004L0O1O1Ol]cj1
20120115063134Lh_4,PnPd06ho13ANlPN6Qo1>L3O1M3N2C<01L3CbNWRNa1em1>00VOQNZSNZ2el1hMYSNY2el1a001L4O1MnNcSNhNPl1TORTNS21gNik1^OnSNm1c0]N^k1o1eTNoMXk1R2oTNiMQk1U2RUNjMij1W2_UNdMQj1KSUNa2n0bMhi1;RUNQ2al1RN]SNn1`l1H_SNcNel1\1bSN]Nmd1\OTbN\2k^1fMSaNZ2m^1iMm`NZ2T_1gMj`NY2W_1hMb`N\2`_1eM_`N[2a_1gMU`NP2gImMWf14m_NR2nIhMVf1:f_Nl1l`1VNQ_Nj1Pa1XNk^Ng1Ya1ZNf^Ne1[a1\Na^Nd1ba1]N\^Nc1fa1]No]Nk1Tb1TNk]Nm1Wb1QNg]NP2\b1nMc]Nf0PKN`g1\O\]Nd0\KWOI1_g14\]Nc0_KUOG4_g15V]Nd0YLUObf16T]Ne0\LTO`f19`\NS1SMbN_f1;\\NS1VMaN`f1<k[Na1ie1_NVZNa1le1bNmYN`1Uf1`NiYN`1Xf1cNnXN\OhMV2[i1^NlXN^OgMU2^i1]NjVNYOZ1k2og1lMeVN[OZ1j2Rh1lMaVN]OX1i2Yh1jM]VN_OY1f2ah1jMnUN1Q1V2Ti1eNjVN\1[i1_NdVNa1^i1^NaVNb1bi1\NoUNhNGm2\j1[NkUNS2Wj1h13O1N2N100O1O100VKVUN]4kj1bKWUN\4jj1cK[UNX4gj1fK\UNW4Zk1J3O3K3O3I5M9C7O9C5O3K3O2M3N3H6bNXRNb0Rn1lN]RNm0fm1PO]RNn0\n1M3O0N202I5O3I6NfZSU3
20120115063134Lh_5,Rc`T14lo1002N002N002N1O1O00000000000O1O100000O1O100000O1O01O100N200O1O1000000000000001O10O11N0001001N101OO02OO1O002N011OO000001O1O01O001O01O001O01O1O00000100O01O0000001O10O1O000001O10O1O01O1O10001N11OO200N020OO3ON02N01O1O020N020N000011OO01O001O011OO1O1O0010O01O0O10000001O1O0O1O100000001O1O000000000001000O02N01O1O00000O100O102N00Z[[a2
20120115063134Lh_6,nc^f14lo13L2O4K10:E104L004MO12N021MVOTQN?[o1L1OO10O1O000001OBePN8Zo1GhPN8Yo1GiPN8Vo1HjPN9`o1N01000O01O1O01O10O001O011O0O3M020N02N01000O0000001O1O01O1O02N0001O1O0001O10O1O02N003OOO000000000001O001O0000O2NVZ[T2
20120115063134Lh_7,Zf\Y38go12L6K2N5M1M200N20OO010001O10O00001N002OO3O0N3N2N2O2L3NXZkd0
20120115063134Lh_8,_g^Y31no1100N3O1N2N2O001O000000OhRNLfj14VUN3hj1MVUN4mj1JQTNKF?Yl1GmSNMH=[l1IhSNOI9`l1HeSN5E4fl12nRN;5Dml1Y1oRNiNQm1R22N3L4N4I4N3L3O4K3M5L1O2N103MO010000O1O8I001N10O100O9G0O2O1O000000000O2LSOnQN3Pn1MRRN2km1M[RN2dm1M^RN3`m1JfRN4Ym1LhRN4Xm1ImRN5Rm1KoRN5Pm1KSSN5kl1JVSN6il1G]SN8bl1H^SN9`l1GbSN8^l1GdSN9[l1GfSN9Yl1GgSN:QO[Ojl1:WTNi0gk1VO\TNi0ck1VObTNg0^k1WOdTNh0[m1O2N3L2O3L2O001OO11N1O101N1O4L3MPUg`0
20120115063134Lh_9,XXa`02mo12A2gPN2Wo11fPN0Yo1<O1N3N2L5M3E;L2B`0M1O3M1O2N2L3O1M21OM12OM2200001O100^OeM]SN]2bl1eM\SN\2cl1b0NZN[SN3cl1IkSNZOIEZl1P1PTNZOFFUl1P1dTNmN\OOQl1m0mTNQOSO2nk1i0`2O0B?0OM5O1K5O2J^k`\3
20120115063134Lh_10,ZXeR15ko11O2N1O3M002OO11N01O1O02N02N001O1O01O1O001000O11OO01000O0000011OO000002OO1O01O1O0O1O1000O1O1000N20N2000O1OO2000N20O1O01O10N200OO20O10000000O101N2O0O3M[gbh2
20120115063134Lh_11,_^Yl23lo12N4L102N001O001O000000001O001O00000000O00001O1M2O1010O0001N200O1O101Nja^Q1
20120218152654Bh_1,fY\T22mo12N2O1O1N102N0O10001O10O001O01O1O0000001O10O1O01O10O10O1O1000O02N1O1O1O1O01000O002O1OO02N020N020N010000O1O1O1O1O1O00002O000O1O1O001O001O003K3OZeSg1
20120218152654Bh_2,X[\f13mo11O0O2O1N101O1O01O1O0001O1O01O10O1O01O11N002O002M022L012N0O2OO20OO02O002NO04MO02O11OOO4NO01OO12N0O10000O10O10O2O000O101OO11OO111M023K101O0O3M101O01N4L6J1O0N3N1O2O3M1O]b[T2
20120218152654Bh_3,h^jn24jo13O1M2O1O2O1O1O1O001O1O000O2O1N10001O1O00001O1O00000000000000O100O10000O1O1000001O001O000000000001O010O01O00001000O0001000O01O1O02N001000O1O11N001O1O01O1O002N004L1N8Gd`mk0
20120218152654Bh_4,P`RX11no12O0000000O2O001O00001O1O001O1O1O1O000O2O1O00000O101O001N1O10000N200N2O1O101N2N100O1O100O1O10000O1O100000000O0001N2OOO3O1N2O1N11O0100O1000000000O0001M200N2000O20O01001O000000001O1O000001O1O001000O01O10O1O01O10O10O1O01O10O1O02@iPN3Xo1JkPN6`o10O01O001O1O3LT`Y`2
20120218152654Bh_5,Paln04lo11N2N1O100O1O1O10000O1O2O1N1O10001O001O00001O1M2O2N1O1O10O10000O1O01O100000O10O0010O000O2O1O100O01O0100000000O1O100N11O1000000O1O1000000000000O1O100000N200O1O10000N20O1O01O100000000000000001O001O0O1O100O1O1O1O10000N11O1O00001O10000N2000000N20O10O00100O1O1O00001O1O1O101O1O001N2N4M1N1OW`Uh2
20120218152654Bh_6,\`Pa13lo12N3N0001O10O1O00002N01O0100O1O1O2O1OO11O002N0O3M200N0100O100O1000O000\SN_Oii1b0TVN@li1a0QVNBoi1>gSNHn0a0Zk1GeSN3d0;fk1`2M11OO00O2N2O0O3L2O3N0\MZSNm1hl1oM]SNn1el1PN]SNn1fl1nM]SNe1Qm1XNQSNf1hm1J4N4M0O3[OgQN^OZn1?kQN_O^n1Oo0M^]oZ2
20120218152654Bh_7,[eln14ko12M201N2N102N001O00O10000000001O1O0O1O100000001O1O00000000001O1O01O1O000000001O1O0000010O10O000000000010O010O00001000O0001O1O011OO0001O10O11N002N02OO1O001O1O1O1O001O000000O10000000001O1O1O101OO03M1O2N002OO03L2OfY_j1
20120218152654Bh_8,QZ[d21no13N001O1O1O10O0011N0001000O000001000O000000001N1O1000000000O10000001O000000O10000000000000O1O01O100000O1O100000000O1O100000O100O10000000000000O1O1000O01O010O1O10O1O100000O1O1O1O1O00001O0000000N21O10O1O01O1O1O1O1O1N200N2000000O1OO2000O1O1O2N2O001O1N1OgfhS1
20120218152654Bh_9,l[mT26io12O1N102N00:F1O1O1O1O2N2M3M3M2N2O002OO1O001O1O2OO12M1O2N001O1N1O2O1N1O3N0O1O2O1O00001O1O0000000000100O0001O000000O1O10000O2N2O2L3O]cnf1
20120218152654Bh_10,`fSS22jo16N1O1N1O10001O1O0000000000001O001O000002N0000002N0000002N01O1O01O1O0001O1O01O10O1O00000000000001O1O0000000000O1O1000000000000000000000000000000000O1O100O00010O1O10000000001O00100O1N2OYYRg1
20120402105814Th_1,VcTi0=bo12I8M1J8M1K;J002N12O1N8IOO5M0N9IOO5L0O5LO03M1O02OO1O0002N0000001000N100O101O1O000001O1O001O10000O002N02N000O100O10000000O1O100N200000000000000000000000O00100O1O101N1O1000000002N02OO1O1O112L114J112L111M12N003M1N4NN06J011OO020N011O0000000000000000O10O1O010O1O0100O3N1MTZ_n2
20120402105814Th_2,\cZX13mo11N10001N20O11N00001O1O02OO1O01O1O00001000O00001O10O10O001O001N101N10O100O100O1OO2000N2000O1OO2000000O000100000000000000000O000100000000O1N2O10000000001O10O2N1O01000O0011OO0001O1O000001O1O00001O1O01O02N1N\\Wa2
20120402105814Th_3,PTYR28go12L4O00O00N120I4201O1O2N2N10000O1O1000N200000000000O0002O0000010O01O00O0010O10O1O01O100O1O01O100001000O2N10001N1O1O0000001O000010O1O2N11O0000O1O10000O010O2M2O00001O10O1000;D02M102M1O2M3O2Jjkhg1
20120402105814Th_4,bVeo03lo12N1O1O1O1O1O1O1O2L4O0N3N0O10O1N210L40OO20OO20OO11OO11O0010O1000000O1O10000O1O1O1O2O1N1O2NXj^m2
20120402105814Th_5,nUcY22lo13O1O0000000000002N1O4L1O1O10O010O01O01O2N1O01O1O001O10O1E`PN4go1O2N1ObiZd1
20120402105814Th_6,R[iV35jo12^Og0H3J7M2K400L400NSOlQN4Qn1LQRN3nm1JXRN8dm1H]RN8`m1EhRN<Sm1DnRN=nl1BXSN`0cl1A^SN?`l1_OdSNf0Vl1YOjSNi0Wl1ROkSNS1Ql1lNPTNT1^m1QObQN>\n1@gQN?Yn1^OoQN>Pn1@SRN?in1O0O2N1NmcZg0
20120402105814Th_7,mYgl23mo13M101N011N01O01O1O0000001O1O0\UNK^e14aZNN_e12]ZN3ae1N]ZN3ce1MZZN6ge1JXZN6ie1JTZN7ne1IQZN6Qf1LjYN5Xf1KgYN4\f1KRYNFcL`0]j1InXNJcL=aj1HkXNN_L;ij1GgXNO^L:mj1GdXNe0^g1ZOaXNg0_g1[O^XNf0bg1ZO]XNg0eg1XOWXNk0ig1VOUXNk0mg1SOlWNT1Th1mNjWNU1Wh1jNcWN\1\h1dNdWN\1^h1bN`WN`1`h1`N^WNb1bh1`NXWNd1hh1\NXWNd1ih1]NSWNc1Pi1\NoVNe1Qi1]NbVNj1bi1WN\VNj1fi1UNXVNj1ji1WNUVNi1li1WNSVNh1oi1XNoUNh1Tj1WNjUNf1Zj1ZNeUNe1_j1[N\UN[1Qk1eNoTNZ1Tk1fNgTNe0mN[Obl10nSNFJo0HPOI6kl16eSNGIh0^m1BgRNHIg0bm1EZRNk0im1e03L202L203M1O4AfQNoN[n1P1fQNPO^n1j0dQNWO\n1g0fQNWOco1NRchn0
20120402105814Th_8,YZQR35jo1102O000O002N02N0002N00001O1O002N02N0000000000001N1O2O000001O1O00000O1O00001O10O1O1O1O2O1N2O0O100000001Mcedj0
20120402105814Th_9,R^ae25jo12Ld0]O3J9J2N4M211M0o0TON02OO01OO13NOO4M0O5K1Ng`RY1
20120402164214Mh_1,mbdk0682Qo10mPN2nn1d0N1O3M020O11ON07KOO7I104L0O2OO11N002N0011N01O0000001O1O01O001O01O1O000001O10O1O000001O02OO00001O1O001O1O0O102M10001N10000O10O10000O1O100000000O1O100O1O10000N2000000000001O11N002N020N111M115I102NO11OO20N03OOO20N03M1O5K101O0O11N011OO02N02OO1O1O0100O10O10O01000O11OO0010000O11N020OO10O11N011OO01O1O010N4M1NPZgj2
20120402164214Mh_2,Zc\[14lo1001O1O00001O1O00001O1O0001O1O02N00001O1O0001O001O000000000000O0001000000000000O1O100000O100O10000O100O100O1000O1O10001O00001O1O01O1O0001O1O001O1O2Lb\m_2
20120402164214Mh_3,fSiU26io12N2N1O1O1I7O01O101O001O1O1000O0002N01O1O0000000000O100O100000000000001O1O0000000000001O1O000002N0001O1O0002N001O0100O02N02N0020N02N01O1O02OO1O00020`PNFVo1c002M100O02OO02OO02N2N5K1O3K3OZkbd1
20120402164214Mh_4,kYQn25jo1104L002N11OO20OO12N0O100O11OO00011OO01O10O1O01O10O1O0000020N1O10002M020N02N011OO020N02N01000O02OO11N020N020N011OO11OO11OO12N001O012L110O01O001O1N2N1O5JQdTm0
20120402164214Mh_5,nZU\12mo13M9H2N2N1O100O1O000O1000000000O100O2O1O00001O1O000001O1O01O001O000000O100O10000000000000000000O1O100O1O01O1000N11O10OO110OO101O000010OO110O1OO11O10O1O01O10000N20N1100O10O1O10O1O100000000000000O1O10O1O10O1O100000000000OO110N20000O1O2Oge^\2
20120402164214Mh_6,\]]h2>bo11M4N1M3N1N3N1000O1O01O100000O0001000000001O1O1O1O001O1O2M3_OkPN1mafU1
20120402164214Mh_7,\^[g25ho16L3L3N2K5N2OIQQN_Oln1`0WQN@hn1;`0O3L4MRbjW1
20120402164214Mh_8,k^ko26ho14M2O0O1O1O0N201M30OO101I600001O01O10000001O001O1O1O3M1O2N1N2N2O1O000N3O2L4M^afm0
20120405130014Th_1,[_Xg15jo12TOJbQNg0Vn1\OgQNg0Sn1k0I1K9L0Lb0B1M=E1O_N\SNHal19`SNG^l13QTNGkk1:VTNGhk1JTUNMhj1BcSN2f1<ej1CUVN9gi1HXVN8fi1K^VN4]i1MdVN3\i1LfVN9Ui1EkVN<^l1O1N1O101OO030N010OO4ON021M0O10000O02N10000000O01O1O2N011OO020N020N02OO11N011OO020N02N0011OO01O10O1000001OO021M101OO13MO20N120NO20OO20OO02N11OO02N2O1OO01O001OO101001N1O1O00000000000001O00000000000000O1000O1O1000000000O0001000000000000000O1O10O1O10000000O10N1100000000O1O01O1O1O10000000O100O10000000000000000000000000000001O1O00002N0010001OO11O01O0O20OO20OO20N11OO11OO11OO020N020N011OO0001O1O02OO100000O10O3NO13L013MO20O011N010O010OO2N01000O20N020N02OO10O10O3N000O11OO01N101O00100O1O101OO11O0O30M110N022L113K126H101M112L021M110N200N0200N2OO02N0O3M1O3K303N002OO02OOO20N200OO3ON03OOO20N020N020OO11N02OO10O10O1O002N01O1O01O0100O0001O1O000000001O2N1N1O100000E:001O1OO02N20O1O100M3O1O1O10000N200O1OUXca1
20120405130014Th_2,c_To03lo1102N0O2O1O001O100O1O0000000010O1O01O000000000001O11N002N000000000000000O1O101O1O000O1O3N004L002M2M3N1N2000000N20000000O1O2O1N3M101O1N1O1000000000000000O100O1000000O1O1O1O0100O101O1O1000O0001O0O0O2O1O1O01O1N200N3O0O2O0001O2N002N0000000000001O001O0001O1N1O100O100O10000O1N2O10O01001O01O01000O0000000000000001O1N3M2O1O1O1O00000000000O2N2O001N2O00000001O000000001O02N011N1O1O002N1000O01O10O1O010000N2O2M2Mk_Wd2
20120405130014Th_3,hTmW32lo13M3O0O2O1N2O3M3M1O7I1O2N010O100O1O2N002N0000000002N001O1O1N2N2O1O2CmPNHTo17nPNGVo15<Nojfe0
20120405130014Th_4,Z[eY24jo12O1O1O1O1000001O1O00011OO00002OO001O000001O1O00O100O100000000000000000000000010O1O000O100N4N00000O1000000000000001O0000000000N200O1O1000000O1N2O1N2O1O10000000O1O100000003L2N2O1OOO200N2O1O1O1O00001000000O2N1O1O1000000O2O1N01O0FNfPN4Yo1MgPN2Yo1OePN3Zo1OcPN2^o171O1O101OO1O01O00001O010O10O1O1N20001O1O2N002N02N002N1O2N1O1O1O0N200O1O1O00000001O1O1O1O01O100O1O100O1O1O1Ogeb[1
20120405130014Th_5,e\iU33lo1101N1O1000O0100O01O10O1O10O1O10000O1O1O2Nbcjh0
20120405130014Th_6,\^]P32lo13M4N1O1O101O0O3M1O1O1O1O01O1O0000000000O00010O1O1N100N210N1O1I710OO111O001O000000N11O1O1O100O1O1O1M3O0N20O010N200N20000100O2O1M20000O3M100N20O01O001O1O1O0O2O2Lkb`j0
20120405130014Th_7,Q`ef14ko12O1N2N2N2N001O1O0001O10000O10O0100O010O1000O1O100001OO1000000O100O01O0100O010O00101N1N101O1O0O02O01O0O20O10O1O10O1O01O100N200N20000001N5K4M1Nn`jT2
20120405130014Th_8,b`Yd16jo11M3O1L4M3N2O0000000001O000000O10O100O1N3O1M3O2M2N1Nb_PZ2
20120512063234Lh_1,Vafi22_o1a0I500007I1N3M3NR_gU1
20120512063234Lh_2,VaVm04jo1:H0N3O0N110O01O3L3O1M3O1N2Nk^kQ3
20120512063234Lh_3,gdZf17ho14L200O02N1O1H[PN2lZWY2
20120512063234Lh_4,cgPm24ko12Ja0C2L`0B2M6K2M1010kNgQNb0Zn1\OjQNb0Vn1ZOfRNK^m14TZSR1
20120512063234Lh_5,Pi`S37go13N3M1N4N0N5L2L6K3J7M102OO11N020OO5MOOd0^OOO20N111NO2N101OO011OO11O1O1OO20N020O000O11OO11O1000OO2N1002NO22M111L024J113K025J25NKO?@4LYT[h0
20120512063234Lh_6,kj^c23lo14M1gPNLdn1<nPN:bn1c0O10O1O002M2N3L3M7E7MjTc[1
20120512063234Lh_7,fkP_22no11O2N1N200O1O101OO11O1O1O000O100O02OO11N001O1O01O10O1O02N020N0000101O0O5K1O6KO02OO01O11N1N<D2OUSo]1
20120512063234Lh_8,XTWZ11mo14N1N100O101O10O001O01O1O01O10O11N01000O1O1O01000O002N00^knc2
20120512063234Lh_9,bT[X12jo18L0O1O1O0010O2O001O000O100O010O1O1O2N2MekZf2
20120512063234Lh_10,nU[g15go17L2POP1O0N1000M5O2J5Oa0nNVklW2
20120512063234Lh_11,iXUR15jo13@0kPN3Ro1?L4O1K300N101H800I7O1EO;1I17OMO5OM31OM04OO[Of00OH90ON40N020N0200N11M111K320N100N3N2L4O1O0O11O1O011O2L5M4L1O001N2O0O3N01O001O0000000N200000000000000N11O10O1O01OO20000000O1O2N2N3M1O6FfjPh2
20120512063234Lh_12,VX]a12mo11O101O1O00001O1O00000000000001O1O000000001O1O1NhgP]2
20120512063234Lh_13,Z[ki02jo1:J0H:M1M3O1H610]O=61M120NO3O1O2N2O0O3G7O1M30K3110O1O1O1O2M201I600J7NZfnS3
20120512063234Lh_14,P^kl21lo16L2M3O1L<F1H:N0J6O2D<N1L7L2L8J2M4M111N04gNQSNYOQm1d0PSN]Oln1N0O2N012N0O2OO11N001O1O001NPajP1
20120512063234Lh_15,h^ej1b0]o13L6K1O1O100O1N2O0O110000000002OO01O1O00002OOO100O1000000O1O001O010O100001O000000000002M1O100000O1O01O100000000O0001O1M3O1I700N2O1O1O0N210C=O1H620001O2M3Ma0^O3O0M3O1N200N2O1O1OO11OO110M200OJ8OOM41M111M102N020N11OO2O1N200O1000N20ON3O0O2N1N201N110O1O2M20Zc^m1
20120512063234Lh_16,m]Q]28go12M2O1O1O00L5O1O100O000100OO11L31OM40OH8001O002N101O1O1N2O01OO1O1000O1O10OO1100O0001O1OO11O1000000000001O001O00O1O1M3O1M3O1001O1O0000000000O1001O00000000000001000O2N0O3N1N2O0000000003L3M2O1O0O1O10000O00100001N1O100OO2O0O2O1N3NTcj[1
20120512063234Lh_17,a^cY23mo1010O001O2N1O1O001O000000O10000000O10000001O00000000000000O0O2O0O2N2N10000000N200O20N11O1N100O2O1N20RbVc1
20120512063234Lh_18,Y`mb25jo13N2M1M4M3E:N2M3O1N11OO11OO02O100101OO1O1O2M1O2M3N1M3O1O2OOO200N2OO110OO110O000O20OO11N020N2000O1O1O1O3K3Og`fY1
20120512063234Lh_19,Pam^25jo12N1O1O1O1O1fPNFnn1:RQNFnn1:PQNHPo19nPNHQo1d0000N2000001O0000001O1OO100O1O0001000000O1O8I1O000O1O10O1O1N020N2O0001L4O1O2N2NW_n]1
20120512063234Lh_20,ofoR24[o15lPNMRo15lPNLSo1a0000O1O3N003M1O0001O001O00000000001O1O00000002N3M01O4L3M2OO0000001O1O1N3N10O2N01O10O1O1O7I002N01O1O2M1O1M4N1N2O00100O1010O010O2N3M00000000000002N1O0001O1N1000001O0O6K010O0000O2O00001O1O1O4L1O2N1O2L3O3JYX`f1
20120528063154Uh_1,i`TU26io12N3M102N00001O1O0O1O10001O1O1O1O1O0O2O000000000000000O1000000O100O11O010O010O3M1O2O000O0010O00001O01O1O0000001O1O0001O1O001O1O2N1O10000O1O10000O002N010O10O01O1O002N02N01O10O10O13M2M2O0O00100O012M1O2N1O3M002OO11N0000002OO1O000000011OO0001O1O000001O1O00O10001O001O0001O01O1O002OO3ON03N002M1O2OO11N002N1OS][a1
20120528063154Uh_2,Ydho1354[o1OaPN4^o1:M1O4L1O0011OO011OO11O011M030N03NN16KO04K1O2N0NjZcn1
20120528063154Uh_3,PfXm24lo11O1O000O1000001O0O100N101O1O1O001O01000000O1O1000000000000O1O100000000000001O1O0000001O1O2MUZio0
20120528063154Uh_4,[i\U3<do1103L020O02NO22NN020N02N01O1O011N1O3M011N11OO020OO2N1O2N002N011OO001O101OO03N02N0O101N2M1O2O1NYUcg0
20120528063154Uh_5,^\eV21lo15I6N1K41OO020L22OF910J7O0F:J7H1600K6O1K400L5N002N0N3OOO40K220M202F540N111M111OO11MO22L13OOWOj00001O1N11OO20N020N110N110N011O01OO20OO110N020N11O1O00010OO11000O00O2O1L31OO20N10001000N11O01O1O01O0100N11O01OO200O01O0100000O1O01O01O100000O1O01OO200000OO11000O1OO11O1O1O00001000O001O001000OO20O1O1O01OO200OO11L211OO200O1O3L3MgiZ_1
20120528063154Uh_6,UW_S22mo13M2N101O1O000001O1O0001O1O0000000010000O1O02OO10O1O11OO1O1O11OO02OO12M112L110N12M1O5IShhi1
20120528063154Uh_7,_[m_2;do11M3O1N2O1M200OO201N10N210L22OOO20N020N101N020ON31M020N03OO01OO21OO020NN31M12OM210N12N011O1O000O200N2O1O01OO200O100O10O1O1000O1O100N20N20O1O1000000000000O0010O100000000000O100O10000000O10O010O101O001N100O10TgbY1
20120528063154Uh_8,d^]^13mo11N3M2O2N1O4L1O1O01O1O00000000000001O10O1O00002N01000O00002N002N00000000001O1O0001O1N1O100000000O1O1000O1O001O00100O01O1000O0001O1M300N011M12OM130NO20N120L211M200M4O0O11N2L4N1O2N101O1N2O0N30O000010OO11000O000100O10O0010O1O1000001O0000000000O10001O1O001O1O00011OO0001000O5K1O2N002M]bhX2
20120606063154Uh_1,Yc\n25ko11O3M011N010000O10O1O0000000001O001O000000000O3M10^\oo0
20120606063154Uh_2,bgTb13lo12O0O2N1O10001O1O101OO11OO02N11O0001OO2O0O01000O002N01O10O11N020N012N010N020N12N001OO13MOO4K]WmZ2
20120606063154Uh_3,^kh^19eo13G`0F2L:I2J8J3K7N0N4M1MnNaRNI]m18dRNIXm18nRNEPm1<QSNCol1;ZSN@dl1`0]SN_Obl1`0cSN]O\l1c0eSN^OZl1>lSNASl1>nSNBRl1<RTNDlk1<TTNDlk1:XTNDgk1=YTNCek1?[TNBck1?^TNAYk1f0iTNYOWk1f0jTNZOoj1m0QUNSOnj1n0RUNROjj1Q1XUNnNhj1Q1ZUNnNdj1S1]UNlNdj1S1]UNlNdj1Q1aUNkN`j1U1U2I7O1M300M4O1N2O1N2O1O1O1O1O2M3O0N2O101N2NkVa]2
20120606063154Uh_4,nmdg04lo1000000001N100O10001O000O1000000001O00000000O1OO200000N11O01O10O1O01O10O1O1O01O0100O100O100N3N^R[U3
20120606063154Uh_5,RXmn28fo12G;M2M3O000O2N2O000O1O1000001M1100000O01O01000O100O1O1L4O1O1O100000001O1O0001O10O11N02N2N4L1O1O1O2J6KThjm0
20120606063154Uh_6,fY_n22lo14M1I8N1O1000000000O10000O1O1L4O2N2NefZP1
20120606063154Uh_7,P^]P16jo10N4M1O3N1O1N2N2O002N000O10000O100N2O0D<01M3O1J5001000O01O101N1O100N200O1O2O1N1N2N2L4O1N2O1N2O2GhPNF[o179M3NobZl2
20120622063154Uh_1,b]hd27ho12N3M3M3N002M1O3N1O1O00001O0000O10000000000010O1O0O100000OO11000000O1O1000001N2O0001O000000000O100O2O00OL5O1O10001N2O0000000001O10O1O0001000O0001O1O0000002N000O10100O000000001O01O1N10000000000001O1O00001N1O01000000000O10000O0100O10000000001O00000O101N10000O101N20O001O0001O10O1O01O01N2O000O1O100000O010O01000000000000O1N2O2M2O1O2O0N20001O2N1O00001O101N010O1O1O1O4KSbio0
20120622063154Uh_2,fehk14ko11N4M1N2N2L4O1O1O1O1O1O100N20O1N2N1L410N11O1O1I7N2H710000O11O001O000001O10000O2N01O1O002N01O1O01O1O0000001O1O000001O00OO2O1M3O1N2O100O1O101O1O002N1O1O2N001O10O1O0000002N0001000O01000O0011OO0001000O0000011OO1O0011OO10000O011O0O10O11N010000O1O1000O02OO2N10000O000000O2O1O0000011N001O0010O11N011OO02N002N10000O1O00001O1O001O1O1000O01O2N010O0000100O1N2O2N1O10O00000O2J6O0N2O3M100O102N00100O02N02N01000O00002N0010000O1O00001O1O010O3NO04L0O3M2O1N2NhX[f1
20120622063154Uh_3,PeTd03mo11O1O1O2N0010000O1O1O110N01O1O02OO1O01000O02N0010O10O002N001O1O001O1O1O1O1O1O01O000O1O2N1O10001O1N2O0010O01O1O000002N0001O1O0001O0O1000O2O000O[Z[W3
20120622063154Uh_4,dfZk02mo1101O1N2O1O00001O1O00001O001OO1O10001O000000O100010O10O01O1O0000001O1O002LXYYR3
20120622063154Uh_5,lhPf1>bo12N9H02ON121M04OM03<A02N1O4NN021MO2XOPQN>on1_OUQN`0Zo1NN020NO3OO020N1O1O002N0000003M003MO6MN02OOO3ON121M008H0O2OO2N1O3L2N6K2MfS_V2
20120622063154Uh_6,cmZj11no15K102N002N010O1O0O1O100O1O10000O1O10O1O1000000000000O101N101M200O1O10001O1O00003K_RQS2
20120622063154Uh_7,ZZaU3`0`o11M5M00000O10000O101O0000000000O1000iN]OQSNc0nl1@oRN`0Rm1AlRN?Um1BhRN`0Xm1@hRN`0Wm1AiRN?Wm1BgRN>Ym1DeRN<\m1EcRN;]m1G_RN:bm1G]RN8dm1Q11O2O1O3L2BeQNTO]n1g0hQNUO\n1h0hQNTOZn1g0a0001O0000100O1M200O2O1bNSOfSNn0[l1TObSNm0^l1XOiRNZ1Ym1gNfRNY1[m1kNaRNT1`m1lN_RNT1am1e001OO11L120VNkMiUNU2Xj1nMeUNR2[j1QNcUNm1^j1UN`UNk1`j1XN]UNh1dj1YNZUNg1gj1[NRUNi1nj1XNPUNi1Pk1ZNlTNf1Uk1[NjTNe1Uk1_NfTNb1[k1_NeTN`1Zk1fN_TNY1ek1hNYTNW1gk1^130N_OZTNiLkk1V3>N3N1O200O2O0M4O1N2O0O101M3N2BgRNSN[m1l1hRNQNWm1i1d0N0\OYRNoNjm1Q1XRNmNhm1R1ZRNnNem1R1\RNmNbm1U1`RNiN`m1X1b0100N3H7O1010N11ON11M1200O10O101A_N]RNc1bm1`NZRNb1dm1>0001O0N2O1HO8O2O1O2A?O0N200M3O1M20001O1N3O1L3O1N20000OO110N110O001O000O101O0O1OK60VOTOaRNg0em1YOZRNg0fm1^OURN`0nm1@QRN`0om1f03O1M3O00001N2N2L3O1N2OML8ON210O010001OO200N20O1N2H9N2N3M3CcPN1_oT>
20120622063154Uh_8,P[ie24ko11O10O10O001O0O100O2O100O1000O1000OO200O2N1O3M[efX1
20120622063154Uh_9,f[]b24lo11O1O002N0O1O101O1O000000100O000000000O10O1O100000O10000O10000000OO110O100O01O1N2N2N201M3O`dfZ1
20120622063154Uh_10,\\if13mo11O1O1O1O1O001O1O0000001N2N10011N001O1O001O1O011N002N02N013M2M3ON011O0O3M004L1O5LO15J1O8H1O:F001O00hNQRN?Pn1_ORRNa0nm1^O[RN9em1G\RN8fm1E^RN8cm1F_RN9gn1M1O2N002N003M1O01O02O]aPU2
20120622063154Uh_11,W_mP3127ao16N01K6M3Nk`fn0
20120707070914Th_1,nbhV16io11O3N1O1O1000O2O000O01O10000O11O00000OO3N00100O01O3OOO0100cPNFSo1e0N01O1O000O2O1N10001O1O001O1O0O1O2O1N1O10O1O01O1000O1O10N200O2NZ\[e2
20120707070914Th_2,`fTX36jo1001O11N001O001O01O1O001000O01000O02N01000O10010O0O1001N1O0O2OmXke0
20120707070914Th_3,Ug\<?`o12O6K1iPNYOQo1n0M04J3N7C9L`Xob3
20120707070914Th_4,Ri`\16ho13M4M2N10001O1O2M2N4M1O3M1O3M104LO20N033K13MOO3OO04L004L001O0O2N1O4L2N2N002N003M1O1M3ObUg`2
20120707070914Th_5,XkPk02no11M3O000O1O001O0011O0001000O1O1O011OO0001O11N000001O001O000001000O1O1O00`TeR3
20120707070914Th_6,bVYZ32no1001N1O1000001O01O1O0002N000000000000000002N101N2OO2N002N0O3N1O2N1O1O101OO11OO11OO02N002N003M103MO22L16LN15KOO6NM01N1O1N2O2M2NPhfa0
20120707070914Th_7,mZ]c15jo1101O1O0O1O10O1O100000N2000O1O1000N200000000O100001O000000000000O1O10000O1O01O10000000N11O1000O1O10000N201O001O1O1N2O1O0001O00000000000000000000000FjPNJUo17kPNITo17oPNFRo19PQNEQo1;:00000O1O10000N11OO200000O1O1000000000N200N20O0010O1000N200O1O100O1O100O1O10O1O1000O000100N0200O10O001O100O1O100O1000O1O100O100O01OO2OO1100O000100N200N200O1O10O00M4O1OO11N2O1OO2000000N20000O1O10O1O10000000000000O1O10000N2000000001O1N1O100000000O1O01O10O1O1000O10000O10000O2N2O000000000000000001O1O02N0000000O100O101O1O0001O0O1O1000O100M3O00001000O1O010O2N2O1O0O1O10O1O10OO1100O1O1O000010GgPNJZo15hPNI[o13:01N1O1OggTk1
20120707070914Th_8,WYSX33ko14N00000O101M6L4I6K2L4O2NMSQND]n1;gQNDWn14RRN0im11XRNOem1O`RN2^m1McRN_O]Oa0nm10lRN1Pm1ORSN0nl1HYRNGR1:dl1NfSN0Yl1NnSNMSl12oSNMPl10R2OcgVf0
20120707070914Th_9,TYme09go1103L013MO20O002NO2OO11N10000O1O002N01000O00001O1O000000000000000000000000O1O01O10N200N020O000O200N0200N2O1M30bfbV3
20120707070914Th_10,\dgd12ho1e0A3L3M2000O00001O1O0000001O1N1O2O1O0000N20000O1O010JYOQQNi0mn1510O1O1O1O1O1O01O2N1O3M2N2O1O00000000O2N1000O100O100O2O001N100001M200N3O0O1O1N200O00100O1O2O1N1O10000N200O0010O10O1O100000O0001000001M3O0I7O100O1O10O1O1000000O1O10O1O01O10O1O10001O0000O10000N2O1N2OO020OO110O1O10001M3O1O1N1O01O010O010O01O01O01O10O000100O01O1N3O1O00000O1O101O0000000O01O2O0000001O1O0001O1O0O1O1O1M3L400000011OO02N1O1O0000001N001O00H80I7000O10N3O100N2YOYNTSNh1kl1YNTSNh1ll1]NkRNe1Wm1a01O2O1N100O1O1J6O1O1O11O00O01O00000000001O0100N3O0O1O1000O1000000O10010O001O00O1O10000N20OL5O2N000O20B<11N0110O1O^OQNUSNm1kl1VNTSNj1jl1e011_OYMhSNf2Yl1\MeSNe2Xl1aMbSNb2]l1`01O102L200M3O1L4N2O1O1N11OO2N0N40OO2O001OM22OM220N020O000O11O1N20OO110L400cMcRNf1nm1YNSRNf1Un1L3O0M40NO3O1O10O02O00002M1O5ZO^QNEdn1:\QNEdn18`QNHan17`QNGbn16`QNIan17_QNIcn13_QNN`n12`QNN[o1M2Nk`ne1
20120707070914Th_11,\`Qj06ho12dNMgRN7Xm1KgRN4Ym17VRNOkm12QRN1Qn1l0204J3N5H5N7G5Ma`RU3
20120707070914Th_12,ZgoQ24fo17M3O1O1O4L101O001O002N0O1O001O1O010O2O0O2N02N1O10O11N1O11N01O10000O:F2N002N2N1O001O0000001O1N1O10000O10O1O010001NhW\j1
20120710063134Lh_1,PdhW15ko11N10001N2O0000O0001O1O1O1O100000000O1O2O001N1O101M3O0O10000000100O00O100O101O1O000O2O1N1000001O1O0000000000001O001N1001O000002N01O10O11N01O100O101M102M3Nh[[c2
20120710063134Lh_2,ahPh0=ao13L`0B2L4O1H8N1L401M3M2JVOXRNGim17[RNGam1:eRNB\m1=fRNBVm1>VSNYOjl1g0XSNWO`l1P1X100100N110O00O2J60OO1000010N20N0200M3O1O1O0O110N200N2000O1O100N2000000O00010000N11O10O1O100N200N200O10000001O002N0000002N01O001O0000000001O1O00O100O102N0O1O2O1N1O3N0002N02OO10O10O1O020N020N011OO02N000001O1O000O3N002NnXQP3
20120710063134Lh_3,ffdd27io11O001O1O000000000001O10O1O00002N001O1O001O1O0O2O1N100000O1O100O1O10000O100O102M100O100000000O1O101O1O1M3NUYoW1
20120710063134Lh_4,bgdo02mo12M3N2M3M202N001O10O105K0002M011OO02N000001O1O0001O1O02N002OO11OO03N00O2O001N002N002N01O1O00002OO11N0110N1000001O002N1O1OO11OO02N02N011OO01O1O00001O10O1O01O1O01O0100O000001O1O2N105K001O00O1O1N101N1O1M3O100011OO02N1O3NO11N002N110N110N12N0O4NN03OOO4NO06J1N4L`UYh2
20120710063134Lh_5,_iXd22lo13M4M2M4M3M4L2N3M2M4L3J8L1_OeNZRN_1dm1dNYRN]1fm1fNURN]1jm1=O1O1O1O001O1ON3OO11O001O2YNZRNo0jm1oNXRNo0^n1I7N8H4LTW_Y1
20120710063134Lh_6,jjln16io1102N002OO00010000O1O01000O000O100O1000O100O100000000000000000000002^PNGYo1a001OO2N002N0O2N2N2L4NkTWn1
20120710063134Lh_7,Pl^j13go1f0@1J;I1Lc0@2He0A2M8I2NnMSSNY1fl1gN\SNX1dl1eNbSNd1Rl1[NPTNd1Pl1[NWTNa1fk1_N[TNa1dk1`N]TNHMe0LnNUk1e0RUNGOe0BXO\k1;UUNC3_1ej1mNYUNC3a1cj1kN[UNC7OnNX1_k1VO]UNB?W1Tj1TOTWN0bM3Zk1HZWN4_M0Xk1J]WN0_i11bVNM_i13W3000000000001O00001O0002N0000000002N001O1O01O0001O001N1000N2O1O10O1O101KQUaQ2
20120710063134Lh_8,WWYb13lo12M201N1O100O1O1O1O1002N1O3M1O1N10000O100000O1000000001O01O1O01O1O0100O100O2N00001O0010O0O2O001N2NchbZ2
20120710063134Lh_9,QXk[13ko14M2N1O2NK`PNL_o14bPNM]o12ePNMZo14fPNLYo14hPNKYo14:000O1O01O10000000O1O100000000O1O0100O01O1000N2000O10N110000000O1O100O2NbhVa2
20120710063134Lh_10,bWae12no11N2O100O1O2N1O1O10O2O00O02OO10O10001N1O1O2O0O000OogjX2
20120710063134Lh_11,eXSU12mo12O0000001O001O0000O1000000001O02N001O1OXgbi2
20120710063134Lh_12,dZkg12mo18I100O1OO2O1N100000000000000000000000000000000000000O100O1000O1O10000O1O10O00101L3O_e^U2
20120710063134Lh_13,e`ad15jo11N2O1E;O0I7M3N201M120L31OM220LG=KoPNYOQo1d08O1M200O20N011M12ON020OO30NN400N100O2O0O110N11OO20N0200N20OO2O1MhaXX2
20120710063134Lh_14,PcS`14ko13N1O10O00000001O1O01O1O000100O01O0000O101N2O000000000O100O11OO1000000000000000000000O10N110N200N10001O1O100N200000O10O00100000O1N2O1M2010O10O1O2J`PNIbo15c]V[2
20120710063134Lh_15,PdoZ23mo11O0000000O100O100000001O001O0000000000000O10O0010001O001O00001O0000O10O010O01O1O10O100O1000O01O1O1OX\ja1
20120710063134Lh_16,[ego172Jbo1=M2O2N0O1O2O1O0001000O0000000001O001O01O1O01O1O010O10O00001O10O2N1O1O001O0000O1O100O100001O01O001N1O1O1O2O1O2OO3O0O00O000000O1O10O0100001O000O1O100000000O0001000O1O1000000000000000O1O100O1DkPNLVo13lPNKUo15mPNHTo18mPNEUo1991O10OO110O000100O00001N20000O100000001MkZhh1
20120730072014Th_1,[^be12mo12O0O1010O01O0000000000001O1O00000000000000000000000001O1O01O1O01O1O001NbaSX2
20120730072014Th_2,T_dk12mo11O101O1O002M1O100N1000N201O001N3MWaWS2
20120730072014Th_3,jbdj24ko12N2QOJRRN6km1OQRN3nm1OQRN0gm1b0nQN_ORn1d0kQN]OSn1Y100N1100O100N110jNfQNJ2<[n1JfQNF2?Xn1JTRN1om1NRRN1om1OTRNNlm12URNLlm14TRNKlm15VRNJgm19o01O2O0O02O0N200O100001O0000O100O2N2N1Oo^cR1
20120730072014Th_4,ZedY2:bo15I5O1OH90NO4OOO20N110N03O0N3Od[[e1
20120730072014Th_5,[ehW1;do1102N1O10OO2O00O1000011O0O5K1O1O000001O1O011OO00002OO1O00011OO000011N01O0010O1M20110N10OdPNDUo1<iPNFXo19fPNJYo15gPNLZo12fPNN[o12dPNO\o1;0O1O2O000000007IO1000O00002N00000002N000001O00100O3L10PY[c2
20120730072014Th_6,TiTP11no12N10000O1O2O00O10O1O1000O1O01O1O1OO11O00001000O000100O100O01OO2000O1O100000000000000000O1O1000000000000002N00000000000000000000000000000001000O0002N02N00100O01O000001O10O10O1O00001O1O01O1O001O11N01000O02N111M10d0\O016H20OO04G5O6@<M`Vch2
20120730072014Th_7,Qkd^21no12O2OO0100O1O02N01O1O01O1O00002N0002N00NjTQ`1
20120730072014Th_8,nkRe12no11O1O10000O1O0001O1O00000001O1O000000001N2O00001O1O01O0000O1O1000O1O100000000000O100O1000000O0010O100000N200O100O01O100O1O1000000O1O0100O01O10000000000000000000000O000100000O1O01O10000OO1100000N2000000N20O1O10000000O1O100O1OcTkS2
20120730072014Th_9,RRi[22mo12N2O000O1O10000O2\OLYQN5gn1KXQN7gn1LTQN6ln1KQQN7on1=00O2N2N1O1O1O1000000000000000001O1O001O1O1O1O00000001O1D^QNXObn1g0`QNXO`n1g0aQNYO_n1f0bQNZO^n1a0b0001000000001O1O0000000000000001O1O000000O1O2O00O10O1O100000O1O01O2O000000001O0N11000O001000O1O01OO200G9O101O0001O1N100000001N2^OkPN6Vo1HlPN8^o1000N020ON3O010O1O101O001O00000O1O2OmnR\1
20120730072014Th_10,RUih12mo12N2O1O1N100O2O1O0000002M1O1O2N3N1M3O001O000O2N2O0N201M3O0O1O10O1O1J601N1O2O00000001O1000OO2O0O1000000000001O001O00001O1O01O1O1OURNUObl1k0]SNVObl1k0^SNUOal1k0`SNTOal1m0^SNTOal1k0_SNUOal1n0[SNUOcl1l0ZSNVOhl1l0iRN_OWm1b0gRN@Zm1a0_RNDam1<^RNDcm1^1OO1O1O1O01000O00001O0O2N10001M4L3N3N01`RN[Ndl1d1RSN^NC6Wm1\1TSNmNnl1Q1oRNPOSm1o0mRNQO[m1i0aRNWOP4CVe1T1iVNYOP4E\e1f1ZZNfNee1Z1XZNhNne1S1oYNQOPf1o0nYNROVf1j0[YNGdf19ZYNHmf12eXNbNeM]1gi10cXNeNdMQ1NnN[j1n0RXN;]h1EcWN:ah1C_WN5jh1JVWN5mh1IQWN4Ti1LkVN3Xi1LcVN4ci1K\VN5fi1JWVN6mi1ISVN6Pj1HmUN8Vj1HiUN8Yj1GeUN6aj1I_UN6bj1JZUN5kj1LRUN5mj1NoTNNXk12gTNNZk12dTNL_k14aTNM^k13`TNMck13[TNNfk12VTNNnk12QTNNQl13jSNK\l14cSNK_l1=oRNKSm15lRNKVm14cRNMdm12[RNNfm12VRNNnm12QRNOom11PRNHWn1P10L5N1K501O1O1O100PObQN<an1B`QN>So1@Zh`m1
20120730072014Th_11,bWm]16jo12N4M11M2O3NO020M100000O1O2NjgTa2
20120730072014Th_12,d]]`16ho12XM9UUNIkj18TUNHlj1>jTNEXk1<fTNC]k1n0jSNWOXl1i0cSNZObl1o11O8G3N9E4O=_O5O9B5Ogc^^2
20120730072014Th_13,P^Yn14lo10O3N00000000000001O0001O1O00000000000000000000O0001000000N11O1000O1O10N20N2000N11OO11O0000100N020OO20O1O1OO11O0000000001O1N20jbfm1
20120730072014Th_14,Taeb22mo12L4JI_PN:]o17N1O0100001O002O1OO1O1O2N002N00000000O1N2O1N2O1N3N2M2O1O1O1O01O100O1N2O100O00010O10O101N10100O011OO47E1N1000000ZOjNbRNV1\m1nNbRNR1\m1QOcRNo0]m1RObRNn0]m1UO_RNm0am1SO_RNm0am1VO[RNi0gm1XOWRNi0im1g00O1O10O01O100O1O01O100OJRRN\Nmm1d1TRN[Nmm1e161O3NeNPRNh0mm1UOVRNm0hm1SOYRNn0fm1QO[RNo0dm1QO]RNn0cm1SO\RNm0em1SOZRNi0im1[OQRNg0Qn1c01O000O11M120N011O01O1000?@2O0O10OOK7OO201O0O000NOO41OO200N200N11OO20M020O011M111M12O0O101N200N200N11O01OOM5OOO3O1O00OM40O02OOO20N03OM210N3O1N2OIRQN_Okn1>[QN@fn1?=H9OfbfR1
20120730072014Th_15,V^i^13ko12N2O1M200N210OO1O10001N2O1N2O[bV`2
20120730072014Th_16,\_eY22no12M1O10000O1O10N20O1O10O1OO2000O01O01000O01O100O1O1O1OPabd1
20120813063134Lh_1,fa`X13mo10O1O100000001N1O100000000N2000000000000O1001O00000000O1000000000000O100000001O1O00000000000000001O0O2N1000001O1O1O1O001O1O0002N0010000O1O001O20OO3M10O10O10O001O0100O010O3ON04L011O0002NO22MO04L1O1O1O1O101N102M1O2N00000001O2N1O1N10000O2O000O1O3M2N2M3N1O10001OT][_2
20120813063134Lh_2,adlR33lo12N2N100O1O100000O1O1000O10O010O101O1O0000000O1000O100O2O00001O1O1O1O1O3M1O2N100O100O11N0000001M20001N1O100O1O2M3O001N3M\[Yi0
20120813063134Lh_3,fdPb17io11O2N002N002N0O3M2M4L3N2N2O1O00H8O100000002N0002N00000010O10O0001O1O001O1O00002N001O1O0000001000O002OO10O11OO10O10O10000O1O10000O010000O1O3M10000O01000O0020N01O10O10O1O01000O02N002N01000O001000O02OO1O10000001O0O100O1O03N003MO020N020N01000O001N2N1O3N00010O10O1O1O10O12M1O4M001N1O110N3M2NfXoT2
20120813063134Lh_4,cV]f25jo11C0gPN5Uo1<O5L1O6K001N11OO04MO03TOSQN?Xo1OXibX1
20120813063134Lh_5,nYie24ko12N3N1O3N001N1O1O000000O1O10000O01O001L4O1J411O000N120OM301L4O10000N200O1O100O1N2O1N3Nhf^W1
20120813063134Lh_6,hYcY23mo11O0000001O001O01O001O2MUfbe1
20120813063134Lh_7,V\a_19bo16J7M1O1000000000O1O1O1O000O10N3O1N2O10000N11OO200NM40OO201J6O1M4N2N100O1O101O000O2N10fdf]2
20120813063134Lh_8,`\aR2`0_o12C=N1N1000M300F:00K501I601N2O1O10000O2OWdTl1
20120813063134Lh_9,m]YW27ho12O3\PNG[o1?11OO11OO20N020N02OO11N006J1O11OO1O0000000000000O10O1O2O002N00000O2N2O0O1O3N0000000001O104J2O1O1N1O101M3OXaVe1
20120813063134Lh_10,n^iQ27io11O2N002N013ePNCln1<TQNDmn1?oPNCon1>oPNCRo1g00N20OO3M012N0O2OO11N011OO13MO14NNO22L130M1O2NO100O2N1Ne_jk1
20120813063134Lh_11,hbY[22lo12O101N100O00100000010O10O01O1O000001O001O00O1O1000000000000000000O1O1N1000100000O1O10O01O010000000000O1O100000O1O10O1O10000000O100O101O0000O1000000000000OO110N200N3O1M3Mi]Z_1
20120930063534Lh_1,b`Pc24ko12N2O000O1O1000N11OO200O10N1100000O00010O1O10O0001O1O1L300L5N2M20011O0O2N100000DSQNDnn1;<O101O001N1O2N6JY`kY1
20120930063534Lh_2,]d^j03lo12N1O2O00001O1O002N002N1O3M002N1O10000O002N02N01000O1O10O0100O1O1O011OO020N002OO11N002N1O3M112L1O6J1O5K1O2N101N102M022L011OSOfQN2Zn1MjQN2Un1LmQN3Un1ImQN7Tn1FoQN:Qn1BTRN=lm1AVRN>km1_O[RN>em1@\RN`0dn1N002M1O1O1000001O001O0O2N102L_YUP3
20120930063534Lh_3,nd`f29fo12N3N1O1N1O2O001D^OWQNc0hn1CQQN?on181N2O100O2N101O1O5K1O1O001O0100O1O2N102N001N1000O1O001O1O1O1O2N012N0O3M1O4L00^Z[V1
20120930063534Lh_4,\j`c14lo10O5L1Oa0@0O5K104L0O5LO2nNZQNh0en1UO^QNj0Ro1LOO4NOO3OO010N12OOO2N002N2O1OO02N011OO11O1N2N1OkSSZ2
20120930063534Lh_5,dn`a26ho13M3N1N2O0O101OO1O1N3O0100OO200O010O10OO20OO110000O1O01N20O001N2O0N2O2N2O1O1000O1O10O1O10ON201M111N10001000O1O1000O1O10000000001000O0101O0O0001H8N1O1O3N0000002N01O1O011OO02N013MO02O000O020N020N020N020OO4M001N002OO10O101OO100000000O11N2OO10O1O02N020N011N012N010O002NO20N02O0001N020N111M020N111M021M110N13NN16KOO20OO2N1O1N2N5JnoXT1
20120930063534Lh_6,`QU]24jo13M8J2M<D2O5K0N4N1M=D2K5N1L400N01OO21OMhN\RN<dm1C_RN<\m1ElRN>ll1BUSN`0fl1_OaSNe0Ul1\OlSNf0Pl1ZOVTNf0dk1\O]TNd0^k1^OgTNc0Tk1]OnTNc0lj1]O\UNd0`j1\O`UNd0Wj1APVN`0ki1AVVN?ii1_O[VNd0_i1]OcVNc0[i1[OZWN7`h1JbWN5]h1ETXN5gg1J[XN6dg1FeXN7Yg1HjXN6Vg1FTYN4lf1JVYN7hf1G^YN7`f1IbYN6^f1JcYN5]f1JeYN5[f1JfYN8Xf1HgYN9Yf1FgYN;Yf1DgYN=Yf1@iYNa0Wf1^OjYNb0Vf1[OkYNh0fj1000010O1O1AlPN0Uo1NmPN1co1O0O2O0O10000O1O2MSk\^1
20120930063534Lh_7,fWSV34jo1200N2000000001N2N10\hVi0
20120930063534Lh_8,`YaQ38go12N2N1O100O0010O01N10001O000001N2O1N100010N100O2O000EERQN;mn1:2O2N2O1O101O001N1O10000O1O1000O1O10O2N2O001M4NagVk0
20120930063534Lh_9,RY]o16jo11O1O1000O02OO11OO10O11OO11OO11N011O0O3N0O1N[fTo1
20120930063534Lh_10,R\mj1d0Zo12O4M102M10e0[O002NO20OO;F00<C2M9_O:MgbnS2
20120930063534Lh_11,d\Ym04ko12N6J3M:G1M7K1N3N1N2O1OSOhQN3Vn1MlQN2Tn1IYRNOgm1O]RNNem11U1OecbQ3
20120930063534Lh_12,Sami07ho12O1N2N2N100O10000000000000000O1O10O1O2O1O00001N2N10000000000000O100O100O1M21O01010OO2N1EEPQN<on1;0O1O102L204K1O3N002N000000O0010O10N200000000O00010O100O01O10000O1O101N2H8N`_jP3
20120930063534Lh_13,Ygef14ko12O001ENfPN3Yo1NePN4Zo1<M00100OO2N1J7N2O005K1OhXVX2
20121024073354Uh_1,_c`[13lo12O1N1O101N2O1O3M1O6J010O00O1O1O1O1O1O10000001O1O011N2O1N100002N0O4NOO21N010N121M001O000001OO11OO110N11OO10O0102M112L12OOO20N12b0\O07OoQNhNnl1W1PSNjNTm1W1fRNjNZm1W1eRNiN]m1Z1\RNhNdm1Z1YRNgNhm1g12bNQRNi0Pn1PO[RNl0em1nNaRNQ1`m1kNeRNS1Tn112N001O0006I1KUO`QN?_n1AbQN?\n1]OkQNc0Tn1YOoQNh0fn1N1O2N001O000O1O1O1O2M3N1J6O1M3OgXo]2
20121024073354Uh_2,heZi24ko14L2O2N002N1000O1O1O0000001000O001O1O00002N00001K5M2M4N2N2N2O2N1O2N1O001000O00011OO101O017[QNcNUn1e11OO01O10O1O000000O1O1O1O3F8O4J4N2N2O3K3OhY_R1
20121024073354Uh_3,[QgX13fo18M3H7N3J6O1N2O0O100N2O1N011N11O0O1O0A_QNBbn1=`QNA^n1<e00N110O0100N30@EYQN:in1IUQN6in1NTQN3ln1NTQN1jn12UQNNkn1c0N200F:1OM31OOEcQNTO_n1k0;O10fNZ11OM31ON1110L400I7N2UNURN_1nm1`NTRN]1^n1fNbQN5OMbn1LaQN5ONon1OTQNNon10RQN0UQac2
20121024073354Uh_4,SoPP35jo12O3L3O4K105hPN\Oin1d0UQN^Oln1j0102M002N2N4L108F2OSPkn0
20121024073354Uh_5,RSUh16jo11M3O0000002N02N0000001O10O1O01O1O000000000000000000O1O01O1000O1O10000N20O0001O1O0O101I6O1K600M111L031]Oa01OK240N102OUOkQNJWn15nQNFTn11R1O3J40PojS2
20121024073354Uh_6,P\U]24ko11O101M3O0O1N2I8O1O000000000000O1O101O1O0000001N2N1000000000O1O10O1O1000000O1O100000001O1O000000000010O1O0O100000000O1K5000O10000O1000O1O10000000000O2N2O000O1I7O2N1000O100O1O1N200O1O2O001O000O2N2O000O2O1O000O102L201O1O01O1O000000O1O100000000O1O100O1O2O1MddjZ1
20121024073354Uh_7,]`Qc27ho12M3O0N200N200O100O10OO110N011N0101O100OCCYQN<en1KWQN5hn1LWQN4hn1b001M111C<00N21OSNfNTUN\1lj1eNRUN[1kj1nNkTNV1Uk1lNiTNU1Tk1QOfTNR1Yk1QOdTNo0Zk1W1oSN\MQl1d2QTN[Mnk1d2VTNYMkk1g2VTNXMlk1d2VTN[Mlk1b2WTN\Mlk1`2UTN`Mmk1;bSN`1b0SNPl1MPTNg1dm1O4H40d0[O2N=C2N3Lda`Y1
20121024073354Uh_8,Y^UT32lo12L301N100N102N011K31OO21OM13OO0100N21NO20O11OO020N020N02OO110NO3O100OO1100N20N11O01O01O01OO200O1O1000N20O0001000000000N201O1O0O1O3Nbcdg0
20121024073354Uh_9,Y^i[1121fo19G7OMcPNBZo1>6OH711N011O01O00001O000000010O0O2O1O1O2O00000O2N2O0O2MgbVb2
20121024073354Uh_10,`bgm02no11N1O2O0O1O1000000O10100O00011N01O000001O1O00000000000O1O2N10O10O10O2N101N1O100000O1OO2000O1O01OO200F:0OO1100O2N2O0O3M1O1O10000000000000O2N1N3O0O1O1000000000000N020N020N020O0001000000O1O1000000O1O1M3O1M30N110N20OO1100O00010OO110N20O1O1O1O01O10O1O01O01O10O1O1000O00@LTQN6ln1KRQN6ln1?1O101O1M20000O2N2O0O1O01O00001N020N101L301N100010OO1100O100000001N2M2O1M300N20N020OO11O001O00100O00001D;00G:O1M20001O0001O1TO^QN8dn1G^QN7cn1GbQN6^n1JbQN5`n1JbQN3`n1L`QN4hn1CXQN=Uo10100OO1100N20GIgPN7Zo180O000100OO110O001K5O2G`aXd2
20121024073354Uh_11,k`iQ37ho11L4O1J0310O3N2N3Nf_bm0
20121125063154Uh_1,Vo`W32mo13M5L004MO12M110N022L13M0O3ON11OO11O00QIGV^N9ha1HY^N7ga1KX^N6ea1K[^N5ea1LZ^N4ga1LX^N4ha1LR^N:na1GP^N:Pb1Fo]N=oa1CQ^N=oa1BR^N>na1BS^N=ma1CT^N<la1DT^N<la1EU^N9ka1HT^N8na1FT^N8la1HT^N8na1HR^N6na1JR^N6na1LR^N2oa1NP^N2Qb1Nn]N2Rb1Om]N2Tb1Ml]N3Sb1Nm]N1Ub1Nj]N2Vb1Oi]N1Xb1Of]N2[b1N_]N7bb1IY]N;hb1EV]N<jb1ER]N>nb1BR]N>ob1Co\N=Rc1Cm\N=Uc1Ka\N5`c1K^\N6ec1IX\N8hc1IV\N8lc1GQ\N;oc1Fo[N;Rd1Em[N:Ud1Fj[N9Xd1Gf[N9\d1Fc[N:`d1GgVN_O[4j0nd1HeVN_O\4j0Qe11kZN1Ve1NiZN4Xe1KcZN:]e1FbZN:_e1FPZNj0Qf1VOnYN>`LlNei1e0gYN?hLiNci1g0eYN`0iLgNji1f0XYNb0Wg1^OgXNc0\g1\O`XNd0cg1\O\XNd0fg1^OTXNc0ng1\OQXNe0Th1ZOgWNf0Zh1[OeWNe0^h1[O^WNf0ch1YO\WNh0gh1ZOeUN[O8_1Tj1VObUN^O7\1\j18[UNJjj17UUNGQk1:gTNAak1?^TNAkk1<lSNGVl19hSNH\l1l11O4L2N4lLdSN\2^l1aMdSN^2Qm1N1O001N4E8O6G5N5A<WOWQN8eQea0
20121125063154Uh_2,UnTm23lo12O:F201M213KO2^OiPN;To1CnPN=Qo1CQQN=Xo1110OO3M0OSQkQ1
20121125063154Uh_3,XSe]2:eo12Dd0F2kNUObRN]1\m1eNbRN\1^m1c0001O1O2L3O3G8JP1RO3NTmZa1
20121125063154Uh_4,jWae22no11O1O1O1O00001000O000001O1O0000000000000O0001000O1O01O10O1OO11O01OO200N011M111N011BGSQN9nn1IPQN8kn1>200O100K7N`iZW1
20121125063154Uh_5,UZUS32mo12M3O1O2N102N0000O0000OO11N100H8O1I611L120A=11MH:10I701N2M1G;N2O1OO11O010O0010OO101N100O10001O2M2Ongfi0
20121125063154Uh_6,PYeU22mo12N2N1O000010000000O0100O2O0000000000000000O101O001N100000001O1O00000000000NVglg1
20121125063154Uh_7,Z]]k13mo11O3M1O2N011O0O5K020N111M13OM13OM03OO01OO12N0O11OO2N0020N02N01000O01O11N000000001O0010O1O01O1O0000010O10O000000000000002N00000000001O1O000000001O0O101O0001O01O1O01O1O1O1O000000001O1O00000000000001N1O2O0O100O10000000000N200000000000000000O1O01O10000001N2O0O102M1O10000O00010000O00010O100OO11O10OO1100N20N100N21O01O10N2000O1O0100O01O1O1O001O010000O1O1000O000100000N200O1O10000000000000N2000000N11O100N11OO200N0200N11O1000N200000000O1O10N20OO110O0010O01K310N012G711M111L211M011I620ON3O1M201N2O0N210L3O1M40L211KO6N1O2O0001M120M110O02O00002M201M200N200N2000O00010N200NO3OO020N0200N11OO11M120N011M120ON201M200O11ON2001O0000000100O00010000O00010O1O10O1O100000000000000O0010O10O1O10000000000000O1000000O10O10000O11O1O0001O1O0002N01000O001000O000000011OO001O1O1O10O101N004Koed\1
20121125063154Uh_8,W[QP2:eo12L3O100O1000O1O010O1O1000O00010O1OO02NO3OO020N01OO120N011OO010N210N11OO200N11OO20N11OO200M1110N11OO20N20O1O1O1O100N3O1M2OWfRl1
20121125063154Uh_9,ZZ_c23mo12N0010O1O00000O2O000001N100000000O100O1000000000000000000000000000001O0100O0000001NdejY1
20121125063154Uh_10,P\kl21mo13O0O2N2O000000000000000O1O10000000001O1N1O1000001O1O0001O1O00000000001O1O000000O2N2M200O1O100001O1O1N2N101O0O2N100O1O101N2N10002MQdPo0
20121125063154Uh_11,P`a_24ko11O100O1O1O10O0001O10OO1100000000O00010000O1O10O1OO20O00010O00O2O1M200O2O1N2O1O01O002N2N1O000001O1N20OO1100001M201O0O1O01O10O1OO200M200000O101O1O010O1O1000O1O100000O1O1000O00010000O1O01O10000N20001N2N10000O1O100N20OM301N2O2N1O2O0OmaVY1
20121125063154Uh_12,m`UV14ko12L5M1N2O1O100HDjPN<Xo160N11O1000N20N2000O000100O0000000O0O3F811M3O00010OO10000000100N11OO20N11OO2O0N021OO2O1O100M3O1O1O2M3O0N10001O1N2O1O1O1O1O10000N200N200N200N202LTahd2
20121125063154Uh_13,[bef12lo12N2O1N2O0O2O1N3N1O1O01O1O1O1O0O20000O1O10N11O01O1O1O1J6O110O13L0O1O01O01OO20O00010O000100O1O1000000000000001O2N1O0O100O100000O1O10000N20001O1O0000000O10001O010O00O10000001O001O1O01O1O000000001O0O1O10O100000000000000000O2N101OO01O1O2N10001O01N2O0000000O1O010K5010O1O3M2N2N002OO02OO02N00100O01O000001O1O1O001N2NV^bo1
20121125063154Uh_14,`bmc17go12O00100O1O2O1N1O2M3M2N200000000002N002N0110N10O1O00001O1O0O1O2M2O2I6Oc]jY2
20121125063154Uh_15,]ci]13lo11O100O10000O1O1O200O0001O1O001O1N3Mc\Pa2
20121125063154Uh_16,^cW_13mo12N1O00000001O0000O100001O00000000000000O2O000000O10001O00000O2N100Oa\b^2
20121203063334Lh_1,RddQ15ko11O1O1N10100O1N2O0O100N4N0M3O2K5O002N1O1000000000O2N101OO02N002M1O3N1O5K1O3L2O4J][ik2
20121203063334Lh_2,nhTm0d0[o13M5K1O4M1M<F1N4L2N2N1N200NO200O200jNoQN=Qn1ARRN>nm1ZO[RNd0fm1[O\RNc0gm1XO]RNg0_n1O2L3OaVWQ3
20121203063334Lh_3,RidY28ho10L6L2M4N2OO1O100O1O1O1O101O001O001O0010O001O00000N1100001O000001000O02N003L2NoVkc1
20121203063334Lh_4,WkXh12mo13M4M002N100O001001N10O1O02OO10O10000O00011N010O1O1O1O100O4M01N1O02O0001N101OO12OOiSSU2
20121203063334Lh_5,oXec05jo12O1N1O2O1O0O1O10001O1O000000000000000000000000O1O100000000000O10000O100000000000000000000O100O1000000O1O01O01OO0JhPNFVo1>500001O0000000N200N12M1MMFhPN;Vo17100M40OO2000O1O1O1OO11O001O0100N3O1N1O100O101N2O0O1O2O1N102M2NbhjU3
20121203063334Lh_6,eWi?5jo13N2N1O1O001000O01000O001000O0O2O1N100000000000000010O1O00100N101O1O002N001N2O00002Lng`]3
20121203063334Lh_7,i[]U37ho12M200M201L301M201C=O0M301B7601M3O2B=O2L3O2K400N201N1O2O00000O2N101O1MceZh0
20121203063334Lh_8,a\aR31mo14K5N0N4N0L6M1O1O1O3N012N0O5K1O001000O000000000N200N2O1N2O1N200N11OO2N1O101I7O1M30ncjj0
20121203063334Lh_9,k^md11mo14L2O1N2O1O1O1O010N2000O01O10000000000000000000O1000000O100000N2O1M2000100000O1O10000OO1100N11O0000100N020N2000N11OO20000O1O1000000N200O1O2O1N1O2O1N1O101OSbVV2
20121203063334Lh_10,e_UR34ko12O4L002N2N4L001O00O10\N@hSN>Xl1FfSN:Zl1GcSN;\l1GcSN9]l1GbSN9^l1HaSN9_l1H^SN9cl1HZSN:fl1HTSN<ll1ESSN;ml1HnRN:Rm1GlRN:Tm1IgRN9Zm1GdRN:]m1T1003M1O5J2N5J3O<B3N5]Oa0LRa^k0
20121203063334Lh_11,m`m\2;co12K6M3N1O1O100N2O1N2O1K5O2L4O0N200O2N101O0O1O0O2O0N300N011M30OO101M3O1O1000001O1O0001O11N001O001O000000000O01OO100O100001O010N3N1O101N2O1O1O001O1O0O10000O1O100O1O10001N101N100O1O10000kNdQN=M^Oan14dQN<en1A]QN>en1@\QN`0To1M2O1O2N2N1Om_f\1
20121203063334Lh_12,_fe`14ko12N3M101O1O2N002M101N2O001O1O000000001N2O0O1O1O2O1O000000001O00O100O1N00200O01O1000000O1O01N2O1O1O10000O1000000O100000000000000000N2000O1OO20000000000O01O100O1O01O1O1N2000000O010O010O1O100O0L5K5O1O1O100O010O10000O1J6M3M3O1L4O1O1O1O1000O1O2N2O0O101N2O00002N003L2O1O1O1O1N1O101O000O1O100N2O2N1N201M3N3LK\ORQNc0nn1_OQQNa0nn1AQQN?on19001O000O1O10O100O10N200N2O1O1O1O1O000100O00001O001N101I60000000000O200O01O1N2O2L3O1L4O0K6O001001O0000O1000001O0000O100010O01O01OO2N2O0O1O10000000001O0000000O10O01NO20O2O100O101O0O2O0N201N2N100O2N5L4K4L2O1N1N2O1N2O1K5O1N2O1000000002N002N001O001N101N2O0N200O1O10000N20O00010O0010O1000001O1N100O10000000000N20000OO110M200N3O000101N1O2N101N1O2N2O0N3O1O002N001O1O0O1O10001N1O10000O10O010000O1O10N20O1O100O1O1O0O2J5010O1OO11O01O10O0000100O10O000O2O000010N101O10O01O0100O1O10001N1O1O2N10001O0010O010O10O001O10O0001O1O^]fe1
20121206063154Uh_1,bfZd04jo14N1N2O1N2O0N200O1O01O01O1O1O010O00100O1O0100O1000O000100N11O01O1O1O10000N11O1000N20O1O10O1O1000O1O1000000001O1O0000000000000001O1O00000000002N0O1O2O1O00000000000000O2N2N100O2O001O000000O10O1O010000000O1O10000N20O1O01O100000O00010000O002L3O[ZST3
20121206063154Uh_2,Wgbi23mo12N00001N2O01O00001O000000000000001O1OfXUU1
20121206063154Uh_3,RhnQ14lo13M1O3M1O010O2O0O02N20OO1O000000000001000O0001O11N0011N010O0010000O001O02O0O1O002N001O1O00004LRWQk2
20121206063154Uh_4,^hTS26io12N2N2N4M002M2N5L1O2M2N4L2N4M2M10000010O00100O4L013M002NO11O0O2N1O1O1O0N201L4N1L401M3O0N200N200N110O001O1O1O1OUW[i1
20121206063154Uh_5,niT\33lo12N1hPNOan12\QN2bn11UQN8in1HTQN:nn1;001O01O01000O129E01OO02N011O0005J110N0100011M15LOO5MOOa0@O11>@11N012M10O2O000002OOO6J2N6J1N6I3N[S_`0
20121206063154Uh_6,VWai05jo12L300O1O1O000O200N020N020N011O01OO200N200O1O1N11ON3O1M111N2N100001O100N20N200N200N2000000001O1O001N2O1N2O00001O001O00000000000000000001O001O0000000O2N2O0N2O1O1O1O1O2N2O0000002N0000002OO1O1000O011OO00011OO1O1O1O1O1O2N1O1O0O1O10XOlQNCUn1<mQNCRn1<QRNAQn10fQNO:0Qn1KakPo2
20121206063154Uh_7,jWY_13mo10O2O0000010O1O2N4L7J0O2OO01000O000000010O001O0O10001000O02N002N001O10O1O02N00000000000000O101O1O0001O000010000O1O000010O01N1000000001O1O1O1O01O1O000000000001O1O00001O1O000000000000000000000001000O001O001O0O1O10O1O101O1O001O1O00000000000000000O100O1000O1O1000000O0010O100N20N11O100OO110O1O1OO110N11O01O1O1O100O1O10hgjV2
20121206063154Uh_8,f^cg03lo11O10000O001000000O1O10O100O11O0000001N1O10000O1O10O1O01O100O100O01OO2000O0001O1O01O0100O01O01O1OO11N020M111M110OO30NO3OOO3O1K5O3JfbXT3
20121206063154Uh_9,V^Yf26io11O101M3O000O1O100O10O010O10000000000000000O1O10000000OO110N200N200N200N2OUbZW1
20121206063154Uh_10,ockR12ko15N1O0O2N2O0O1O101N2M2O1L4O1O10000O10000001N1O1000002OO1O01O10O10O10O1O10000O11N20N000002N000O2O1O001O1O00001N10O101M200N3N1O1O0O2GZOVQNg0jn18O1N2O0DoNjQNQ1Wn1POgQNQ1Xn1;0010000000001O1N101N2O001O1O002N2N2N1O2N101N102L100O1000000O1O1O001O1O01000O01O001O1O1O100000000O1O1O10O101N101O1N1O10O1O1O1O1M20001O10O01O010000O1O10001O1M20000O1OL\OmPNe0Ro1320O01O01000O01O010O1O1O1O0M301K05ON111N020N20OO110N200O0001000000000001N2N101O1M201N2O0O1000001N2N1000000O1O1000000N11O0000O11O01OO200N2O1N2O1N200M3ITOXQNn0dn1900000O1O1N2O1O1O1O2O1N101N:G1O2N1O00000000000000000000000000000000000000O2N2O001O0N3O0000O1O2O1N2N2O000N20000000000000000000O1O01O1N200N11O1000O100O100000O1O100O1L4O10O1O10000000000001O001O0000000000001O001O00002N001O1O000O1O101O1O0001O1O01O02OO02N0011OO02N02OO11N1O4L1O2OO10O1O3M1O3M1O0000001N1O2O0000l]RU2
20121216154954Bh_1,T_`T12mo12N4L100O2O1O00001O1O00000000000O100O100000000000000000O10N110N20000O100O10O1O1000000O1O2O0O2O0O100000000O2O1N10000000001O1O000001O001O01O01O1O01O0000000001O1O0000000001O00O101O1O000O010O0100000O1O1O1O010000O100000O1000O1JaPNJ`o15511O0O101O0NXaQd2
20121216154954Bh_2,P`fU24jo15M1N3M100O1O101N2N1O1O1N2O1M300N2O2M3N100O1O101O1N1O3N0N4N002N001O1O001O1O001O001O00001N2O0O3N0000000O1O100OO110N11OO200N3N2N100O1O10001N101N10O101N101O000000001N1O2O00000000O1O100000000O1O1001O1O00000000001O1O0000002N0000100O01O0001O0100O0000000001O001O001O0100O01O1O01O1O0000000000000O2N2O0O1O2O1O1O1O00011NRRNcNYm1^1eRNeNYm1[1fRNgNYm1Y1gRNhNYm1W1fRNjN[m1V1cRNlN\m1T1dRNmN[m1T1cRNmN]m1S1cRNmN]m1T1aRNnN^m1k1O002N[OdRNfN\m1Y1fRNgNYm1X1iRNhNVm1T1oRNlNPm1S1RSNmNnl1Q1TSNnNll1R1TSNnNml1P1TSNQOkl1o0USNQOkl1o0VSNQOil1o0XSNPOhl1P1XSNPOhl1P1XSNPOhl1P1XSNPOil1o0WSNROil1l0YSNTOfl1l0[SNTOel1k0[SNWOdl1h0\SNYOcl1g0]SNZObl1f0^SN[Obl1d0^SN\Ocl1c0]SN^Obl1b0^SN_Oal1a0_SN@bl1=^SNEal1MlRNBa0d0dl1\O[SNJNP1gl1SORTNo0^m13N101OO1O1O001O001O00001M3O0O1O2ASQNHon16TQNGmn18?N2O0O2O1O01O10O1O001O1O001O001O1O1On]e[1
20121216154954Bh_3,af`U17io12M2O1O00001O0O2O000001O000O1000000O100010O1O0O10002OO1O01O1O020N011OO11O001O001OO12N0O00110N1O2N020N1O10000O100O011N011OO02N020N001O11N01000O00002OO0001O1N101N2N1N202N001O001O101O0O11O0O4M1O5J114J100O011N02OO12M106J1N3M2O1OO020N02OO10O10O1O020N011OO100O010O1O011OO01O10O1O02N01O10O1O01O10O10O10O1O02N01O01000O5L1O1N1000O00100O1000O1O3LhUm_2
20121216154954Bh_4,RhbR12no11N2O1N2O01O0000000000001O00100O2N1NjWWl2
20121216154954Bh_5,gh\T15ko11O1O101N1O2O002M2_PND[o1e0L001O0O1002M101O0O3OOO3N002M105K1N2O0O3LQVei2
20121216154954Bh_6,jlPc23lo12N3N1N2O1O3M004M0Om0SO1O10O10O11N1N3N1O2M3N2N1O2L3N2G9N6G6M^RS[1
20121216154954Bh_7,ll\a37ho12N3N1N3M2O2M2O4lPNYOgn1R1O6I2O2M011N011OO2O1O3MO14L002N002M102L2O2KmPNYOTo1f0lPNZOVo1g01O2OO03M1N4M1OjQS<
20121216154954Bh_8,`[ig06io12N6K2OO0100O1000O01O0100O00000001O1O01O001O0000001O001O0000000000001O000000001O00O1000000O100000O1O10000000000O0001000000O1O1000000000000000001O1O01O001O0000001O1O0000001O1O000O3M2O2MRd\R3
20121216154954Bh_9,`bgQ23ho17M2_Oa0M3K4M3L4O1N11OO02O1N2O1N2O1\OZQNJjn15YQNGkn16`0O2O1O1M3O2Lb^dl1
20121216154954Bh_10,]e]P24ko12N1O101O1N1O2O1O0N3O1M2N3M3M2N4N0N3O1O1N2N2O1O1O1O1N2N101O1O000001O101O0Oc0_O0N4NOO4NOO11OO000002N01O0011N0000001O1O01O1O1O101N2OO01O1N2O1O01O02N000000100O00010O1O0001O1O00001000O02N002N10000000O00100O1O1O0001O0001O1O001O1O001O1O1O3KnXXh1
20121220110614Th_1,f^nb22ko15L3K5O115KO000O0O3M2N4L4HYaU\1
20121220110614Th_2,b_Tk28ho10I:L2J7M2L4N10ETQNAmn1>UQN@kn1><01N2O1N2O1N20OO2000000O10O01000000000000001O001O000003GWa]R1
20121220110614Th_3,dflc21no12O0O2O1O0000000O1N2O1O1O10000O1O01O10O00010000O1O100000000000000O1O1000000001O1O000000001O1O00000000100O011N002N020N02N00001O1N1OaYoW1
20121220110614Th_4,omXd27ho12O2N1O20O1OO001000O002N1O3M1NfQgZ1
20121220110614Th_5,`QSi12no12N02OO1O1O10O0100O002N002OO11N020N020N03M1ORn^U2
20121220110614Th_6,hTa^22mo12O1N2O1O00001O001O000000000O100O2O1O00000N3O1N1O100PQN@`n1a0^QNAan1?\QNEcn1<[QNEen1l000N1000000000O2N101M203L2N3N1O1O002N003M1O0N200N200O1O10000N201M3Noj^]1
20121220110614Th_7,R[[U14fo1<I3M>iPNRObn1Y1K6L0N4M1BXOaRNM\m13eRNMYm14lRNJRm15oRNLll17[SNFal1;`SND[l1`0kSN]OSl1b0oSN^Onk1d0STN^Ojk1b0VTN^Ohk1d0XTN^Ofk1b0ZTN_Oek1`0\TNCak1<`TNDak1;_TNG`k18`TNH`k18aTNH^k18cTNH\k17nTN@Rk1?QUN@nj1?TUN@mj1>UUNBjj1:\UNDdj1:_UNE`j1MgSNEW24Rj16[VNIci17aVNH^i17eVNFZi1:W3O1O00001OO02O001O1N3Nafbg2
20121220110614Th_8,]`[h02mo13N1O000O100O100N200O1O10O10O1O01000N2000000000000000000000000O1O010000O01000010OO11O0000O101O001O01O001O0000000000O1000O1O011O00O01O10000O1O100O1O100O1O100O1O10O100O101O1O0N3O1O00000O1000000001O0000000000000000000001O1O00000000000000000000000000O1O101M3O1O1O0O3OO001O2N1O2N1O1O001O10N100O2O00O2O1N10001O1O00000000000001O1O0O1O1000001O001O000O100O10O10O2N102N0O1O10000001002M1O;FO11N1100O5LO04L0O:F101N1O1N102N002N1O1O00001O1N1O10001O1O01O1O00000000O01O2O0O001O1O10O01O1O1O00001O1OO20O1O10O1O100O1O10O1O1000000O1O1000000N200O1O10000001O4L1O2M1O100000000000000O1O10O1O10000O1O10O1O10O1O100000000000O1O01O10000N11O100000O1001O0000001O1O000000000O00010000N200OO1100O1O01OO20000000O01I601N2O1N200OO110O1O1N20N100N3O0O2O100O1O001O000N21OOA_QN@dn1?>O101N2OO0200N11O010N101N100O2000000001O1O00000O00010O0001O1O01OO20OO100N030OO110N200N11OO200N1O11O0O10000010N100010N020O1O1I60010O1O000001O1N11FBQQN<Qo1EoPN:Qo1GoPN7So1JkPN5Vo1MhPN3Xo1:001O1000OO1100000O1O10001O10O0000000000001O0000000000000001O1O00001O1O0000000000000000000000O1O1000000000000000000000O2O0O2O0000000000O10O010O10O1O01O01O01O01O1000O1O10O100O1O00010N20O1N10010OO110OO20O100000O0010O1000O1O100000000N11O100O1O01O01O1000O00010000000O01O1000001N1O0100O00001O1O1O1O001O001O10O00010OO11O000N3O1J4200O1O101O1O000N20001N2N1000001O001O000000000000O02N1Oadno1
20121220110614Th_9,l[WP22mo13M10000O1O11O0O3KXdTo1
20121229085414Th_1,kcXU15jo11N2001O001O0100O0100O1O00R\ki2
20121229085414Th_2,mcZV21PP21N100O10O1O10O001O101N010O10000O0002N0010O10O1Nf[Sh1
20121229085414Th_3,Rd^V12mo13N1N2O010O10O001O101N0110N2M3M2O1O0001O3L1O3M2OO1O1O10O100000000001O0001N101O00d[of2
20121229085414Th_4,cdT^15jo1102N001000O002N001O10O1O001O10O1O01O11N01000O1O1O2NnZU`2
20121229085414Th_5,\hdP23mo11O001O1O0001O1O00001NbWcn1
20121229085414Th_6,iXmi26jo11O4MO12N010N011O00:FO001O1M201K40O100O000L5O10000O1O10O1OO2O10O101N10000O0N2O2O00N21OO2O1O001O001\NDbSN<`l1D_SN=bl1DZSN<hl1EVSN:ml1HYRNK4>fm1GSRNO3;lm1T12N3M102K4N2N2N2O0O1O2M3D;O1L4O1L5N2L3O1N3NhhVQ1
20121229085414Th_7,`\ia28go11O3N02N001O0000aPNKSo16kPNKTo1b0OO10O1O01OO11OO200N10001O1O1O0N200N21O10004M1O000O00001N2O00000O1000O1O01O0N20N2010O01O01O0O110N20OO10O100L32OO2O1N1001000O1O01O1OON4O1N20O0O1N21OO@jPN9Wo1GjPN8Vo1FlPN8Vo1HkPN6`o1O1O1O2Nhd^X1
20121229085414Th_8,l\_S13mo11N2N1N101O1M2@GZQN9en1b0000O1O10001O1O3L2O1N20O1O010001N1N4L2O5J3LZcbj2
20121229085414Th_9,c^mo06io12K310L310N020N020N020N02O1O10N110N110M111J411L202K131OM400L40ON3O001O100O1O1000000N200N20N11O100O1O100O1O10002Lnb`l2
20121229085414Th_10,naQ_22mo11O1hPN0`n10_QN1_n11SQN100in14TQNO00jn1j00010O01N2_ORQNMon12SQNMnn12RQNNnn1`03O0N3O2L201N1O1N201M20O100O1O00001NO3O0M302H`^d^1
20121229085414Th_11,VdQX2<co12M3N1N2O1O2N1O2O01O1O7G3G_PN1io1N1O100Oc[jf1
20130104104234Ch_1,cddP1:eo12XOk0K2J:J3L5L2M4MnNXRNNdm1FSSN7hl1IYSN8dl1DfSN9Xl1HiSN7Wl1FQTN4Pl1KRTN3Pl1IUTN5mk1HUTN7jm101N2O0OgZom2
20130104104234Ch_2,\d^Z24ko13M100O1O100N2O00010N2000O01O010000O1O01O100OO20O1000N3O1O0000000001O1O001O1O0O1O10O1O100000000000O1O100L301M300N2000O1000002N006J1O1O00000001000O000000000000002N001O1O0000001N4Kn[m_1
20130104104234Ch_3,Vd`a26io12N3M2N3N1O2N1O000;F001N1O03L2N5L1N3O001O04NNO4NO01OO1000O010O1O2OO00001N101O100O0100O6I2OcZc[1
20130104104234Ch_4,geTZ2;co12Kc0B1M5M001O001O12N00000O1O1O3M1O6NMO22MO11OO1O1O2N101O0O02N011O08IO02OO013L111MO3ON11O0O8G2N]Xkb1
20130104104234Ch_5,Tf`d23jo14L6M1O1O11OO12OOO4M1N1O10O010O1O102M002O0000000001O0O10O010N3M3OO10O04K3NRYSY1
20130104104234Ch_6,Rg\o28go11O10002N011OO02N001O10O101OO1O1O2N6I3K5M1N2O1001O3N1SORQNe0Zo1NMO6NMO22M005K02N0O2N1000hPNDjn1i0001O1O001N2N101O0O2N100O3N013L111ON110N119E112MO3O0O0000O10O5K4L4L1O4K2NYVgk0
20130104104234Ch_7,ihR^23ho19K2M7K101N0>B2MoV[a1
20130104104234Ch_8,PR[[14jo1:G2N6lPN@^n1b0^QNAan1Q1N0BmNoQNS1Pn1oNoQNQ1dm1]O\RNd0am1^O^RNb0bm1^O]RNl0Zm1UOdRNm0\m1n0N02cNfRNN[m10gRNO`m1IaRN6`m1JaRN4`m1L`RNUO8;Zm1?SSN^Ool1`0Y1O2M3N4K3N2K5O2I]nhb2
20130104104234Ch_9,cVQS32mo12L3O1^O`002N010L05NOK71NN40N010N110OM400M1FePN4^jdk0
20130104104234Ch_10,PW_m14ko12O1N1000000000002N000000000000000O2N2O000O1O10002N001N2O2OO8JN11OO020N002N11OO00001O1O0O2N2O01000O110O05K001OO110OO3ON02N001000O001000O01O02N01O0001O10O2N1O2N002N002N002N1O10O1O00000000000000O100O1000000O2O1O100?@002N01O10O11N002O001N1O0002N002N006J011OO01O1O2N00ffVj1
20130104104234Ch_11,SX]S35io12I7O1O10O1O2NXhRl0
20130104104234Ch_12,\Xgf21no19H3N7I05H4L]gjX1
20130104104234Ch_13,VYeg0f0Yo11M9J2O1OOc0]O1NYfjW3
20130104104234Ch_14,X[]l28go12L6L1O2O1O000000O2M201N100O000100N011O000001O100O00010O1O10O1O1O1O100N101O0000O2O1N100O2O10O000100N200N20O00010O2N2O1O1O02N2N2M10O1O0002NeeVo0
20130104104234Ch_15,[]ej29fo12K9K1N4M107H112L1O100O2O0O0O2OSO^QN=`n1CbQN<^n1AmQN7Sn1InQN6Sn1FTRN7lm1GURN9jn100O00002OO10O1O000011N102N000O01O1O\ajR1
20130104104234Ch_16,_`kk13ho16M3N1O1M3O1K5O1F<N0L6M1M4O0100O1O1O1O1O4L1N4M0O3OO001O00001N2N100001O1O3L2N3N00O01O01O1O100O1000O100O10O1000O1O10001N2N2O1O00001O000000001O01O0O2N100O1O01O0000000010O1O1000O000100000000002L2O2M2O2M2000001O1O00000O2O0O010O1O101O1MV`ll1
20130104104234Ch_17,QdQQ13lo12N2O0O101O1O002N1O1N1O100O1O01O101O1O001O1O0001O001O000001O001O01O1O000O1O1000000000100O01O0000000O100001O001O1O01O01O1O001O010N1O010O0010O1O2O1O1O1O01O1O1O1O00002N1O5K1O2N1OO1O1N201N1O0100O1O1M3O1OO11M11O011OO02OOO300N2000001O1N1O100N200M3O1N2O1O1O00010O01O001M30ON201N201O1O001O02OO0000010000O1O0000000000001O1OO2O0O0100O100O01M2O1J600O011N0110N201N1O1O1O0O200N2O1O100O1O0000O3O0O2N1L4O1J410K06ON111N020N11O0O2O1L5N2M20O01O10O1O10000000000000O1O10OO20OO20O1O0M301L4O01O100N200N11N011N200N2000O1O1000O01O010O1O10N3O1N3M100O100003M1O01O001N2O3M1O2O00O002M1O1N2O2M3N1O100O10001O10O001O01O1O000000000010O001N100000O100001O00001O1O01O1O00000O100O2O001O00001O1O2N001O1O0O100O102N001O1O000000000N201N2N]^RY2
20130104104234Ch_18,XdU_2:eo11B>O1N2O1O10001O001O0OO20OM400N2O10O1O001OO101I7N3H9Ma\R_1
20130110085614Th_1,iXhU22mo12O001O001O00002M3M5L00h0WO2O1O0OO2N2L4N011OO110N101L3001O0001000N200N200N200N200M2O1O2O0O201M2BhPN4fo1K1O5K[gQg1
20130110085614Th_2,[`hT23n00mm11QRN2dl1LfRN2a0i0[OA\m1GfRN3?V1gl1X101I9L1M7L1K9eSNeLfk1]3XTNeLdk1S1YTNPO7L9P1Tk14^TNnN7L:P1nj10`VNN]i12eVNNWi14oVNHoh18SWNIjh17XWNJeh17\WNHch1EPUNJ^2b0`h1CSUNK]2d0]h1@[UNIl25gg11_UNIj27eg1IiUN0f28\g1HnUN0f2<Xg1AVVN2e2>Rg1^O[VN3d2>Rg1\O\VN6e2=nf1[O^VN8e2<mg1CUXN=jg1CUXN=kg1DTXN>jg1BVXN>lg1@UXN?kg1AVXN?jg1@VXNa0jg1^OVXNb0lg1\OVXNc0ig1]OWXNd0ek1M100000O1O020N02N1O10000O002N002N001O1O10001N011OO002OO11N01O1O01O00O100N3O2KT\Yf1
20130110085614Th_3,acRR3352[o1?L1M5M1N5K3N8H1M200L4O1I7O1O3NXOPRNAom1NPRNF:9em10SRNE9<am1NZRNC8?]m1M\RND8>\m1LWSN3gl1M[SN1el1IeSN5Yl1KhSN5Vl1JPTN5mk1KSTN5lk1LVTN5gk1KZTN5ek1K^TN5_k1KaTN6^k1JeTN5Yk1KhTN5Wk1KkTN4Tk1LlTN5Sk1KPUN3oj1MRUN2nj10RUNOmj11TUNOkj11[UNIej17\UNIcj18]UNHbj18_UNHbj17]UNKaj15`UNK_j14dUNK[j14gUNLXj14iUNKWj15jUNKUj15lUNLRj14oUNLPj14PVNNni12RVNNPj11PVN0ni11RVNNoi11RVNNoi11RVNOmi13RVNMmi13TVNLli14TVNMki13VVNMji12XVNLii14WVNKii16WVNIii17XVNGii19P3000O00001O1O1O1O020N11OO002OO11N1O10O10O10O1O11OO11OO20N03O0O2ON110N02N1O1O1O2O00O001O10000O11OO020N02N0002N02N0001O01000O1O01O1O`[ge0
20130110085614Th_4,fcl`22lo13O1O2N2N0O3M201N10O104LO03OOO1000O2OO11N11OO020N106J0O3N1O1N11O014LOO13M0O6J1100O00002N1O6LM1000O00002N002N1O2N1O00002OO01000000012L110N021N014K013K202MO40MO6NL16LNO22L122L011OO4L004L005LO02NO11N011OO02OO12N0000000O1O1O1O1MgWQX1
20130110085614Th_5,Zjlm04jo13M3O1lN4nQN3mm10QRN1jm1Z1J2H:L2M4M1N4M1KTNXSNLH5ml1N^SNKF8jl1IgSNCKc0]l1IjSNBJe0\l1GgTN8Yk1FhTN;[k1@hTN?Xk1_OjTNa0Wk1]OoTN?oj1ARUN>nj1BTUN>kj1AUUN?lj1_OXUN`0Tm1O3OOO20N04NN115J020M020N020N020N02OO11N011OO002OO11N00001O1O002N01O1O01O0100O1O1O3]OePN;ao1O10O10O1O00000000000001O1O00O1O10O0001O10N110O100OO20000000001O00O1000000N200OO11O001N101M111OO11O010M3O1N200000N2O100O1O10000N201O00O01O10000O000000010O1O01OO200O1O10000O1OIKdPN6[o1MbPN4]o16100N2OO12OO110OK6O1O1O2MXU]g2
20130110085614Th_6,[PQc13lo11N2O1O10O1O01O100O1O01O01O1O1OO1100001O0000O1O100N200N3O1M200OO1100O1OO11OO1O10O1OM5OOO20N111M03OM220L2G_OWQN`0gn1<10mMXOoTNg0Rk1[OmTNe0Qk1^OnTN`0Tk1@lTN`0Tk1AlTN<Uk1FkTN9oj10ZSNDU1:bk14WSNDV18ck1f0ZTNXOhk1i0WTNWOmk1h0nSNZOSl1e0lSN\Ocl17WSNMil13VSNNml13kRN1Vm1NiRN3[m1Q1;I8C8N9F2O4K3N3E:N`RkW2
20130110085614Th_7,QR]W13lo12O001O00002N0000002N0001O1O01O1O02N0011OO00001O1O02N01O1O01O1O00001O1O01O10O11OO1O2N001O1O01O11N01O1O000000000000000000001O1O0000001O10O1O00020N1O2N1O01O1O000000000000001O001O00001000O02N00000000010O1O0001O000O1O10000001O1N1O100000001O001O000000001O1O00jlb`2
20130110085614Th_8,d\]d22lo12N4N002N002M2N4M0O3M102N1O3M114J1O;E11N019G1N2N1000O02N002OO14K1O2N2O000O2N003CcPN1^o1McPN3eo101O2MPbhX1
20130110085614Th_9,]]Wd12ko14N1M30OM301N011N010OO201N100O200N11OO1000100N3M_cVZ2
20130110085614Th_10,gcam1188To1KjPN7To1KjPN6Uo1LjPN5To1?M002N00001O1O000001O1O2N001O1O00000000010O10O0001O1O00000OO101O001O0100O000100O2N1O100O1O1O01000O1O1O1O1O1O10000000001O1O000O100O10O000O2OO11O1O1000002N000000N11OO200N11000O2N1000001O000O100O10001O0000000O1O10000000N200N20O01O2O0000001N2N10001N1O2O0000001O001O0000000O100N1001000O100O01O10000O100O100O1O100L4O2L3O2N101O1O03M1O4L002M1O10000O11O01O9G2N0000O1O10000O1010O000OJYOTQNh0kn1ZOSQNg0mn160000000000000N201O1O00000000000000000O100O100000001O1O010O1O00001O010O000001O000000001O1O3M10O0000O01O1O0100O1O1N2O101O0O1O10O1010002M102N0O00100O011N01mPNVOPo11PQNi0So1O02N001O1O0001O002O1N01O0O10000001O1O8H2N5C`PNObo1O`PNO][T`1
20130206063154Uh_1,`alP11oo11N1O2O1O1O2N3M7I1O4L02N00001O1O00000O1O100000000001O10O10O1O200N06NMO4NO011M020OO20O100OO4ON03NN03OO001O001O002aPNDUo1c01O1004LAkPN2Uo1LmPN4So1HPQN8\o12N0O10100O0011O1O000O105K0O001O1O00001O1O0000002N1Mk[_i2
20130206063154Uh_2,ea`n11no13L4N003M1O5K1O4L1O1O01O1O000000000000001000O00001000O000000011OO000001O0001O0O2O0001O11N0001000O02N002N002N001O1O01O11N0011OO02N022L112L101OO11O111kPN[Ohn1e0UQN]Oln1l00001^QNTOlm1m0RRNXOkm1f1IO57URNiMUm1X2hRNlM4Mhl1P3M100OO2O006I1O4L1eMjRNj1jm1lMXRNh1Qn1O3M003fNhQNf0Yn1XOiQNg0Ro1G0O2O1N200N20N111M1Oa0_O10:FO14bQN`NSn1g13N0O4MO03ON03OO06I001mN^QNf0an1VOcQNi0Po1LO08H002N0O20OOaQNEYm1;bRN4LEWl18jSN6MDZl15eSN=CKfl1HfSN?BKhl1GbSNd1[l1[NdSNg1\l1ZN^SNn1_l1QN`SNQ2`l1PN[SNV2cl1jM[SNW2el1b0011N002N001SNkSNoNC<dl1b0mSNoNA>bl1<QUNWOoj1h0SUNWOoj1d0X2O1N2O1L4O3M1O8GkVUg1
20130206063154Uh_3,^cPa14lo11O2N1O2N02N011OO00000000000000000000000O1OO20O100OO20N200N020N11OO200N020N020NO3OO11OO11OO11OO2O0001OO02O2K_]a[2
20130206063154Uh_4,delV18go12N4L102OO02N0200N2N0020N01O1O0001000O00001O1O00011OO000011OO011OO0001O10O11N000002OO1O0000000000000000000000001001N1O001O1O002N0010O02N101NXYed2
20130206063154Uh_5,VfTh24lo1002N011N01O010O10O0000000100O010O10O10O1O001O1O^YYV1
20130206063154Uh_6,bfni23lo1`0@3N4L1O4M003MOb0BMO3OO12OM130L041K130L031M020N025I021MO24LN60K051KN5OL06NMO9IN13ONO4NO000002M1O4JlUmR1
20130206063154Uh_7,Yi\n02mo13L3O0O1O1N1GIjPN8So1;O2O101O1O002N03OO04NOO4LO210N004L001O01O0O5LO04M0O3L2O1O00000001O01O1O001O1O0020N001O1000000001N011OO002N01000O1O110N011OO01O10O0001O1N10001O0N3O0N4N002M100O2O1O001O02QOUQNf0So1O1O01O1O000O11O01O^OnPN7Qo1HQQN7]o1O002N01O1O000000000O1O10000OO11O100O02N1N3G_PNOaTii2
20130206063154Uh_8,hjbW15ho14N1O100J6N2O1O1O100000000000000OO101M3O1N2O1N11ON3O10000O1OO200000000000001O1O1N101N10OM301O10O00101N100O100000000O1O00001O1O100O10001N2O000000000000000O1O1000O100OO20OO201MZVmb2
20130206063154Uh_9,UWQe11mo14M1O2N101O000000001O001O01O1N100O2O1O001NlhbY2
20130206063154Uh_10,`WQd14ko12N2O000001O001N2N`hZ[2
20130206063154Uh_11,g]]b24ko12O3M3M00001N1O2N1O100O1O10000O1O01O1N2N2O1N20N1100O1OO20OO110O01O01O1N100O200L31OI520OO2010O0L400J52OOO200O20N010I521M0WOPOgRNP1Ym1TO_RNQ1`m1QO^RNo0bm1g000NM40MAc00OK7OOO3OOO3OO010N21OOJYQNUOhn1k0403O001O001O1N11OO2O1M21ON3OO020OO20O01O10001N2N6K2N1M2O_ffV1
20130206063154Uh_12,a^aT16io13M3N0O2O000O1OO20N110N100001OOO300M3O10O1O01O1000O100O0100O10000000000O0101N10000000000000000000000O1O1000000000000002N000O100O100000N0200O10N1100O000100OO110N20ZbZf2
20130206063154Uh_13,Qail21no13L200N200N2N2N2N2J601O1O1O3M02N0100O01O00O10001O010O000002N01O2O000O1N1001O001O1O2M102M2O2N1O1O1O1O00O10000000O100O10O01O01O00010OO110O001N3N100O4M1MR_^n0
20130206063154Uh_14,ScYk17ho110000O100O10000010O0100O02OO01O1O6Ie\`S2
20130208063134Lh_1,a`nc12mo12O1N2O00000O1001OO2O001O0000000O1O1O1O100O1O10000000001000O0001O1O11OO001O1O00011N011N000011N000O2O1M2000001O1O01O10O10O3M105K0O4L020N02N01000O01O020N11N102NO03N0O100O100010N020OO4NO011NO20OO2N011OO020N02N0020N02OO0100O01O11N010000O1O020N01001N5K1000O00000001O10O1@dPN<`o1002N1N2OO11O000001O005K0022K11OO02N01000O001O1O0020N011O0O5K020N10000O3M024K1O3L111M0202L4NN03OOO20OO5M0O1OO11OO10000O10000O11OO1O1O01O0100O00001O1O01O1O1N2N2N2N1N202N01000O000020N000011OO0000011N01O000001O10O1O00000020N0001O10O1O01O1O0000001O0010O1O001000O02N02OO10O1O01001M2NaYoj1
20130208063134Lh_2,oald27ho1104L1O:F1O2N020N01O10O1O0001O001O00O00010O0O100100O1000O1O2O001O0000001000O0100005LN2N2O00O01O1O01000O0001O1O1O1O0O102M1001O10O1O00O10001O1O0O3M1O2O001O0001O1O002N002N10000O1O002N0020OO20OO02XQN@mm1?QRNDom1<nQNIom18oQNK8Fnl1>fRN;L]O]m18dRN>L\Obm1n101O0O11OO001OEaRNVN^m1i1eRNUN[m1k1fRNTNZm1m1iRNRNTm1o1mRNPNRm1S2kRNRNQm1n1nRNSNRm1`0oRN<KXOTm1:SSNo0nl1kNYSNU1fl1jNZSNV1gl1gN\SNZ1cl1eN^SNZ1kl1[NWSNe1jl1YNXSNg1cm1N0002kQNbNbm1_1[RNdNfm1m1NO`0A001OO101OO13MO4NN12OO00000O2N10:F0000O1O1O2N2N^TNRNSi1m1jVN\NQNHaj1k1]WN^NQNIij1a1TWNlNlMHoj1[1SWNoNmMHRk1X1kVNNjh12TWN1Ri1HlVN<Si1DkVN>Vi1AhVNc0Vi1\OiVNf0Xi1ZO]VNd0fN\Nlj1P1\VNd0jN[NQk1Q1iUNi0VOWNQk1P1gUNj0YOVNQk1W1XUNh0HPNPk1Y1VUNh0KoMQk1n3PUNQLPk1o3PUNPLSk1S4iTNkKXk1U4gTNjKck1T42N5L1O4M0O8eMWTN1ik1FjSNgNa0a1ok1VO`TNj0`k1eN^SN6T1S1nk1dN`TNS1Vm1012M002NO11OgN^QNS1kn1NO0>C0N4NO020M030N02OO011M0202N1OO002NO20OO1O1O11N02N002N2N1O1O2N1NTRol0
20130208063134Lh_3,dcXY23mo11O00001O000000O2O001O00O100O10000N20OO2O0O2O1O00001N2O0O1O02O1M3NP]cd1
20130208063134Lh_4,bhln04lo10O3M10000000001O1O0000000000100O01O001O1O01O001O020N002OO1O011OO002N02N01O1O020N0001O11N011OO02N1O4M008H001N101O0O000100O>A4MUVSm2
20130208063134Lh_5,XiX^38go13M5L004L105K2O6IO6LO020N03OM215I071G2O5KO12N030M09KLkN\QNl0To1KN03L101O0O20OO7J002M10000O4M0O3MdSm>
20130208063134Lh_6,bi`k14lo11O1O1O1O0000100O01O01O1\PNK[o1?N4L1O2N1O1O1O001O1O1N2O0O10000001SO_QN9bn1F^QN:Vo1N000O100O101O001O01O001O000001O1O0000O100000000001O00000000O100O101O1O000O1O100000002N0000000002OO04MO01O1O000000000000O1O01O01N2O1N11O10002N001O1O00001O1O0000000O1O10001O1N1OaUol1
20130208063134Lh_7,dZeP34jo12N4N0N20000O1O100N020M111N020M111N011N01O00200N200N11O01OO100N21OO11O100O1O10OO20O01O10O1O1O1N2O100O1O1O1MO4OOO3O00000001N11OO100000001O1M300N200N200N110O0010ERQNDnn1;TQNCkn1==0OO110N20N20O1O10N02OOO30N0200N11O01O1000O1O10N200O1O10O1OO2000O1OO20O01O0100O000N3000N11000O1O10000000001O1O1N2Nchbf0
20130208063134Lh_8,T^ad13mo11O0000001O0000000000O0100O1000000N2000000N2000000N2000000N2000000O100O100000000001O1O00000000000000O100001O000000000000001O000O2O0O100001OO11O001O000O1O100000000O0001000O1O10000O100O1000000O1O10O10O0010000O1O1000O000100000O1O1N200M3O100000O000100000O1O1000O0010O10OO110N020N101O001O00001N2L211N011L031K23ON020O01OUMYO[VNk0fi1WOXVNj0gi1XOTVNi0ni1XORVNg0oi1[OmUNe0Uj1[OjUNf0Wj1YOhUNd0\j1]ObUNc0_j1^O_UN>fj1DXUN;jj1FTUN7Pk1IoTN6Rk1NfSN8BIkl10aSN9BGol13XSNm0nl1SOmRNQ1Um1i03O4H6N3L3O5G4O4K3N5TOj0MUfjo1
20130208063134Lh_9,j]aU35io11VO1SQN`0mn1:N110N100J0511N11OO2O1L4O1L300M4OON31K5O1M3O1M3O1O1O1N2O0M120L14OM211ON3OO02OOO21KJ`QNSOan1n08M3O2K5O1M3O1N3O1M200N200N201M3OVebf0
20130208063134Lh_10,^[]S12no100000N101O1O1O001O1000O01O0100O00100O1O1O2NmdTk2
20130208063134Lh_11,aamk06io12M4N0N4M1G;M1O3N002N000000000N200O000GoN`QNU1`n150O11MO40NN31M111I7N2LGnQNlNQn1T1QRNkNnm1T1TRNlNkm1T1VRNlNhm1S1]RNlNam1U1_RNjNbm1T1`RNlN`m1R1bRNnN\m1R1iRNiNYm1U1h011O0G9O2N2O0N2O2N2O0N210M20001O1N200N2O1O1Nl`RP3
20130208063134Lh_12,QcYm12mo12O00001O001O0O10001O010O000000000010O10O000000O100O10O10000001N1Oo\bP2
20130208063134Lh_13,ecaW23lo12M3M2N101O0O2O1O10000O100O100O0010001O000001O1O0000001N2O1O1N10000000000000000000000000000000O1O10001M3O00000000001000O001000O0000000000000O1O101O10O02OO110N3M1O10O01N101O0000000000000000000001N2N10000O2N10000O100O010000O1O10000O1O100000OO110000N11O10000O0001000O1O1000000O2N2O00000000000000000O1O1000000000O100O1000000001O1O000000001O1O000000O1M21OOO3O100001O1O00000O1O1O1O100O1O1O1O100001O1O2N1O1O1O1O0000001O001O000000000000001O001O0000000000O1000O2O0O2Mg\RZ1
20130213063454Uh_1,P^`^16jo11O4L1O6I2N4M1O1O001O1O00011O00001O000O2N101O0O2N3O1NO1O10000O1O0000002N00001O2N1O2N002N002N00001O1O011OO02N002OO02N1N2N1O3M2O1O002M10d`W]2
20130213063454Uh_2,Qgli06io12M2O1O1O1OO200O100O10000000000N20VYoT3
20130213063454Uh_3,]Xaa19fo11L4O1O01OO11OO02OO11N10001O01O001OO11O0000100OO110O1O00001O100O100N200O2N1O2N]hn[2
20130213063454Uh_4,dZaT24ko11O2O1O0O1O100000000O1O100O1O10O0001O1O1O1OO20O1O10N20O1O10O1O01O100O1O01O01O1N2O1N011O1O00010OO11O01OO200N11OM4O1L4O0O110O01O0010OO10100O1O1O00100N200N3O0N200N200O100O2O0N201M200N201O1O0N3O2Lof\e1
20130310063154Uh_1,j_XV15ko11K40OO101N0110N100O10001OO2000N11O0000100N2000O1O100000O1O10O000100O1O0100O1000000000O100O1000000N20000O2N1001O1N2O1O2N00001O1O0011OO02N020N010000O10O2O001N002N02OjPNBin1>TQNEmn1:QQNHon18oPNISo1a000001O1O0000002N00001O1M20001O11N002OO13RSN^OXj1`0gUNBZj1b0_UN@`j1b0]UN@ej1b0aSNZOK4h04jk1>aSN\OK3j03lk1]1STNmNVO_OSl1e1eTNXO\k1R1QTNVOnk1j0QTNXOPl1f2E030N4MO0O`0^O3K8XNcSNgNK9hl1m0_SNgNK;ml1HRSN;9@L5Pm1MoRN;6CL2Rm1LSTN1cl1N_SN0R[ea2
20130310063154Uh_2,abde04ko1100O2N4K3E<M2M3N2M4N1M3O1M2O2N4M104LaNiQN11f0on1OO01O_QNUOnm1j0PRNYOom1h0nQN\OQn1d0mQN^OSn1a0lQNBRn1>mQNKkm1W1OO11N4L00000000001OYOYRNVOfm1i0[RNWOdm1h0`RNVO`m1i0aRNWO`m1e0cRN[O]m1d0dRN[O]m1a0gRN^O[m1`0fRN@Zm11USNNll12TSNMll12VSNNjl12VSNNjl11XSNNil10YSNOhl10XSNOil11WSNOil11WSNNjl12VSNNjl10XSN0il1OWSN1jl1LXSN3il1LXSN3]n1M1Oa[_V3
20130310063154Uh_3,ifdm28go13N3L2N2HAmPN`0Qo19N2O10O00012N0004MN38F07NK031K028F222LO3OM17KNO8KOO6KO0:IL16LOO33J01O001N1O20OO4NOO4NOO11N02OO10O1O000011N02O000O1O001O001O0001O1O01O1O00001O1O0001O1O01O001O0001O1O01001O010OO04L12M1N[UWl0
20130310063154Uh_4,bmn]12io16N1M3O001O100000000000000000O1O01O100O00N3N2N200O010O100O1O101NoRo_2
20130310063154Uh_5,dP]Z15ko11M200N200N1000001O010N11OO200000001N1O1O1O010O1O10N200N10001OO02OO02OO02OYOKdQN4]n1NaQN3]n13]QNMdn15ZQNLan1j002ME^QN\Odn1c0^QN\O`n1c0`0L3L401K400O20O100O01O1N2OgQka2
20130310063154Uh_6,fScS11no13M10000000O1000000000O1O01O0100O1000O100O10N200000O1O10blbj2
20130310063154Uh_7,X[SV12no10O1O1O1O1O1O10000000000O1O10O100O01O100N11OO2O1O00001O1OO2O1M3N3N2N1O2NZebg2
20130310063154Uh_8,n[Yo09fo12L5M1M4N2B]O\QNd0dn1]OZQNd0fn1;001O000O2O0O100L4N2O1O2O1O000O1O1000000O100O01O0000O11OO200O1O10000N20000000000000O1O100O1O00001O1O10O1O1N2O0010O10001O2M2O0010O001M3O3L10OO20O01OK42O2N102N002N011OO01O010N2Omdfj2
20130310063154Uh_9,j[Ud14ko11O3N00000000000O1O10001O1N2O1N3N002N01O0010O1O00002N002N011OO02N002N1O3M2N2N1O2N1O2N00001O1O08H01N2O1OoN[QNh0dn1XO]QNg0cn1WO`QNj0_n1UObQNj0^n1VOcQNi0^n1TOeQNk0jn10OO11OO11OO110N10O100O10]OmPN7To1GoPN8Po1FTQN9kn1FVQN:Zo1N1O11OO1O011OO00001000O00001000O0002N01O1O00000000000000000000001O1O0000000N2000000N200000000000000001OO1000000000000000000O100O1O1M300O100O100N3O1O0002N0O1O100000O1O1O1O101N2N10O100O1O1O00001N20O001H701O000001OON300M4OO020K220MN60KN60OM5O1H8N2L5NRd^o1
20130315063154Uh_1,[YPj19eo14K7K2H9M1M30O100O1O101O1O1O001O001O1O000000000000001O001O000010000O10O10001N1O104L1N01O10O10001N11OO11N002M102M102N1O1O002N011NZQNCim1>URNDkm1>PRNDQn1<mQNESn1<kQNEUn1<iQNEWn1MaQNj0^n1TOdQNl0\n1SOfQNl0Zn1SOhQNm0Xn1POjQNQ1Un1oNlQNP1cn11N011N011OO10O1O001O1O002N002N001O1O00000O10000O1000O1O100000001O1O00000100O01O02N001O001O02N000000000000001O0001003L2N010O10O01O1O000100O010O1O0011OO11OO1000O02N011OO02N1O;F1O3L2O7I1Ne0]OO2OOO1O1O00000N2O2L4O1O1N2N2O2M2N4L1O3M100O2O1O001O1O00002OO12N0001O1N00111M003N001N1YRNWNUm1k1gRNYNXm1h1dRNZN\m1W2N00000001O00001O2N8H1O3L2O8G2O3L1O3M1O2O10O1O01O10O1O02N00001N2N1O3N001OnQNROSm1n0kRNTOUm1k0jRNYOSm1g0mRNZOSm1e0mRN_Onl1b0RSN@kl1a0USNAil1?WSNAil1`0VSNBhl1?VSNBjl1`0RSNDll1>RSNBol1c0jRN@Um1a0hRN@Xm1g1M1O4L002OO1O1O1O002N1O1O0O2L4N1N3N2O023MO03L002N002OO01O10O10100O003L101N1OSNYRNb1fm1]N\RNd1cm1ZN_RNh1_m1WNbRNi1;SNnl1a2M14L_SNfM[k1Z2cTNhM_k1W2kSNfM46Rl1T2hSNhM46Xl1R30O2N1O1O002_MYSNe1gl1ZN[SNe1fl1ZN[SNd1fl1\NZSNc1hl1j0001O1O1O1O1O1N1RNSSNh0nl1XOSSNg0ml1YOUSNd0kl1]OVSNa0kl1@XSN9kl1GVSN7kl1HVSN6ml1ITSN4nl1KTSNGZm18gRNDem10_RNHhm17ZRNGgm17R1O2N2O001O1N1O3Mi^Q`1
20130315063154Uh_2,S_bl23lo12N2N1O2N2O1N2N102N001O1O001O001O000001O001O0001O1O01O1O02N00001000O000000001O1O00002N000001000O0001O1O002N002N020N004L002N1O1O1O1O10000O10001N112L200N11OO02N001O1O0001O10O10O1O2OO13L102NO11OO11O03bN^QNX1fn1O01OO2OO11N1O20OO100O100O20N022MO35I022K02O003NOO20O011[QNnNWn1R1fQNQO\n1g1BO20N02N1O1O1O2N10ObNlQNQ1Tn1mNmQNS1Un1iNSRNR1^n10:GOO5MOO5L004K1O6HW\mi0
20130315063154Uh_3,d``k22mo12N3N103M011M03OOO5L001N1O0100O001O1N1000100O1O10O10O10O10000O11OO20N020OO11O1O1OO11N111M021M110OO20OO11O011NO14L011N010OO20O011ON21OO16H12OOO8H3Ki\ko0
20130315063154Uh_4,h`Xb15jo12N10000000001O1O000001O10O1O00000001000O1O1O200N020N011O0O10O11N02N011OO011N010O10O101O0O1O011OO020N02O000O001O1O001O3KV^mY2
20130315063154Uh_5,VgXk14ko12N2O00001O1O0000002N00001O1O10000O1O100O100O001O001OO3H6O100001O010O100dPNFPo1;nPNGQo1f0N00000100O0O1O1L4O1O2O1N1000001O1O0000010O10O0000001O10O001O1O1O002N002N1OSXoo1
20130315063154Uh_6,^gPf1:eo1204K124JO20O111L210N0kPNZOQo1l0N02N0O100O3OO13NN030L12OO03NOO4NOO3OO011N014K0O2OO20OO11OO11OO20OO8JOO2OO11OO1O10001N011OO01O1O2N002N000012N1N2N1002NO20N03OOO20O02NO02O1M5K1OkTgT2
20130315063154Uh_7,hjjk12lo14N1O1O1O3M2N1O1O1O100O010O01O1O1O1O1O1O001O10O02OO11OO020N01O0100O020N01O10O1O02N0001O0010O1O00000002N0000001O1O0000000O2N2O00000000O1O1O1O1000OO110O1OO200N020M3O0O101F:M3N011VOi000O02OOO30NN400L301L300M31NN31KL8OO03OOO30NE=OOL6O1M3O1M3O1O1N2O2NVW_l1
20130315063154Uh_8,n\QU39go11M4N1O1O1Me0]O1O3M0N4N2N4L2M3M2N6J2I@^RNQO^m1o0cRNRO[m1o0iRNnNVm1R1kRNnNTm1Q1SSNjNll1U1VSNjNll1T1USNlNkl1OcRNf0d0ZOgm13`RNHbm16`RNHP`Xi0
20130328063154Uh_1,j[hP14ko12N2N1O100N3N1O10OO20000O1O10000O1O100N110N20000O1O2O00000O1O10000000001O00001O000000000000000001O1O000001O001O1O1O1O001O00O100O10000000001O001O000O101O1N10001O1O0O1O3N001O1N2O1N101O1O0000001O1O0000000011OO00011OO100O01O01O2N103M0O2N1O0100N101O0O2O0O2O1N1O2O1N2N2Ohcmf2
20130328063154Uh_2,beVe02jo1:I2M;F3N4K2N4L1O2N2K4O2L4N1N2O1N3N1N2O000000XOh000L400O11ON11OO20J420N111NN300O1001O01L300O100010O0000001O001N002N100O2O1OO110O1O1N2N1M301N10O100O2O00001O100N020OM3O2L300O10OO20OO20O011OO10OO21OO200O00001O100O1O01O100O0010O100000000000O100O11OO101O1O00O010O001O1O000M4OO02OO200N2O2N2O0000000O1O1O1M3O1O000001OON4OO11OO110O0001O1OO2000N20O10O1O2O0O1O1O100O100000000000001O0000000N110O1O10O1O1O1O100O2O0O2O000000000001O1O000001O10O1O001000O001000O01O1O000010O10O0001O2N10O0100O002N00001O10O1O00020N000011OO001O1O10000O10O10000O1O10000O2N101N101N0100O101O000O1O1O1O10004K1O2N02N0000002N00001O1O0020OO11N02N01O10O1O010003L1O11M102M102N002N011O0O2N1O1O1O2MS]]f2
20130328063154Uh_3,ddhT34lo12L3O1O1O001O1O1O002N000O1O2O1O001O1O01O0100O01O1O00011M103M1O4K3MQ[Si0
20130328063154Uh_4,RZWe14nn14dQN4Xn1McQN9Wn1l0VOfNjRNZ1Tm1PO_RNV1`m1lN\RNW1cm1c00001O1O01O1N101O0O2O0lNWRN1jm1KaRNL`m13bRNDDDlm1f0iRNWOem1h0j0N2O2H8N1L4O2M3O`gjX2
20130521063134Lh_1,leP]24lo10N200N2O1O10O000100000000000000O1O1000000O1O1000000O1O1000000N200O1O1OO20O1000O1O1O1O1I7O1O1O2O1NgZk_1
20130521063134Lh_2,gjhg25ko10O3N002N002M104K2O3M000O1O000OM400O110000001O1O003OOO20N02OO11N011OO11OO11OO112L1O2N1O2N001O10000O:F11OO110N1O1OPOYQNg0gn1WO`QNd0_n1]OcQNa0om1]OoQN449om1EkQN383nm1MhQN1So10kPN2So10kPN1Uo1=O002N1000000000002N011OO3M3N3MO03OO02N0100N1hPN^OQo1j0OO10XRNXOWl1h0fSN[O[l1c0SSN[OC7Wm1?TSN\OD5Zm1>PSN4Pm1LoRN5Sm1KjRN6Wm1J]RN[O1l0km1m0202N002M1O3N0O2L301K401M3M2N2O4J5N1M200N20000O1O10000000002N002DbPN2`o1KbPN4eo101O0O1O1000O1O100O1FLgPN5Xo1NfPN2[o19001O0O1O2O1E`PN2TSkn0
20130521063134Lh_3,eYa]23lo1102N002N00000000001OO10O1O100000000000N11O1000O00010000O00010N200O0001000N1100O1000000O1O10000000000000000000O100O1000001O1O0000000000000000O1O01O100000O1O10000000000O1O100000001N1O2O000N20lf^\1
20130521063134Lh_4,fYaf14ko13K4N2K4O10001O1O01O1O1O1O00000000000001O001O0000O01O0100000000O1O100O1O01OO20O1O10N200O1O1N2O3Hjf\V2
20130521063134Lh_5,l^oV13ko17K003M1O9G2O1N10O10001N20N02N011O0O3OOO1O0010O010O000001O1O0000001O1O01O1O01O10O1O001O1O000000000O1O2O0N3O0O1O1O100O2N2N1000000>B1O10O001O01O001O000O0010O101O001O002N00001N3M2O00000002M1O2O1N1O100O1O100000O1O1O1O10000O1O2O1O000001O1O000000O00010000N2000000000001O1O002N0O3M1000002M1O10002L200OQ`h_2
20130526063134Lh_1,WdVg01no13N0O4L2O2N1O1N1O2O1O1N1O2O0N3O0O3M101O00O100001O000001O01O10O0000011OO004L1O3M0001O001O00000O100O100O1000001O1O01O01O001O001O1O000O3N0O200N3N011N100O001O10O10O1O01O1O0000002M11O000001O10O10O00100N5L1O0000000O1O2M3O1N3N1O6KO01O1O000000000000O10O010001O000O1O10O1O100000O100O10000000O1O100000000000000O01O001O1O1O1M3O1K5O1O1O1000O0001J600N2000000O10000001O0000000000O1O10000O2O0O101O00000O1O1001O01O1O01O00000010O10O0000000000001O1O000001O10O1O002M2N2O1O1N2N2O001N2N10002N01O101OO010000O1O02N02N1000O0001001N1O100O01O00000000001O1N1O10O1O10000000O1O10000N3O1M200N200O1O100000000O101N2O00000O0001000O1O1N2O2LR[ie2
20130526063134Lh_2,`dna13ko18J1O0O1O100000001O10O001O00000001000O000000000000000001O1O000000000000000001O001O00001O1O00000000O1OO20000OO1100N200O0001000N11O10O1O100000N11O10000O1O1000000000001O1N2Nd[eX2
20130526063134Lh_3,jibW14ko11O100000001N2N10000000002N000O2N2O1O1O002N02N0010001N1O3M011OO01O1O000000001O0100O0000000000000000000000000000000000000000000000O0001000000000000000000O1O10000000002N10000O1O1O1O02O000O001000O0002N002N1O1O001N2N1O2N`Uca2
20130526063134Lh_4,\kT]15ko11O1O1O1O1O001O1O0000011OO01O1O0011OO000000000001O1O001O001O00000001O0000001O00O100O100000000000O1O01O1000O100O1000O1O1000N2000O1O10O1O01O10O1O01O0100O01OO2000O10N1100O000100N02000O00001L211N2O00010N020O1O01O100O1O10000N11O01O1O1O0O110N11O00001O1OO11ON200O11O10O1O1O1O102JRVYZ2
20130526063134Lh_5,amPR2;co12G;L5K4M2M4M102N11lN_QNe0bn1XOaQN2I=_o1G7MURSm1
20130526063134Lh_6,cPUR15jo12O0O2J500L4O1M3O00O2OO100N3O1M120O010O001OO11ML600N200OF_OXQNb0fn1CUQN=mn1:O11O1O10O1O10O1O10O0010O10O00M300M2O2J60M22OO200N020N11O01O1N2O0N2100000000001O0O2O0O1000000N200O1O1000000000O100O102M1O3N000N2000000N20O100OO20000000000O1O10007I1O00000O100O10O1O10N200O000100O01O01000N11O01O1O1O001O2MXRQe2
20130526063134Lh_7,iW_i13jo14N1N2O1O001H71OO200N020N11O01O1O1O1O1O10000ND>00M200O20O0001000N0200000O01O01001M3O\ijS2
20130526063134Lh_8,bWeh2;do11L4O1N1000001OO2O1O1N2N20jh^V1
20130526063134Lh_9,eWQS19fo12M3O1O1dPNE50]n1<[QNG50]n1e1_O1M6L1O5J2N3N0N3O00_OgRNZNZm1e1nRNSNRm1k1b001N2O1O1N2N200N200`NhQNX1bn1N2M2N1000O]OaQNF`n18dQNE]n19e010L401K40\hZj2
20130526063134Lh_10,TZmS14ko12N2O1O3M4L1O1O0001O10000O1O1O000100O011N011O01O1N100O01O011OO02O000O101O0O5K1O010O0103L002N010O1O001O1N2O1O001O001O0000001O10O1O011OO0000000000O1O10000000000001O000100O00001O0000O10000000O1O1000001O1O00000O101N2O00000O1O10000N3O1O0O1O2O1OXOTQN<mn1BUQN=Xo1O002N001O1O0000000000000N20000000O1O100N200O1O1J5O1O2O1O1O1O0000100O00010O01O2O0N3O2L3O001O1M2000000N11O10O1O01OO20NO11O2O00001OO100O10010O1O100O1O1000000000O0001000000000001N1O101M2Nbef^2
20130526063134Lh_11,i_Qi21no12N2O1O1O002ePNMen13ZQNNfn14WQNMin15TQNLmn16nPNLRo1a000002N00001O1O01O1O02N0020N04L1000O01O1O000000000000OO110N20OO101O10O10000001O000O1O100000O1O100O1O1O1O10000O100O0100O10O00010O1O1O1OO11OO2O00010N20N20000O1O01O01O1O1O010O00100O00010O00010000O1O100N2000O0J601OO2O100003M001N1O001N2N2M20001000O1O4M2M5K2O001O1O0O1O1000001N1O10O100000O1OO02O1O10N11O1O00JDfPN?Yo14K6O1O1O1000000001O008H5K1O1O1O0O3M100N202LZa\k0
20130530133654Bh_1,PZTb18go11O3N001O0100O2N0002OO1O00000000O1O10001O1O001O0O001000O100O01O01O10000000000000001O1O0000O1O100000001O1O00001O1O01O00O100O1O1000000001O1O1O1O2N0001O11N0002N020N001O001O01O1O0000000001O1O01O1O00000O101N2O000000000000000000001O001O0000001O1O00000011N00100N10000O100000000000O20O01O002N001O1N3MYeeT2
20130530133654Bh_2,k]f_13lo13N001O010O001O1N2O1M3O1N1O2M4N1K<G1K9@dNSRN]1lm1fNQRNa1hm1aNVRNa1jm1<N100O10O1O1K5O1L4N3N002N002M1O2O1O00002N01O1O020N01_O^QNCbn1:aQNE`n19bQNG^n18cQNG_n18_QNIan18]QNIen1h01000O]OZQNLhn13YQNKgn17WQNIin1g01O1O0000000MUQNPOln1o03001O;E111NO31MO3ON111M04N0O3MO12N001OO02N0020O100OO2N002N00001N2N103M3L4M1N100000O1000000001O01O2N1O1O0010N6K1N3N10O1O00000001O1O00000000000O00010000000O2NT`SW2
20130530133654Bh_3,b_ji14ko13N01O10O1O2M3N1O3M2N3M1O9H01O000O1O1N201O0003M3L:F1N2O0O2N2K4N202M101O3N5J1N2O000O10O2N2N1O2O1O2N0020OO11N02OO10O0001O1N101O1O1O1O0001O0N3O0L4O000100O1O01O1000000O101N2O002L2O3M2O1O00000001000O001O1O0O2N2O00001O1O002N0011O0O2N1O2N01O1O0[OYQN1gn1NZQN2hn1@ZQN21;Zo1O2N10000O100O100000004K3Ma^gm1
20130530133654Bh_4,ca`R23lo12O1O1O1O1O1O1O10000O01000O00001O1O1004K2O3M0Om]ok1
20130530133654Bh_5,jclV24ko12N2O1N2N2O1O002N1O1O0O3N1O1L4I:L1L4N2O0000O1O100000000000000000000O1O10000O2O1N10000000001O1O001O1N2N3N02O1N000002L2O3N003N0004L011M03OOO5K1O2N006H3O_[[d1
20130530133654Bh_6,RdTQ37io11O0000001O1O00000000000000000000000O102M1001000O000011O0O1O010000O1O1O1O1000O001O10O11N002OO11OO110N011N000002M2NY[Wk0
20130530133654Bh_7,Ted`26io12O3L100O1O100M200O11O01O1O1HBmPN?nn1<000O100O10O101N2O0N201M3O002N00_O`QNB`n1=bQNB^n1<fQNBZn1>fQNB\n1<fQNBZn1>fQNBZn1=e0O2O1O001O1O0000000O2N20O0010O1O002N1O2O0N3M[[a[1
20130530133654Bh_8,bdPR11mo14L:G2M7J2O6J122L02N0O4M1N6K0O8JOO20N022L020OO20O010N11OO110O009F2N1O0N200000000001O10O10O1O000001O000O1O10000N2000O100[OVQN4jn1KXQN3in1J]QN1fn1M\QN2Xo12O102M011N01O01O1O002N0001000O011OO11OO100O2OO1O2N1O2N0110N5LO04MO02N004IgXeg2
20130530133654Bh_9,^hd<2no1002N110N10000O3N1O3L11K4NZW_b3
20130530133654Bh_10,[jlY16io12O4K102M2O1O003M1PQN\Obn1V1K0cQNkNom1W1jQNPOTn1Q1jQNPOVn1]10001001aNoQNk0Rn1SOPRNl0bn12N1O3M002N00001O1OO1O100K6N3L3O7G3O1O1N1O01O1O10100O10001N013M0O3M1Oa0_O101N010O01gNjQNh0Un1VOmQNi0in1MO12OO011M03OO13OM03ONO2N1O010O0O10O100O1O1N2O2N101O00O101O3L102N1O1O1O0001N2O2N5K1O2N0001O1O0002OO11N0001O1O0O1N2O3L20000O3M100N200N2O10010O1O02N002N00000001O1O0O1O11O10O11N002N001O10O1O0000000000001O1O00002N01O1O102NO04L013L011N1O1O1O1O1O1O002N0001O1O000001O10O10O10O1O01O0100O0001O1N2N2O002N000011O0O1O0_OYQNIin10g0N5FiQ]X2
20130530133654Bh_11,boTi2:fo11O1O1000O00002N000O100O000010O1O100O1K5N1L401N100N21OO0200N200O1O2O1O0N2000O1O10OGARQN?mn1GmPN;nn1=001O1O1O1O2N2N1O2N2O002L201O0O0010O1O10O1O100000000000000000000000N02000000N11O1000O0001000000N020O1O1O1O100O1O1O1O101O1O000O1O10000000N200O00001O1O000O200M200O2OOO300L40ON201N20^R_n0
20130530133654Bh_12,WYmh2115do16M6L0N3O1M110N200O2N1N200N2O1H9N2O2N0N7K1O4K2G:M1M3O1N110HGoRNSNhj1NQWNo1ZNoMdj1:XUNMo0i1]j1\N`TNNQ1e1cj1oNWUNQ1nj1nNPUNS1Tk1lN`TNW1hk1jNRTNY1Tl19iSNlM_l1R2cSNmMal1g1iSNUN[l1g1hSNWNfl1X1T1O4F7NeiVT1
20130530133654Bh_13,TVc\12lo16L002O01O0O3Kiilb2
20130530133654Bh_14,bVU\14ko12N4M011OO01000O001O1O00000001O10001N1O2N11OO020N011OO02O0010O01OO20N111NO20OO11O0O2N110OO5M0N4L004L00Phb`2
20130530133654Bh_15,jWiR1=co11M7mPN3im1OURN2jm1W1J1N8I2LPNdRNe1Xm1[NiRNf1Vm1YNPSNe1nl1ZNSSNg1nm1gNlQN3Pn1KRRN5nm1IYRN5cm1J^RN6bm1JbRN4]m1KcRN5^m1JfRN4Xm1LhRN4Ym1KmRN1Rm1NnRN3Zm1DjRN9^n121N001N0011OO0001O1O011OO11OO2OO11OO10000O1O11N0000001O10O1O01O1O1O0011N01O10O1O10000O1O000001O01O1O01O0000001O1O00002OO10O1O02OO10O02OO002N0001O001O0N202L20Vdjf2
20130530133654Bh_16,bWW[32no11O1O010O1O100O1O2O01O000O10000O01O10O1ORh^c0
20130530133654Bh_17,f\Qh1:fo1005K105J1N<QQNSO22`m1m0XRNWO5N`m1Q2L1M300QNjMRVNV2oi1lMoUNS2Sj1RNcUNP2`j1QNlTNDEMH_2ik1:\1N3G9M4G7O3F8NSe^V2
20130530133654Bh_18,l_eP11mo13M5M1N3N1O3N0O1O001O1O00001O1O@jPN7Vo1GkPN:_o1N0101O001N011N02N001O1O010001N11OO02OO11N001O1O00001N2O2MW_\l2
20130530133654Bh_19,]baY15jo11N20000O1O100O2O1N1O1O3M1O3N0N4L2N201O1O001O1O001O1O2N4L002N02N003M1O2N00000O1O100O1O2O1O0000000000O1O100000000ISOZQNn0en170000001O0000O10000N11O100000O1000000O00001M3O1N020N110N1O2N100F;00L40000001O1N5K106I2N2O0O1N2O100O1O01OO200N2N2O1O1N200O1O0O110O10N110N011N0110N11O010N110N01OF:11N011O1001N2lN]QNh0on1O00M3001O2N2N1O000O2N2O0000O010O010000O1O1O1M300N200N203L2N5K2NV_Z[2
20130530133654Bh_20,Zemh13lo12N5L001O1O000000O100001N1O10002N0001O1O00010O10O01O001O0000O1O1000000O2N101O000O101O10O002N002N000000100O01O01O1O00000001O1O0000000001O1O00001O10O1O0000010O10O00O1O1000001OO10000O001N101O100000001O001O000000000000000000O0100O10001N1O2N2N[Zbo1
20130603063154Uh_1,k^XQ1:eo12N3N1O7I102M1O1O10000O1O1O1O0010O01O00000000O0O2O0N3O0O200N3O3M1N5L1N4M1O2M1Og`Wl2
20130603063154Uh_2,hchV36io12H8N1N2O1O010O01000000O1O1O1O10001O1O000000001O1O00010000O1O1O10O11N002OO02OO0001O1O00000O100O100O1O100000O2O1N10000000000000000001O0010O02N011N002N1O2N1O00001O001O000000001O1O0000000001O0O1O100O1O2N1O1O1O01O1000001O1O000000002N002N011N100O03M1O001O1N1O2N2N1N200000000000001O001O0GcPNN^o119O3M1Oo[S`0
20130603063154Uh_3,acPW23lo12O1O00000O2N10O100000O100O10001O00001O000000000001O1O0000001O1O001O001M20^\cf1
20130603063154Uh_4,ndnZ18fo15M1N3M2O1O01O1O200O40L010O006J00O1N2J5O2N3M`Zcc2
20130603063154Uh_5,Pffb22lo15L2N2O0O2N100O1O01O10O01N3N1M3O1NZZU\1
20130603063154Uh_6,nef^23mo11N2O1N102N0000002N0010O10O002N002OO11N001000O001O1O0000000000000000000000000000001O001O00000001O1O01O1O0000001O1O0000000O1O3LfYY]1
20130603063154Uh_7,oYc^22jo1;H2_PNB]o1l0F^OPQN3Po1CZQN=To111O00<HNMSef`1
20130603063154Uh_8,mY]V23lo12O001O00O0010O10000001N1OVffh1
20130603063154Uh_9,Z^YP24ko11O3N2N2M1O5L1O7I0O8H2O4L1O3M002N1N4L102O0OdNoQNk0om1TOTRNk0lm1SO^RNf0`m1YObRNg0]m1YOhRNe0Um1ZOmRNf0Tm1VOPSNk0Qn1002O0QQNVOgn1R1O0000011OO3M1022L03M0O2O000O1O11OO4NOO0010O1O0000O1O1000000O1O1N200I7O1N200N200N200O1O100Oi_jj1
20130603063154Uh_10,i^_e23lo12N1O100O1O0100000O1O10O1O01O10OO11000O00010N11O100O00010O1O10000O1O10000O100O01O10O2NjahW1
20130606133454Bh_1,\_lf08go13VON\QN<_n1F_QN;]n1i0M1M4N00^OiQN]OUn1a0nQN^OTn1:TRNGim18XRNISn1GTRN:im1CZRN<gn10N03OO011M130L112NO000O4L003K3O4JZ_UW3
20130606133454Bh_2,VcXg06io11J:K2K7M2N2N2O5J1N8I1KPOjQNa0Sn1^OoQNa0om1_OVRN`0hm1_OYRNa0fm1_O]RNc0^m1^ObRNc0]m1[OhRNe0Um1[OlRNe0Qm1YOUSNf0jl1ZOWSNe0il1XO_SNc0bl1[O`SNd0Rn1L1M8F5Nf[oV3
20130606133454Bh_3,hdhn23mo11N2O10O0001O1O0001O001O0000000010O10O00002OO00000000000001O001NQ[Uo0
20130606133454Bh_4,ld``29fo12N100000000O1O100000001O1O0001O1O0N201O1O000011OO01O001O0100O01O00000000000001O10O1O000011OO011OO001O11N01O1O01O001O0000011OO1O1O02N020N102M102M111M113L011N02N0O4L004L1O1O1O2N1O2N00bYgY1
20130606133454Bh_5,k]kd01ko1:I1N4M1`NFXSN<fl1GXSN:Yl1:RSN6nl1JPSN8ll1`100M3O1J6O0C=00K410HRNoSN_N6c1jk1N_TN1`k1MeTN0\k1OeTN0[k1OiTNROUOF09Ql1P1jTNPOWOE19lk1l0WUNROhk1m0ZTNQOek1c0nTNWOSk1h0oTNVOPk1i0T20N120M3O1F:00OFaQNUO_n1i0eQNTO]n1h0`0N2N101O001N100O10001O1O00000O1O1000000O000100N02000000000000000O1O1O1L300O2000M3O0O110N20N11O0000001O0O11N011N020M111F820ON3O2N1O10000N200000001O1O000000100O01O000002M2F^PN3Xg\S3
20130606133454Bh_6,T\YZ18ho11O1O1O1O00O1O100000000000000000O1O100O1O100O1O10000000000000000000001O10O1O002N1O3M0000000000000000000O1O01O10000L4O1M120N200OO100O101N10OO21OO11N011OO20O00010000N200O000100OO11J51O10O1N011L211M101ON4OON31M110OO210L3O10000N20OO201M4NRfZ^2
20130606133454Bh_7,TZU]3<co13M6LO1M4Mke^b0
20130606133454Bh_8,X_[[15jo16K1O10O00001O001O000O204LO1O1[PNM[o14cPNNZo1>N1M201O01000O1O2O1M2O1O2N1O2O002N002OO21N01OO12M1O5K1O1N1O2L3O100001O02OO02M1O2M3O0N2O1O100N2OO010O2O1N11OO200O0001O000100N020N2000N200O1O1000000000001O1O1M3Of`b^2
20130606133454Bh_9,h`eo24jo14M5K1\Of0L3gQNkNdm1X1XRNlNfm1U1YRNkNfm1V1ZRNjNfm1V1YRNkNgm1U1XRNnNem1T1ZRNlNem1g0YRNWON5hm1d0\RNI\m1<gRNDUm1>lRNCRm1=QSNBnl1>RSNCml1=TSNEil1;XSNEfl1<aSNBYl1>hSNDjk1i0TTNYOkk1g0UTNYOkk18fSNRO=f0lk17hSNTO<d0lk13nSNZO4c0nk12PTN[O2b0Pl1MRTNBO>Pl1ORTNCO=Pl1LVTNFN:lk1OWTNGM8`m1FmRNLUm13lRNLUm14\100O1O002MS_jm0
20130606133454Bh_10,^_iV1237^o17N2O002N011OO00001O10O001O0000000000011N01O00000001O1O1O1O0011OO04L003N001N002N1N2N1000000O1O100O00101O1Nn_je2
20130609133454Bh_1,\_^m22mo11O2K5N1O2O1N1O102N00001O1O0O100N3N2M20000000O101O1O001N3N1O1O1O00001O1O0O102M101O1O001N3Le`eo0
20130609133454Bh_2,X_X[13ko13K6N0O3N001O1O0001O0001O0000001O02N0010001N1O20OO001000O02N001O0100O01O10O1O01O10O10000O11OO1000O1O1O01O11N011OO10000O1O02OO0010O100O10O01O1O011Nb_S`2
20130609133454Bh_3,hajf22lo14M1O2N2L3O1O101000O0001000O11N011N02OO1O0000001000O2N002N1O1O001O10O1O011OO0001O10000O002N105K001OO1000O1O1O4MO11N11OO11OO01O1O0O100O2O1O0000001O1O00002N011O1N2N011O1N001O1O002N001O001O00000O2N2O0000f\kR1
20130609133454Bh_4,dcVX32lo16L1]PNKYo1>0001O11N0011N01O01000O01O11N001O1O00002OO02OO02N01O1O02N00000020N00000100O01O002N002N002N002N002N002OO11N04NOO3M0001O000002M1000002N002N001O10O1O00001O1O002N003M1O3M1O2OO11N001N2O000001O10001N0020N03OOO200O2N0020NO11OO02O001N1O2N001O1O000000001O15J00O10010O0100O1N2N3M2LPZS?
20130609133454Bh_5,bfTd06io1104L006J2N;E101N135IN5MO08H002N0O2OO110OO31L031M011M112L14OMO40L139DO9IN04L1O5K0OSWWY3
20130609133454Bh_6,djnR14go1>`QNFgl1;WSNGgl1<RSNJll17SSNKkl17QSNMnl14RSNLjl19`RNRO=h0Rm1`0jRN_ORm1j100L211M111M21ON020K24OOO30OO201L3O3hMiRN]1]m1bNeRN\1Xn1VOc0N>A4M_Uoj2
20130609133454Bh_7,Rj^f02go1;L101O02OO0001N2N1OiUkX3
20130609133454Bh_8,PjV^14lo12N102M102M011OO11O002NO17IO2OO12M1O20N022L040L13OM13ONO4NO1000O11M111M020N03M1O4L004L1NTTo^2
20130609133454Bh_9,\nhQ17_o1KhPN8Ro1a0mPN^O_n1d0_QN]OVn1\10OK500D2;N0N300N200I700A?O2E:01N201K5M3L5LYScl2
20130609133454Bh_10,YPYb05ko11N4M002N1O1O002N001O1O1O1N1O101N1O10001O00000O1O2O1O011OO;GN0O2O1M2000000000O1O10O100N100N3O01O100O1O2O1O2N012N0O2N01000O1O1N:F2OTobY3
20130609133454Bh_11,h^YZ14lo10N2O2K5N1M3O100O1O3N002N100O0001O000000000O10100O00001O001O000000O1O0100OO200O000O2000O1O100000001O1N100O3N000000000000000000O1O10001M3O0N20000001O001O0O1O100N200O1O10O1OO20N2O1_O?11O01O1O2N2M2O1M30M111B=00E;00MO5OOL60NN300O100XOkQNEVn1;lQNCTn1;i000O1O10000O11OO11OO11OO02N011OO1000000O100000001OO1100O000001OO11O001O010N020O000O200K311L211M03OO11OO11O01O1M200M401M3O0000000000I7O1O102M10000O2N2O000000002N00000000000O100O10O100O100000O1O1000000N200000000O1O10O1O100O00001O1O0001000000N11O100000O1O10N20O00010N20N20OO110O10O0001O100N2000N2000O1O100000O000100O1N10001O10000000O1O101O1O1O1O1O1O001O1OO1O10000000N11OO200O1OO2000O1OO200O1O01O01L301N1100O1O10000O1O1000O1O1000O1O10N2000N200O1O01O1000OO11000O1O101N2O0O1000O1O1000000O1O1000O00010O1O100O00010N200N10001000N20NO3O1N11OO11N011N010CCVQN>kn1EQQN<ln1<200O2N3M2O2M2O1M20O1O1N2O00001M3O1K41OOO200M300N200N21ON200000010O1H8O1L40hinj1
20130609133454Bh_12,oVeV1;do13N:F111N01O000000O10O11N000001^ORQN0nn1OSQN1nn1Nb000N3Mghng2
20130609133454Bh_13,U\U^24ko12O00001O1O000O100O1000000O1O10000O1O1O1O1N10001O1O100N101O001O1000001O1O0O10001O10O0000000O1O100000000O1O100000001N1O2O00O100O10O100O1000O1O01O100N20OO2O0M4O1N201M3Mddb\1
20130609133454Bh_14,c^ib23lo1102M1O10000000000N20000000000000000000000O100O10O10001O0001O0O100000000000000000O1O01O1000O0001000O100O10O1001O0000O100O10O1O100000000O0001O1O1O1O000O2O1N2000O10O0010000000000000000001N2N102L2O1M4NTbnV1
20130609133454Bh_15,h^ei06jo1000O2N2O000000000000001O001O01O001O0O100O0100O10001O1O00000000000O10000O10000N10001000000000020N01O1O1O1O001O000000O01O01O100N11O10O1O1000O1O10O1OO20N1100O01OO20N0200O1O10000N200O2NhabP3
20130609133454Bh_16,^`iW25ko11M200N2M3N3O00O2O000000001O1O0001O1O00000O100O1000001O00000O1O101O0001O1O00002N0000002N00000O200O000000000000000002N0000001O1O000O2N1000O2O001O01O1O00000001O0N2000000000OO20000000000O1O0101O0O2O000O1O2N2N2N2N2N2O0O2O1M200O00001O100O00001OO20N020000O00101N2N4L2N100O2N2O5J2N1000O100O100O10O1O010N110N202M2NP`b^1
20130627063134Lh_1,]dPR25jo11O2N2O00000O1000000001O0000000000O1O1000002N0000001O0000O1000O1O01O1000O1O01001O000O1O1000O000100000OO1100N1O1M400N20N1100O10N0200O1O10000O1O10001N2OV\Wi1
20130627063134Lh_2,QedR13lo11000001O001O000000000O100O1000000O1O1N11O10O1010O01O01000O1000O01000O0000001O1O001O1O000000000000100O0100000O1O01O1O00000010O1O1NdZWi2
20130627063134Lh_3,fePW32mo12N2O002N0000001O1O000000001O0100O0001O1O01O1O0001O1O01O0100O002OO10O10O10O1O002N001O010O01O01O10O11N0200N200N3OOO2OO1O2N020N011OO3OOO02OO4M002N0OnX[d0
20130627063134Lh_4,XflW14ko12O1N102N103L101O010O010N111M002N01O1O00001N2N10000O1O2O001O00000000001O1O0000000000001O1O0000001O1O0000001O1NSYcd2
20130627063134Lh_5,mkRP13lo13M1O101O1O00001O1O02N0001O1O0O1O1000O10N1100N200N200N2000000O1O1000000O1O2NXT_m2
20130627063134Lh_6,`UaP27io11M2N2N2000N11OO200N20ON4Nijbn1
20130627063134Lh_7,jUg\12lo1200O10O001000O1O010000O01O1000000O1O01O100000000O1O100Oaj^a2
20130627063134Lh_8,bUmn14ko12O100O1O01O10O01O1O2MYjZP2
20130627063134Lh_9,RVUo15ko11O4L1O;E1N3N10O0001O00O100HlPNDSo1;PQNCPo19>O1N200N20OO3NQjZo1
20130627063134Lh_10,`WaP34ko12N2O1O1O001O0100O11O0O5K20N010000O1O0000O1O101O00O10O100001O0000001O1O00003M1O4L1O1O0O0000O1O2M3O0K6O0M5N2M20^hnk0
20130627063134Lh_11,XYmX24ko11O1O1O1O1O01OO2000N20O1O01O10N2000N200N11O01O10O100O01O10000O000100000O100O100O1O1000ZgZd1
20130627063134Lh_12,j[]V12no11O1N100O10000000O10O001000000N2000000N200O000O200N200OO110O000100N020N200O00010O1OO20N011O0000000N21OO020NN31L210O100N1O2M1201L404@Zf\e2
20130627063134Lh_13,\ZoW22lo16ZPNMVo15hPNNTo1c0L222MO26G120N07JO02NO13NN04MO13L015KO02N011OO0001O1O0001O1O000000001O001N1O100N200O2N101N1O1000000O1O]OPQN8Po1HPQN8Po1<0O100O1000O1O1000000000000O0001000000000N02000O1O01OO2000O0001000N2000000N2000O1OO20N10001O1OO11O00001000O1O1O001N2O00100000O1O1N11OO1000O11OO11OO2O1L4O;[Oked_1
20130627063134Lh_14,be[f11mo13O1N2O0O110O3NO02O000O010O10O001O1O00000000000000000000000000000O10000O1000000000001O001O000000001O1O00VZZV2
20130627063134Lh_15,keQQ23lo12M3O002N0000001N2O0O10001O1O1O2N111N02O0O15I011OO001O1O0010O1N101O1O0O1O2O010O01O001O1O001O10O0011N001N2O0000100O0000O1O102N0O1O10001MGnPNIQo15RQNJnn16TQNHln18TQNHln18TQNHln18UQNGmn1KmPN97JQo15oPNJSo15mPNKTo14mPNJTo16<O1N1O_Yji1
20130702070714Th_1,Wb\k07ho11N4N0N2O100001O0000001O1O000O1O1000000000000002N002N00001N2N100000001O1O002N001O1O001O1N10000001O0N2000001O0000000000OO201N2N1O100O100O1O10002N001O1O000020N00000010O10O02N00b]So2
20130702070714Th_2,jelb15jo12N3N002N00000O1O1N20000003M10000O00O2N2O0000000O1O01O10000001O1O0000000O1O10000000000O1O1000000002L2O3L2O10001O001O0000000O1001O00000000000000000001O1O0001O1O000000000000000001O0000O100000001O0000O1000000000000000000000000000O1O01O100000000000000000000000000000000000000000000000002N0000000000001000O0000002N000000000001O1O0002N0000002N000000O1O10000N20N2000000000000000000000011OO0000000000000O01O010000001O1O1000O002N002N003KmYeo1
20130702070714Th_3,UfTQ27ho11O3M101O1N1000000000O2O0001O03N000O001O010005J2OO11N011N0O1001O1O1O1N4M1O010O001O00O100001O000000000O1O1000000001O10O1O0000011OO0001O1O1O2NQY]j1
20130702070714Th_4,biPf25ko11O2N001O11N011N0O100000O100O111N01O01O10O1O00000020N00001000O02N001000O0002N02N001000O0000001O1O001O1O0011OO000002N000000001O1O00000000000000000001N1O2O000000000O1O01O10N100L500N011MO400L4O3H8MWVkS1
20130702070714Th_5,fUmd27ho12N8H1O1O00100N2O0H81O1L4IkPNBVo1<800N20M3O1N011OO20M111B@WQNd0in1^OUQNb0kn191O10001O1O3M1O1EoPNERo19QQNDPo19=00N200N3O1M`kXX1
20130702070714Th_6,TXeS31mo13M20000O1O1000000O0TRNKnk15RTNMjk16STNMlk14STNMkk15PTN0ok11QTNNok13nSNORl12mSNORl12lSNMWl13iSNLWl15gSNK[l15cSNM\l14aSNMal13^SNMcl13YSNOhl12XSNMhl13SSN2nl1MRSN3ml1OPSN0Tm10kRN0Vm11fRNM^m15_RNM`m16\RNGhm1OPRNE8;hm1KVRNLN8nm1LVRNKK9nm1MXRNKG8Rn1MXRNLD7Sn1OZRN9hm1GZRN8dm1I^RN4cm1L_RN2_m13`RNK`m11nQNAb0>^m10SRNB?<`m11RRNB?=]m12kRNMWm12jRNNTm13mRNIVm17kRNISm19nRNAVm1`0kRN^OTm1e0S10N3N1MGQQNFon1:SQNDkn1>VQNAkn1>VQNAjn1><01O00O10010O01O010M3OO100M211L022O000100O1O1O1N2O0O110M3O2M4Mdjbf0
20130702070714Th_7,RW]a26Uo1K_QN6_n1M]QN6bn1K]QN5cn1LZQN6fn1KYQN4hn1MUQN4ln1MRQN4nn1>1O10000N200N2O1M3O1J7N4HeiX]1
20130702070714Th_8,jXYf0h0Wo12L6K3L7K2WOhNeRN]1Xm1eNfRN^1Um1gNbRNe1Ym1\NeRNg1Wm1g0K2N6J2M4L2O0O1OlMbSNlNOd1_l1_OlSNa0Sl1gN_SN7U1=Zk1\OcSN5T1?Xk1\OhSN2T1`0Rk1^OkSN1T1`0Qk1_OPTNJZ1d0`j1AXTNJY1d0_j1A]VN<ci1C^VN=ai1CaVN;`i1CbVN=^i1AdVN?\i1@dVNb0Zi1]OhVNb0Zi1[OgVNf0Zl11N101O08IO01N1O10O02OO02OO11N001000O00000000N3N2M2OcdnU3
20130702070714Th_9,VZmg15jo12N1000000000002N0O10000001O00000001O001O0000000000O1O10O100O1000000O000100O1OO2000N20N2000O1O01O1000OO110OO11OO11O00001O0O1O1O110OO1O0100N1100N3O1M3OQgZS2
20130702070714Th_10,h^SQ24jo14@JRQN7kn1OoPN5nn1NoPN4on1a0SQNYO4Lkm1k0PRN[O3Llm1i1M0O3KiNYRN<dm1SOZRN57n0Vm1kNgRN44R1Tm1iN`SNY1]l1gNdSNY1[l1eNgSNa1Ul1\NlSNe1Vm13M3N^NZRNl0dm1SO]RNm0cm1QOQSNa0kl1^OVSNb0jl1]O[SNc0al1\O`SNd0Rn1NN110O02O0N11O0O2N1O001000O8J1M4NOO11OO11OO20N02N00100O1O1O1O1O2M10P^Vk1
20130702070714Th_11,daWm23jo13O1N110O1O1O1O1N110N1100000N200\Od000O01OkNTOWSNm0hl1TOXSNl0hl1VOVSNg0ll1[ORSNe0nl1_OnRN?Tm1CjRN=Vm1J_RN6fm1KXRN5im1h09O9F3O5I3O6H3O4K3^OgPN8Z_\P1
20130702070714Th_12,gciT27ho12M5M0N5L2M4M100O2L4O0N4N003L2N7J1M<E2JVO[RNCdm1=_RNA`m1;lRNRO`m1m0j0G9O0N201L400L400N200N3NV]nh1
20130811121434Ch_1,o[Pd17go12M4OO1000N200D;00M4N2K401O010001O1O1O2N1O2N002OO02O0O5MO0000O2_OiPN6ao1O2M2OmcgY2
20130811121434Ch_2,hd^U22lo14N0000000010O10O01O3LU[ii1
20130811121434Ch_3,nd\V22no11N3N1N2O001O002N020N02O0001N021N001N03OOO1O1003M0O1O01O001O00100O02N020N01000O01O1O002N000000000001O1O00020N01O1O00000000000000001N2N100O2NPZUe1
20130811121434Ch_4,_g^\25jo15L002N0010001OO14L003MO11OO3O0O23K003MO02N02N2O3K2O2N1O0O100001O001O1O1O3M011OO001O10O102N001OO11N01O00O10010O02OO02N101O0010N110O01O0O1O1O1O1O001O1O001O1O02N010000O101OO01O01O1N100000O2N2O002MWV]]1
20130811121434Ch_5,`ib`15jo14M02O000O11O1O0000O3OO12ON010O03NO00O1010OObUo]2
20130811121434Ch_6,bllV33lo12N5L0O6K1O2M2M3O1N3M201OO1O101OO03OOO20N020N110N101OO11OO01O11N00001O11N011O03ONO8JOO1000O1002OOO3OOO1O1O2N1N5K1O01O2O001O1N102N1O7I100O011OO20N1000O01O1O0001_OjPN6Wo1GlPN8To1FRQN5^o1NVQkc0
20130811121434Ch_7,cTUk13lo12O1O100O010O1N1000001N20O1O000001O1O02N01O1O0000001O010O01O01O1O001O1O01O001O000001O02OO01O001O001O1O02N001000O000000000000O100001O00000000000000000002N00001O1O000000000000000001O1O00011OO02N00001O1O00000002N0000001000O0020N02OO10O1O00002N002N1O3NO02NTjll1
20130811121434Ch_8,SZib2e023^n1j0E;L2E=N1MAaRNbN^m1\1gRN`NYm1e0gRN]ORn1c0QRNYOQn11Z1O1O3MgfZ\1
20130811121434Ch_9,hba_12mo12N2O1N2O00001N2O00001O1N102M1000001O1O0000000000000002OO000010N2O000O10000000000000000000000001O001O0000001O1N1O10000000O1N2O0010O01000000000000O1O10000000O2L4O0N2O1O100001O3M1O3M000001O1O002N0O100O1000000N20O1O1000O100O100001O001O1O1O000001O001O000000O100O01O2O010O0001N1O0100O10000000000O0010O10N200N200O1O10O10N201N1O2O1O001O10O10000O001N2M2O1L4N0200O01O101O0O100O100000@[OdQNf0Zn1^OcQNb0\n1a010001O1O1O2N1O2OO02N0O2M2O0O20N3N1F:O1N2O10O00101O0N3O0N2O2N2O00001O1O0001O1O0O1000N110N200N2O1O100000O1O0N201N100O2O1N2O1O010M2010O00O2O0M301N2O10000001O2M101N02J5O1M300N2O1J501L4O1001O4L1aNoQNm0Xn1hNnQNV1_n1O1O0000000N2000000O100O100O1O1000N200N11OO2O1N100100O1O000010O000O2N2L31OO100001O1O1OO200M3O1F:00N2O1O1O0O2O0100000001N2N101O1N2N3N1OO01OO2O1O1O102M1O1001K301N2O01O01O100000N1O1M4O1M30OOO20J412H611OO200N200N200N202L202M2N2N1O3N00000O100O011O0000000O2N2O0M3O1N200N20000O1O10O1O01O10N200N2O1NO20OO3OO2N1O02O0N20M220L220NO20^Ob01O1O1O1N200N20N1OCiQNTOVn1g0e0O00001@YQNDjn1:ZQNCYb`c1
20130811121434Ch_10,U`Un05Yn1OSSN5dl1?WRNg0Zm1\OcRNf0Xm1X1J2K9K0O3N10XMeSNj1Zl1UNiSNj1[m1lM\RNd05Jkm14WRNLkm11\RNJcm15^RNJhm1N^RNOcm1GaQN5n03ln1K3Mc^bP3
20130811121434Ch_11,XaYR19fo12K4N2N200001O0N2001O001O001O1OO1O10000O1O10O1O10OO11000O10O001000M3O1N20O00011O1O000000000O1O1O1O10O1O100N2O1OO20O000100000002M1O101N1O2O0O1O10000000000O1O10O1O1000O0001N20O00010N20OO20N200O2O1O00000001N2N2O1N3L3Nf_nf2
20130825141154Bh_1,o\Pa13lo13N2O0O1O001N2OO01O0100O100O1001O00000O001M3O01O10O100O10000O1O1O0O110O10O1O100O1O1M3O3J40`cS\2
20130825141154Bh_2,\aVh24ko16K1O4L013L011OO02OO11O002NO31L110O000O1O01O0010O1O011OO03N014K10c0]OO2OO03M003M0O4NN05M0N7KO020N040MN20N03OOO4K2M7F6Nn[ST1
20130825141154Bh_3,nh\i07ho12L5M2J6N3J6M1N5M1O2M3M3N011N011N00N200L4N2O1O100000005SOTQN=ln1^OYQNb0Vo1NN020N020N111M011OO01000O0021M104L001OO00001000O00O2M3M2O2O1M202M1O2L4NUV_R3
20130825141154Bh_4,XkTP22mo12N2O1O1O001O1O001O0100O001O10O10O11N011OO03N010O002NO20O100OO20N11OO12N0O02OO2N101OO02N0010O0100O1O01O1O0001O10O00O101O1OO11O0O10^Sgk1
20130825141154Bh_5,`Woj24lo10O1O100N200N2O1O1O1L4N10010^OC_QN>an1D\QN=^n1d011M111M12O0O101L40UOnNfRNP1]m1RObRNn0^m1VO\RNh0hm1YOWRNg0im1d0400M3O1L400M3O1M3O1K5O1L400L400K5O1L4O2L4NojfQ1
20130825141154Bh_6,a\im25jo1100O1O100N200N200M111M200O20OO1O2L220J5TOXObRNg0Zm1EYRNa0gm1@WRN`0fm1m02OJ240OK60OO20OO3SOiQN0Vn1KQ11OM5OOO3OO011M120N011ON20O011N0200N11OO200N11OO20NO3O1O00001O10O1OO200000O00010000000000000000000O1O10000001O1O000O100O10001N3KXgPl0
20130825141154Bh_7,UYQT32mo12O3M001O01000O0000100O0001O1O1Ngflj0
20130825141154Bh_8,^ZW\35ko15K026H112L110OO2O002N0010O02ON01O1N5K3Nfd^b0
20130825141154Bh_9,f]cl03ko16K2N6K1TOGkQN<Un1FiQN:dm1GSRNS1om1?OO110O001O1Oj0VO2N8H2N:C6MebRR3
20130825141154Bh_10,d_Uj06io11K501N2O01O0000001O001OO01O01000OO110M3O1N101A>01M21O01O10N200O1O1O1OO011M111OO110O2N3M3M3J401L4N1N2OaabR3
20130825141154Bh_11,gfkQ12io17M1M201M3O1M120N3O1N2N2N1O1O001L301L210L220K500L4001O000N20OO11O02OM3O1M030ON301N2O1M300M201N110L31M020I6110M20O011K3101O10000000O1O100O100O1O1OO11M102M12O0M4O1O1O10O1OO200N20OO110N2O1N2O1N200O1O1O00010O0001N1000100OO20O01O01O00001N11ON3O1L31OO2O000100N11O10OI7100N201M201M2O3M102L201O1O0O1O10O1O01O1N11OO100001OO11M120N20OO1O2M3O10O0001O1OO11OO20N20OM3O11O1O1N2O1O1O1N200N200N200N3O1M202M1O3N1O1N2O1N2Ok^^a2
20131027185354Bh_1,daX[22no11N2O011N00001O1O00001O1O0000001O0100000O011OO1O0002N0000001O1O01O00O2O1O0110N001O01O1O0102NO11OO000000001O10O001O02N0100O100O000O1O1000000N20000000000000N11O100000001O1O000000001O0010O1O000001O11N001N1O2N1N4M10000002@cPN9co10O1O0000001O2O001N1O1O01O1O0001O1OO1O100O1001O01N1010O015KO02N1O10000O1O2N1O2N000000N200O2IiPNDWo17mPNJRo16nPNKRo1a01O2M2O10O111NO3NO01N2O001O7G6K[\kY1
20131027185354Bh_2,icXf22mo13L3N1N20O00100N11OO2O1O1000YPNO_o1:1OO01O1001O07JN2N6J1O2O000000;D000O10YOVQN9in1FXQN;:@jm12PRNR1^n102N00000000002M1O2L4N3I5O4L2O01O11OO011OO01O115I10O10O1O000002OO02N002M1001O1M20001N2G8O102OO1UOUQNa0kn1\OWQNc0Uo10N018H0O1O11N002M102M101O01N2O2N3M4PQNnNkn1U1O004K102M11N010000000O0O1O1K5O01O1O21O30MO2N002O002M002O000O012N0O2N11O1N2O4K11O0O2M1O2K5N2O1O2N011O105LM1N3M1N3N2O0001O1004L1O3MO4M3L7J0N6J3MhWgn0
20131027185354Bh_3,Xdfb02mo13M2O1N1O3N002N017H011N02OO000000O010N1100000000001O6LOO2N0020N02N011OO1O10O1OePNMin13VQNNjn12RQN3mn1NRQN3on1?O1O2N110N11OO101OO02N000002N000000O10000002N1O1O0000O1000000001O001O0O2N2O000000001O1O00011OO000000000100O0O01O2O0O101N2O1M3O1OZOXQN6gn1G[QN:en1C_QN<bn1B^QN>To1OO12M1O1O1O0000010001N002N0O3M2N4L2O5QQNVO]n1W1O10O1I60O101N0102M2O2N2N3M2N4M001O1O01O1O2M1O100O1O10L3O1K6O0001000000001O000010O1O00BhPN4Xo1LhPN4bo11O1O0O1O1000000001O3NO010O000000O100O101O0000000000000000000N3OcY[P3
20131027185354Bh_4,ReTY36jo10O1O2O1O002M1O3N0O1O1000O100001N1O2O1O2N113K12N00000O001000O02N001O011O00O3M11OO0001O001O02N06L0N22L111M115I200N02M2O20O001OO02N001000O2O3OM013M0O2N110N05L1N3N0O5K0010O1N1003M1N1N2003M2N4L22NhPN[OQo1m0O2M002M002N002O02OO00O001O1O1O1O001O1O0001O0100O00002N002N2N3M1O0O2O10O0010010OO21M120N06KOO4L2MQWg=
20131027185354Bh_5,iol]24ko11O001N11O10O00001O100N11OO200N011O000N3O1M3O00001OO2O001O0JdPNI]o165M5OO110O000]Qg_1
20131027185354Bh_6,`QUW24ko11O3N0N2O1J6O1DAVQN`0in1BUQN?jn1CTQN;on1EPQN;on1GRQN7on1HRQN7mn1KTQN4kn1MUQN3hn10XQNNjn12UQNOin1e0000O101N2O001O1O000O1O101O00000000001O2N0020N002N00^OkPN:To1EnPN:Ro1EoPN;So1BnPN=[o10000O1O1O00001O100O10O010O100000000000000O100000000000O3M2NSonc1
20131027185354Bh_7,]QS^32mo13N1O1O10O0101N001OOO20O10O1O100N11OO200N111M200N200N2O1M4O0L4O0O2O10N1[OWQN5hn1Hj00ON3OboZ?
20131027185354Bh_8,fPmU23mo11N3M3N2N00N3O[obi1
20131027185354Bh_9,fQW]33io14N1O11OO11O1O1O3LdnTb0
20131027185354Bh_10,\Ue\33lo12N101O1O010O1O0O1000002N000002N002N0000000000000OO110O1O01O10O1O1N110O001O10O0000100O2O01O10O1O01O10O1O1O1N103Lfjh?
20131027185354Bh_11,`Zgn22eo19M3L300^Oa011M011MZO_QNNhn11\QNJdn14e00ON310L4OUgVP1
20131027185354Bh_12,n`Yh24jo13I7N1D;01L300N201M300]QNQOcm1a1ZRNcNem1^1YRNcNcm1n101M3O1O001O01001N1O1000000000O3N002N1O1O0020N002N0001O1O0000000000000000001O1O00O1O1O1O10000O00001N011N020L310N6K2M2O1N200N2O1OO11O100BTMhSNj2Yl1XMeSNi2Zl1[MbSNd2_l1>N2JcLkSN\3Sl1aNjSNGek1[NiTNn1CG_k1cNkTN^3Vk1cLiTN\3Wk1fLgTN_1K_N3INh0^k1BeTN]1M_N4GOi0]k1e1aTNiM>`0Tk1e1_TNjM>a0Tk1c1[UNTNmNIik1R2ZUNTNoNHlk1o1VUNWNWk1f1jTNYNYk1e1iTNWNYk1h1iTNUN[k1h1`1N2L4O1C<01K5O0L4N2N201CoPNEVo19:L4MfbZP1
20131027185354Bh_13,nbYd1:eo11[Of0O0O2O0O010N3O0N2N3MAbQNA\n1?fQN@Wn1>h00MN40ON4OOL6OO02OOO30N020NO20N120O000O020M111N11OOO3O0N020FbPN2ao1LbPN1i^lX2
20131027185354Bh_14,cbgf25ho1301O1O001O1O3aPNGRo19lPNHUo1b0O02N0O3N000000000002N0204J4NN00000000000000000O1O100000000000000000000O101N2O0O1O10000001AfPN6bo1O00100O2M3Nk\^U1
20131027185354Bh_15,acUk22mo12N7I2O1O0000000O001O1O1O2L301K9J2H:K20001O1O1OoNdQN?\n1@eQN`0Po1N0O2N0O1O01O10000002[OmPN9So1FnPN9]o100O101O1O002N001O0O2N1O1Oo[dQ1
20131027223034Lh_1,ed`i24ko12O2M10;D2O3M1O2O0O10O01O000002N0O1O2IkPN@Wo1>602OO1O0011OO11OO011N01O01000O02N01000O00020N0000010O10O0002N0000011OO11O01OO020N011N010O10O1O01O11N01O2O004mPNWOen1j0XQNZOgn1Q1OO02N002N001N2N100O10O101N2O1O3N0O4M0O3M004L002OO02M2O2N1N3N003M101N1O20OO1O1O2N00nXSo0
20131027223034Lh_2,je^f02lo13O1O000\PNNZo13cPNO]o1:000000000N200O01O2O003M2dPN\OXo1j0K3M5L2N6I2N1O1N2O10O1O1_ObQN@^n1?eQN^O\n1a0lQNUOWn1j0`000000000O1O101O1O00000000000000000000000N200L4L4O1O10000N2000000N3O1M3N^ZSU3
20131027223034Lh_3,]f\l08go13Ma0_O2O2N0O100O100O1O1N1O2M20100001N1O2N1O2L4N1L400K5O1O1O100O2N2O2O0O5L0O10000O0001O1O001O1N10001O1O00000O10000000O1O2M3O1KcYeo2
20131027223034Lh_4,Zg`W22mo12N2O1O1O00001O10O1O0001O1O0001O10O1O00000O1O2O1O000001O001O001O1O000000000000000002N01O10O1O02N001O1O00011OO001000O00100O1O1N3NRX]d1
20131027223034Lh_5,kiPc25jo1102N1000O01O1O0001O1O000001O010O01O01O1O02N000001O0100O00000000000000001N2N10jU_Z1
20131027223034Lh_6,imba23lo13N1O1O001N100O10000O00100O1O01O1000OO20O10000000000N200N200O0001N200N200O1O010O1O2N1N3LhRc[1
20131027223034Lh_7,bPaV22mo12N2O002N000000000000001O001O00000001000O00000000000010O1O01O0000001O4L3M001O1O1O1OCiPN3Uo1LmPN3So1MmPN4Ro1LoPN3Qo1MoPN4Po1LPQN5on1KQQN6nn1JQQN7dn1C`QN6K8dn1D`QN4L9cn1F^QN1M;en1E\QN1N;fn1e0000O102N00001O1O002M103L2O100O001O1O001N2O001O001O0000O100N200001O0O2N2O0O2N2O0O100O101O1O000000000000N2000000N20000000O1O10000N200O2N2M20Tofa1
20131027223034Lh_8,^Ym`14ko12N2O0N200000O1O01O10000000000N2000000N200N200O1O10N11O1O1OO11OO11OO02H61O10000000001O0O110H8N2O1O2O1N1O2Nhgf[2
20131027223034Lh_9,h\i]13ko14H;J1M3O1M30OO11OO110N11OOO2OE[OWQNg0nn150N200O11OO2OO11O1M3JlPN_OUo1;;N2N200N2OgdR`2
20131027223034Lh_10,Raei28fo14J5N2K4UO\OYRNe0Vm1ZO]RNe1bm1^N[RNc1cm1?O1O1O000000O000O11O1O1O2N1M3O2N2O0O101O2N101N11OO02N002N001O1O0O100O100N20000001N2N2O1O00001O001O0000O1O10N11O0001O001M111L3000100N2000O000000NN40WOXMZTNa1DZOok1\OZTNZ1IYOjk1CYTNS15SORk1YOlTNc0KQ19QOoj1^OjTNd0Lj0fl1bN^SNe0Ji0il1dNYSN[2hl1gMWSNX2jl1=2N3M2O1]OoRNUNTm1j1nRNSNTm1j1b002L3O4J3O3K3O0N3O1N3M2M3O1L4N2N1O2M2O3K3N6H5M_bjn0
20131027223034Lh_11,X`il05_o1NhPN5Wo1MePN5Zo1:0O0BePN7do1O00O10O100O1O001O1O1O1N3N`_PR3
20131027223034Lh_12,fbie18fo13K7L1K:J3J=F2M200N2O1N100OO3O1ZOe000N3O1N2O0M4O2J5O1M4NX^^X2
20131027223034Lh_13,bbQh23lo12N3N1^PNJXo1c0L003M10O1O2N011O0O2N101OO03M1O02OO1O00000000001O00O10000000O1O0100O10O100000O1000010O000001O001O000O2N2O1Mm\ZT1
20131110185354Bh_1,WbdS23lo12O1O1O1N1J6O1L6N001N2N100000000000N20000O1O01O100OO20N2O1O1O1000O1O100J6O0010OO200O0001000N2000O1O100N2000001O1O0N201N2N1O1O1O100OO200O1O1N200O1O1O100O10000O1O10O1O100000N2000O00001M120N11OO2O1OO11O1000000000O2N101N1O1000O100O01O10000O1OO20001O001N1O10001O1O001O1O1O1O1M3O1O1N2N2O00000000O1C=0OO110O1O1O1O1N20000000000000000000000000000001O01O010O001O001O002N00000011N01O0001O1O0001O1O0000001O1O0000001O1O00002N001O0100O020N102NO02OO11N1O101O1N2O2M1O010O00O1010iPN\ORo1i00O001O1O1O100O3M1O1O101O0020N105I102N100N03OOO11OO20N03OOO11OO13MO03M1000O2O0O1O1000O02N0011OO1O10O1O01000O0011O0O1O010N101L3O3N0000000000001O1O001O1N1O2O1O002Mc\iX1
20131110185354Bh_2,gcng25jo13OO02OO01000O011OO02N0001000O001O1On[kV1
20131110185354Bh_3,VidV37ho12N1O1O1000O00001O10O00O2O10O1OOHJjPN6Uo1LhPN5om1KRSN1nN3nm15mRN5Sm1LlRN4Tm12fRNNZm15bRNL^m1=XRNDhm1=VRNDjm1>QRNEom1<oQNEQn1U1O000100O001I7O1M3O0N3OI611OO2N\O_NkRNa1Um1cNhRN^1Vm1gNfRNX1\m1iNbRNW1_m1lN]RNR1fm1oNXRNR1hm1a011O01O1K5OO11O0O\OYNRSNg1ll1^NPSNb1Rm1_NmRN`1Pm1fNkRN\1Vm1dNiRN\1Vm1f011OM300O2O001O0L5O1H71OO20N020N0200O1HSRN[Nom1b1900M3O1L4O1N2O1O1O1C=O4K5L1N3N4H_[Qc0
20131110185354Bh_4,Yl\g27ho12J>F1K:J2N5L1N3N1OoNmQN8om1HSRN9jm1DbRN7[m1HhRN7Xm1BTSN<Zn1M10OO20OO10O12M1O4M0NVRoV1
20131110185354Bh_5,WQmi2j0Uo12L?C3K7K1M5M3L2O1OcNVSNDkl1=YSN]Ohl1`0]11ON3O0N4N1N3M_ojT1
20131110185354Bh_6,QWaf23lo12M3N1M300N20OO20O0N2O2N2OO11O10O1OO200000O0010O10N200N200000000O1O01O01O01O10OO20OO201N2NkibV1
20131110185354Bh_7,hW_c13lo12N1O1O100O1O101O1N1M300O3M10001O10O1O107I0O1O1O0000000000002N01O1O0000001O10O1O00000001O1O00001O1O002N00001000O3N002M1O001O1O1O1N1OegZX2
20131110185354Bh_8,jX]c09go11O5K122L03NN13NN13NN111M02N011OO03OOO2N002OO11N0000000001O1O001O1O00000000O10O1O11O001O0O1000O100O100N020N020M111N100N111I520L210J421A:40ON30K141OL5N2F:O6_O]hdW3
20131110185354Bh_9,c[aj09fo11N20000O1O100O1O1000O1O1000000O1O1N200O000100N110N11000O1O10O1O10OO110O1OO200OO11N101L301N1000O200N2O1O1O1O2001N3M4L0000O1O01O01O2O001O001O1O00001O1O000000002N0001O0000001O0N200C<0001O10M20OO20M21OON40N120NN4N0K7O1L40\fbn2
20131110185354Bh_10,Vc[V12io1?E1N3N2N10001O001O001O10O1O:F1000O01O010O00001O1N10O2O0O0100000O10O001000O00010N200L4O1O1000000000000O0001OOK70N020ON20O100L311N10000001O000O11OO10J412E901K500M301O01O0O1O2M20OL50OM5NN13OJ600OJ8ONO30K410\Ob03O1M3N2L5O4J4N3M00J411J411L202A=11]NaNaTNc1^k1^N`TNd1`k1^NkSNHGS2]l1VNkSNIES2_l1UNhSNY2Vl1iMgSNn1JlMbk1=`TNM1h12mM\k1W1`TNm04kMSk1d3iTNWL=4ij1e3]UN[L_j1h3cUNXL\j1g3eUNYLYj1h2eUN[M5JVj1k2gUNYMUk1h2R10MPNWTNOkk10WTNOgk12cTND]k1=dTNA\k1>hTN@Xk1`0hTN@Pk1D^SNl0e1_Olj1h0UUNWOjj1=`SN^Oh15gj1=cSN\Og16fj1:jUNFVj19lUNFTj18oUNFRj1:nUNFUj17mUNGTj17mUNIUj14m2O1N2NVej_2
20131110185354Bh_11,X_mk13ko13I6O1O11O1O0000002N0O1O1000O1O100N11O01O100O1O10000O0001000000N20O1O10N20000O0001O100O10000O1M3N1M4O0O2O1O0001O1OOO3O1K5O1N200N200O0001000O1OO2000N20N20O1O01O10OO110N020N11OO20OO110N020N020N11OO1100O01OO20N020OO110O000100N011OO11O1000O1O01O100000O1O10000N11O1000N2000000000000O1O100000000O1O10O1O10000000O1O1000O1O10000O1OO11O1O1OO11OO11OO200M3OkcVi1
20131110185354Bh_12,k`_n22mo12N2M3N1O010O100O1O1N11000O000O2J500N3O1M120L220L40ON201ERO`QNR1_n18NO200L5O1O1O1O1O1O1O1M3O0O11OO11N11OA\ObQNe0^n1^O_QNc0`n1>1O00101N1O3N001N2N100O1O1N2N2N2O1O10000001O0O2N101O1O0O2O1N100N2000O0001000O1O10000O1O1O1O1O1O10000N11OO11J6O000101N1O2N2N1N200O1O10000O1O2N1O1O1O1O001000O01O001O2O1O0O101N2O0000O100O100OO20OO11O01O10001O001N101O10O2N1O000000O1000RbRg0
20131110185354Bh_13,n`]U27ho11K6N1M3000000O100001O00000O1O10001N2N100000000000O10O00100000000O1O10000O1O101N3MZ_ng1
20131110185354Bh_14,l`em24lo11N3M2O00000001N3MT_fQ1
20131110185354Bh_15,Rbik2:fo10O0100N2O1N200O1O101No]^S1
20131217192134Ch_1,gaXm07ho1102M1O3N0O3M100000N20N2000O000100000000O1O01O1000N20O1O01O10O1O10001O1O002M100O10000000002N001O10O1O01O0010O1O001O1O1O1O010O0O0100O1O100O1N2O3M1O]^Sn2
20131217192134Ch_2,YbTe24ko12O1N2N3N002M1O3N0N2K_OjPNa0Vo123O2N2O0N3O1O0O2N2O0000000000000001O1O001O1O001O1O01O0001N2O00002OO1O0002N01O1O0000001O1O00000O1O1011OO00000001O1O1O1O1O1O1O1O020N0000020N002N001O001O000000O1O10001O1O01O1O001O1O1N2N2O1O1N2N2O10O11N002OO1O01O1O020N02N0020N02N002N003M1O1M3O1M3O00001O1O02N0000002N00001O1N1O101O3M002N12N0O20OO3M104MO03NO010N1O3M13NOO2O0O2K5L6Dn[mo0
20131217192134Ch_3,db\^17io11N3M2O1O1O3L1O3M1N4N0O11O1O001O1O1N2N101O1O00000001O1O001O1O0000002N002N003N00O00000000O1O1000O2N3M2N3N002N001O10O1O02N0002OO1O01O1O000100O01O00002N1O3M002N111M002O002M020N020N1O3M020N120N0O1000O0O010O1O101N1O3N1O2N1O1N2O0O1001O0N201N1O102N111M04NN03L2O2N1O3N1N4L2O00O0O3N003M2ePNAQo1l0K003N001N06J1O6LOO6J1O20OO00001O1O000O1O11000O11OO11O002NO11O0O1O01O1O01O001OO3N0000002N01O00011N011N102NO03M11N011OO02OO11N0020N020OO1O0000010O1O010O11N001O0010O11OO3M0100O000O10001000O4M001N10000O001O10O1O00000001O00000010O1O0000000001000O0001O11N0000010O01N102M2N`X_P2
20131217192134Ch_4,[e^b23lo1101O0000001O0000000001O00001O000000000000000000000010O01N1000001OaZ][1
20131217192134Ch_5,bihi23lo1201N101O000000O2MXVcU1
20131217192134Ch_6,mil_27ho12O5K011O0O1O120N03OM022L1O3N120M03;A11OO03N001N013M0O2N1N2N2O02OO3ON15MM040L041K121M108G03ON03MO13MO04NOO3M003OOO20N04NN020N02N0020N01O1O02OO10O02OO002N1O1O1O1O001O001O002OO6J1O20N01O10O10O1O01000O001000O0001O10O0100O01O10O1O0001O10O1O000000000000O2N2O000O1O10O1O10O1O1000OO110N11OO0200N11OO3O2K4MZRgV1
20131217192134Ch_7,_mlS23lo13Jh0\O1K5oMnNQUNS1oj1SOgTNQ1Zk1oNdTNR1]k1nN`TNR1ck1mN\TNT1ek1kNXTNS1nk1mNQTNR1Ql1CmRNf0Vm1[OfRNg0[m1l03O1O1O2N2N5TNeRNh0bm1nNgRNn0dQij1
20131217192134Ch_8,ZoTm16io11O3N002N0000002N0000000002OO11N020OO101OO02OO3M002N1O2M2NWPoP2
20131217192134Ch_9,PRkk12jo1400N11OO2O00010O1O10N2000O1O01O10O1O1O1O1O00001O1000O1O1000001O1M3O001O0O3ManfQ2
20131217192134Ch_10,eSkh12lo13N1N2O1M111J500O20O1N2O0O200M4NolRV2
20131217192134Ch_11,lUie13lo13M2N1L4O1O000100000000O1O01001O000O1000000O101O1O0O10000001O01O0010O010001N1OUjfW2
20131217192134Ch_12,PVYh18ho1102M011N01O1O1O1OjiRW2
20131217192134Ch_13,lVgh12no12N00001O1N2N2O1O1O002N011O002VQNClm1=RRNDom1?iQNEWn1<gQNEZn1o02O1N103K3O2K4N4L1O7Bfh\U2
20131217192134Ch_14,`^QR33ko13L5M1N110N101OO11N011N02OO11OO110N200N1O1O011M300N200M3N2K13OL113I8O2M5L1QNKPTN:mk1HQTN:lk1n1O0MSOmSNUNSl1i1QTNTNnk1b1]100O02NWOPSNbNTm1]1nRN`NQm1h0`10O010N110NE>0MO31H71OM22OMN6OOO200N3O1H700N3O0O101000O0001000000O01O10O1O1N2NdgZh0
20131230192154Bh_1,T\hl1;do14L5L002N001N2N10000O1O0100O1000O1O01O1O100001O000O101N10O10000000001O10O02M101O1O1O1N200O1O0100O000001O001O000001O10O11OO11N011M1O3M1O3N000001O1O0000O0100O010000001O0O1001O1O100O3N0O3M1O3M100O000O100000O1O1O2N2N1O1N200000000O2M3N2L4N1O1O10000N2000000O1000000000000O1000000000001O000000O1000000000001O1O000000001O00O10000000000000001O001N3L\cah1
20131230192154Bh_2,Xe\\24ko1200O001O0100O1O1O2OO0bZkb1
20131230192154Bh_3,XfP_22mo12N3N100O1O2N100O1O1O0001O1O00000000001O10O10O1O0001N2N1000O102M10000001000O000001O1O01O1O0001000N7IWYi]1
20131230192154Bh_4,VkdQ15jo12N1O1O2OOO20000O1O100N11O0O2O001OO1O2N20O1O100O1O01O1000000000O1O100000001O1O00010O010O00001O10O1O00001000O0002N0001O10O10O1O001000O002OO11N002N006J1O2N1O1O1O2N0000000002N0110O003L02YOQQN;mn1DVQN;Yo11M03OO011N020M020N110N13NOO11N02OO101O0000011M011OO13MO23L04OL022L008H1M9I1aQNhNTn1c1O0000022M01O001hNiQNk0om1SOTRNm0mm1QO]RNg0am1XOaRNh0am1TOaRNl0_m1RObRNo0Wn110O5M0N9IO04L0O4M0O3L5L4L^P]d2
20131230192154Bh_5,fof[12ho18M2O10O4M1O1N1NXPgc2
20131230192154Bh_6,ZRiU17io11K6N0N4N0N200N200M3O1N20OOO2L4L41M03OM211N0110O1O1O1O1O2N2O000O1O10O1O01O01O10N20N11O10O1O10000001O001O0O1O10000000O1O100N2000O01O0100O1O10O1O01O1000N1100O100000000000000000000O2N101O1NRoZd2
20131230192154Bh_7,ZTmb1d0\o11K9J2N3N1N2N2OTO`QN8_n1GdQN8[n1GRRNNmm13TRNLkm13Q11O0100O100O1O10000000O10O2N1000000000000001O001O0000000000000000000000000001O1O00001O11N000011N2NlkVY2
20131230192154Bh_8,jVUf12mo11O100000000O1O100N200L40OO110L4O1M21O100O2N2O0N20000O101O010O000O10O00100000000000000O1O1000O1O1O1O10O1O10O1O100000O1O1000O1O01O100000O10O010O10000000N2000O1O1000O1O10O1O01O01O10000OO110000N020N200N11O1000O0001O1O1N200O1O01O1O0001000O00010000000OO11000O1O100N3OijbQ2
20131230192154Bh_9,bXmm2:eo11M5N0L401K5O0N2O1OH80OO20K222J6O1K5O1M300L3O1M022NN4O1O1O1O1O3M100N2O1L4O1O000100N3N2N01O1C=O1N3O1L3O2M3O2KYidn0
20131230192154Bh_10,eXW_21no13N0O1O2O1O00000000000000N20O100O1000O1O0100O10OO110O00010O1OO11O0000O100O2O1NPhX^1
20131230192154Bh_11,dY]g08go12N2O2N2N1O1O1000O3O0N4L1O4L2MmebW3
20131230192154Bh_12,Y\Wg04jo14M3L3fPNIhn18WQNJgn19SQNNjn1e001O001OO20OO11N02O1N101N20O002NO14L013K11N1000O020N020N03OO1N2N1O3M002N1O1O0000000O1K5O100001@lQNROVn1k0lQNSOXn1j0`0N10001O1O001O1O0O3N1O4L1O6J003L3MTbVT3
20131230192154Bh_13,W`af13lo12O4L1O2M1O1000000N20OOO30M111N011N10001O1L31O0M301O10N020OO10OM50D:11M21OO100N200NM51M1100N3N1O20OO200O1O100O1O1OO1100N20N11O1M3OO11OO11O01O01N10N21OM4N1K401K500010OO1O2L211N1001M2O2M301L4N2M3N1M210N201K5NWcnR2
20131230192154Bh_14,U_ek04ko12O8H1N5K2O6I2M8aQNPO4Kgl1W1SSNPO3Mfl1m2E2N1O1OeM[SN\1el1dN]SNZ1cl1eNfSNS1[l1mNfSNR1Zl1mNkSNn0Vl1QOlSNn0Tl1dN[SNMd0\1Rl1fN\SNLd0]1Pl1eNaTNW1ak1hN`TNW1ck1eNmTNk0Wm1M5J4MQ_bR3
20140118180214Mh_1,\XhV24lo11O1O00001O1O000000000010O01O002N0O2O001N1O1000000O101N2O0O3N1O3L2O1O002M1O100000O1O10000O2N10001O000O1O100O1O100O1N2O1O1O100000000O1O2O1O00001O1O00002N001N2O3L`gUd1
20140118180214Mh_2,\adm26io12M3N1O1O010O001O1O100O1O10000000000000000001000O001O0010O1O00000O100O2O1O000000000O1O100000000000O2O10O001000O01O10O0100N1O102M1Oc^Wn0
20140118180214Mh_3,leda2a0:EM3Xn19iQNFM3Vn1>gQN2Wn1m0M2O100VRN[NH5Tm1`1RSNlNll1W1oRNPOml1o0RSNRORm1m12M9H0O3M10;E0O1ZNYRN=KHlm1JZRN<LKkm1D`RN425]m1FcRN317Po10OO2N1O11OO001O1O001O1O01O02N0OUWo[1
20140118180214Mh_4,nnhS1<do10O3N002OO02N011OO11O10OO12M101O0O3ON02OO11N00001O1O00001O1N1O2O1OXPSj2
20140118180214Mh_5,dRYo28\m1JnTN7kj11oTN9kj1GTUN;kj1EQUNa0mj1@QUN`0Qk1@fTNg0\k1XOdTNh0\k1XOeSNe1]l1[N^SNi1cl1WN[SNi1gl1WNXSNi1il1WNVSNe1ol1[NPSNa1Tm1`NiRNa1Xm1aNfRN_1[m1bNcRN]1_m1dN_RNH0[1bm1UOiRN8`m1GcRN6^m1J\101N1O2O00000O3M102L3Nhofn0
20140118180214Mh_6,gSin25jo12N4L2O1O00000000O]lbP1
20140118180214Mh_7,cXm^11no1102N0O100O1000O1O10O1M3O1K500N200O3M101O1O001O1O01O001O0000001N2N10O1O01OO2O0L410B<11M111I70O1O101M3O1N2N5L002L205K1O4L0O2O0O2O00000001O0010O1O0000000N3N2L3NVhR\2
20140118180214Mh_8,lW]i06jo11O8H1O8H1O4M00b0]O116H13NO04L004K109F1O6I10b0\O^fTU3
20140118180214Mh_9,d\YS32lo13M3M2O2N1M3N2O010O1O01O10000O2N101OO100O10000000O1O01K500N11O10O00M4OO2O001O0O2O1N11OO2O0L22OO110O10100O1OO2O1N10000000000M400O1O100O000100O1M210N1O2N200L13OG73OO11O01O10O00O100I34O1M4O1J601M3O3[OlPN5bo1NUf^f0
20140118180214Mh_10,n]Q]34jo12[O2VQN0in13SQNOjn1e0O000010O1O1O10O0100000000O001000000000000_OmPN5To1ImPN6Uo1InPN3So1LoPN3Qo1MPQN2Po1NoPN1So10lPNOUo10lPNOUo12jPNNVo12iPNNYo12dPNO]o10dPNJN4^o12gPNL[o1390O10OPcZ`0
20140118180214Mh_11,l_aS33lo12N3N1O2N1O0000000O2N2O0O1N101N101N2O0O1LYOnPNj0on15O000O2M3O10N1100001N1O101O1O002M2N2O002M1O2N2N1O1O1O1O1O2O0O2N1O1O2N2OENhPN1Xo11gPNOYo13ePNNZo13dPNM]o15`PNKao191O1O100000O010O1000OO110N2N2J6O2K5J5L5O1O000000000001O1O0O1O3N2M2N2O0O2N010000000O1O10002M1O10002L201N1O2O001N2N100O3M]ahd0
20140309170314Mh_1,ZedQ27io11O2N002N101N1O2OO04L020N21OO011NO20OO1O1O001O7I2NlYgl1
20140309170314Mh_2,\o\W31mo13M5M1O0O1O10000O1O1000001N2O0O100N200000000O00001N2O1001O1O001O1O00002OO0100O001O10dPNEQo1<lPNGTo1b01O0O103M1O1O1O0O101O0010O001O001O001O0000000000M3O1000000001O10O1O00000001O1O00001O10O10O0O2O0ECRQN>nn1CQQN=nn1;O10000000000000O100O1000001O1O00001N2O00003L3N1O000000N2O1O01O10000N2IePNI\o15801O01O1O01O1O0000001O00001N100O10`P[?
20140309170314Mh_3,eQm`11no12N2N2O1O00000O1O100000001O000000O0100O1000O1O01O10N11O1000O00011O1O00001O1O0000001O1O00001O1O02N1O10O02OO000001O1O0011OO01O1O2N1OWnnZ2
20140309170314Mh_4,RR]h02mo12Mh0YO2O:E2N4bWNfNoa1[1P^NgNna1\1m]NgNRb1[1l]NfNSb1_1g]NbNYb1`1e]N`N[b14SXNk0^5SO_b10WXNl0X5UObb1L_XNj0k4[Ohb1I_XNm0IoN\4;[d1Z1_[NgNbd1Y1][NgNfd1Y1U[NhNmd1X1R[NhNSe1U1kZNkNVe1T1iZNmNXe1T1eZNmN[e1S1eZNnN\e1[1WZNfNke1[1SZNeNZf1S1SYNZOPg1f0SXN[N_NQ1bi1b0^WNlNhNj0li18[WNnNjNi0Tj13oVNUOfNn0^j1LkVNVOeNP1ij1E^VNS1ei1lNRUNmNP1V2Sj1SOlUNj0Wj1WOgUNi0\j1VOaUNO]OkN]k1V1UUNNBgN_k1Y1mTNJkk16dSNgN3S1]l1f0WSN]Okl1k15J2O3L201N2N2N2N3M1O3G\RNQNgm1k1<fNnQN=]n1WOgQNg0Uo1B3OUinS3
20140309170314Mh_5,fSii16io11M300N200N020M200O100O100O01OO12OOO110N21N020N02OOO30NO3O00002M3NamRT2
20140309170314Mh_6,[S_X27go18J1N4M002OO11N1O1O002N04M1O4L000000O0101O0O4L1N3M2O1000O4L2N2N1O3M011OO03M110N11OO11O1O11NO3OO02OO020OO2OO100N111NO20OO11N102N0XSN[OVj1e0eUN@Xj1a0gUN@Zj1?cUND^j1;aUNE`j1;]UNGdj19ZUNHhj18SUNIoj18PUNHRk18jTNIWk17iTNHZk18cTNH^k18aTNHck17[TNHgk17XTNIkk17PTNKQl16lSNKWl16dSNK^l14aSNLal17XSNLhl14WSNLkl17cRN4am1K^RN5cm1R12O2M3O1L4N1N3N3L3N4L2N4L2N7F5O2F9Mnhn`1
20140309170314Mh_7,^X[;22Ofo10ZPN6co16J5gPN@L0on1a0QQNGln1h000N2O00N100110NO2M1O4M1K50N04NN040NO3O0O101N2O1N11OO2O0000O11OO02O0O20OO200N3OUija3
20140309170314Mh_8,hYmW22no10N2O1N200O100O100O10000000N20000000O1O10O1O01O10001O0O101O00000O10000001N2O0O3N002N00`fZe1
20140309170314Mh_9,T[Yi17ho12N3M1O3N1M3O001O0O1O100000O100O1O2M200N2O1O010000000000O100O10000001000O00001O1O1O3M002N0001O001O0O1O101O1N1O1000000000000000000000O1O0100O10O1O2O001O00000000001M3O0000001N1O1O001O1O1O1O10O2N2O1O1O2N2N2N001O1O0O1O1000O1O10000O100O1000000000O2N2O00000O1O10000000O1O10O1O10000O100O010N11000O1O1000O0010O100000O1O100N200N20O1O1000001O1N2N2N]eRl1
20140309170314Mh_10,_[[g21lo15N1M3O0N2000000000000000O02O00002N002OO00001O1O00001O1O0O1O10000O1O1O001O1O2MfdTV1
20140309170314Mh_11,\]YR37ho12M2O1N2O1J6N2M3000000000O2O1O100O0001O1O001O0N110O1O1N020O1O10000N200O100O1O1O100O1O10000N20O1O10O10O1O010O1OO11OO101O0O2N11OO1000000001O1O01OXOZQN7gn1G\QN7dn1FbQN7_n1HcQN6Uo1N101N1O101N2M3N_c^h0
20140309170314Mh_12,\]aa16io11M300N200N200N200N20000O1O0100O10000000000000O001M201L31OO2O1N0110N11O10O0010O000O2O0O110N10001O1O01000000O1000000O100001O000000O1O100O1O1000O100001O0O2N8E401L4N1N3NhcVY2
20140322200714Mh_1,fbX`27io11O1O1O1O10000Ob0^O102NO02N011O0O3M101N10O01O1O00QObQN<^n1CdQN<\n1CiQN9Wn1FkQN:Tn1FmQN:Rn1EPRN:Rn1CPRN<Qn1AQRN`0hn1O1O4K2Oo[_]1
20140322200714Mh_2,XdXW14ko11N2O100O00010N11OO20O00010N11OO20N1100O10N2000N2000O1O1000000000O1O100000O01O1001O1O01O0000010O10O01002M020N13NO03M1Nk[od2
20140322200714Mh_3,XdT\16jo10N20000000O100000O1O010000000000000000001O1O0000001000O00000002N0001000O01O1O02OO1O011OO011OO000020N01O10O1000001O1O002N001O01N1O2OO03N0O1O1OhZ[_2
20140322200714Mh_4,TflU31no12N3N002N011N011N000011OO1O1O011N011N00001O1O01O1O0001000O01O11N001O0100O101O0O1001O001N002M10100O02N00001O1O011OO20N02OO1000001OO020N11OO20N020N021N012MO21M13NN12OO03L1OmWgd0
20140322200714Mh_5,mjdU15jo12O2N1O0000001O=B1O3N002N1000O01O1O000O1O100000E;O1N202G8NTU_h2
20140322200714Mh_6,^PQW28go11O1O1O1000O000100N20000O1O101M3O0O2N2O5K1O1O1O0000O1O1N2O1M30N0200N200O100001O000000000O10000001O0N3O1N1O100O1O100O1OO200000O0001O00010O1OO11O010N1100N11O01O10000N201M201O000000O10000O100000000O1O100O100O10N2O1N1000000O202JhPma1
20140322200714Mh_7,iohV1<bo13N7J2N4MO3NOO3M1O4M1014J13ON03M0N6J2N_ong2
20140322200714Mh_8,PRie1>ao13M5PQNOjm11TRN0Pn1m02N7H2O5F8M4G7N]m^Y2
20140322200714Mh_9,fR[n11mo14M2N100O100O100N200O1O100O1OO200N11OO20O00010000O1O010000001O00000000iVNLbb14]]NMcb14[]NMeb14Y]NLhb14X]NLhb14X]NLjb14S]NMmb13R]NNob11m\N3Tc1Lj\N6Vc1Lf\N6Zc1Je\N6^c1J_\N6bc1J]\N7ec1IX\N6jc1JU\N7mc1In[N8Td1Hl[N8Vd1Hd[N:^d1F`[N<bd1DX[N>jd1BT[N`0nd1@nZN?Ue1AkZN>Xe1BfZN<\e1DdZN<^e1D_ZN;ce1E]ZN:ee1FYZN8ke1HTZN8le1HTZN6ne1KQZN5Qf1JlYN8Tf1HlYN8Tf1HiYN:Xf1GfYN9[f1HYYNc0gf1]OXYNd0hf1^OTYNc0mf1^OPYNc0Sg1\OoWNE[Md1gj1hNlWN_1Vh1aNgWN_1[h1aNdWN`1]h1^NcWNa1_h1^NaWNb1`h1^N]WNd1dh1\N\WNc1fh1\NWWN>kM8oj1YOUWN>PN6lj1\OgVNf0jNF_j1DfVNf0nNC]j1GeVNc0SOBZj1KbVNc0UOXOdj15QVNd0Zk1]OdTNd0]k1[O^TNf0fk1ZOYTNg0ik1YOPTNj0Rl1VOmSNj0Ul1VOhSNi0\l1WObSNi0_l1YOYSNj0kl1UOTSN`0\OZOcm1:kRN9cm1H[RN9gm1l03O3J402J5N4E9N8WOdlhj1
20140322200714Mh_10,^XiP31no13M3N1O001N2O002N0000100O0000000O100O100000O1O1000O1O100O1O100O1O1O1O1N200O00100O1M210L400O11O1M3O7I1O1O1O001O1O000O1O1000O100O100000O1O01O100N20OO1100000N11OO200O1O10N200N11OO20N020N001O02OO020N100N3O0M301N1000O11NO20O0110O1O01O1N2O10O000N3O0000O011M111M120N02OO110N11O10O0N2O1O02O10000O1O3N002N002N00001O1O000001OO10000000001O1O0O1O10000N11O10O1O100O1O1000O1O10000N20O100O100000000000000000000000000000O1O10000O1001O00000000000O2N2O0000O1001N100001O000000000000001O000000OO2000O100O10O1O1O000O20O1O100O2N3N2M^jV?
20140322200714Mh_11,XZae26io12N3M2N1000001N2N10000O1O101O1O0002N002OO11N000001O1O000O1O10O1O100O1OO200N2O1M3O1O10001O10O001O002N0011OO2N001O1O000000000O1O01O1N11OM4O1L2110O0001000L3O1O10N2O00N200O3O1N200N203K6LcffT1
20140322200714Mh_12,mZi[35jo11O1O1O1O2M20000O001O1O1O00001O000010000O1O1000O10O0101M11OO2O1O01O10O00010000N200N2O00O100O100001ON200O1000000010N02000O00L40N200N12O4J4Ngfj?
20140322200714Mh_13,hZgn13mo12M2N10001O1O00002N002N01000O0001O1O00001O1O0000000000O1O10001O1O0000000000000000000001O11N000001O1O0001O1O0O3N002N01O01O1O02N003M101N1O1O1N2O002M101N1000cd\l1
20140322200714Mh_14,n^eU16jo11N2N1N010OO2100O102M1000000000001O10O0001O10OO1001OO1O100000000000O01000O01000000O1O10001O001O0000000O1O10000N200O2N101N1O2N2N1O1O1O1L4N2I420O0110O100O100N2O1M30OO11O00100O0N300M3O0O110O100O1001N2O1N2O3L2N3L2O2M2O1O1O0K6O1O01O1000O100O10000O01O0@D[QN?en1>000O2N100O1O3N001N2N3N001O0O1O100000001O01O10O1O000O2O1N100001O0100O000000000O1001OO10000000O1O10001O0000001N2N3N2N0O3N00N3O0O1O1000001N2O00100O000001OO2O1N1K6Mib^]2
20140403081714Th_1,XaZe2:eo15L1O2O001OO020N5L002M10O3M002N1O3NO31L21OOO3OOO20N02O0000000O0020N03OO011M020O011N003M014K018G010TQNUO_n1l0_QNVOfn1Q1N04NN05K105KO04MO14L002M1010N110N010000O002O000O102N0O02N020N020N022L020N02N00001O11N02N1000O02N00100O010O20OO01O110N013MO11OO20N111ON13MO22L106JO6NL042J220L17LL17H2O5J2MiXSR1
20140403081714Th_2,Vbjf12mo15K102N002N00001O10O2O00O01O1O00000000001O1O0001O1O000011OO0000000002N01O1O0001000O0000001O1O0001O001O0000001000O00000000001O1O1O1O1O1O000001O1O1O1O0N200N200000000002N00000000100O01O00000002N001O11N01O1O02OO112L1O10000O1000O4M005J1N_\kQ2
20140403081714Th_3,QdXP34ko12O0O1O10O1O101O10O10O02OO0001O1O01O1O01000O1Oi[Wn0
20140403081714Th_4,Vd\R36jo11O1O1O1O011OO02O002M002N011N1O3L1O3M102N1O3M012N001O02OO003M011M102M2O7H000002N1O5J1O3N1O1O10000O1O1O20OO02OO11OO11OO11O1O2M107I003M01<B1000O0`0A013L051I05I3N4L2N3I6M5K3O3kNcQN`0_n1_ObQN?Po1ARQNKon15SQNHon18=OdXkg0
20140403081714Th_5,]dlm11no13N2N002N002N002OO1O011O0O1O01000O00011OO002N0000002N00000O2N101O00O10010O1O0000106I0001O000001O001O00000000O0001000O1O1000N11O01O10O1OO200O1O1O00010O[[[m1
20140403081714Th_6,]gfj03ho18K3K6M1M12I5N30ON31M020L3102GiYYT3
20140403081714Th_7,SiPW33ko13I7JEdPN<^o120O2N2O0L5MWW[h0
20140403081714Th_8,XnlV16jo11O1O1[PNJ^o1?M011OO04MO22M011OO3MO2hQN\OSm1c0YRNAD4Tn1;VRN0mm1P11N6I3N3@`0M3J4O6G5MbP[g2
20140403081714Th_9,XPmS32mo12N2M2N2O100001O1O2N10O1O000O1O3M1G:O1M200N2000N1O1000O1N2O02O1F:O1M3O2K5NcPgi0
20140403081714Th_10,PRiZ23ko13SO2[QN;cn1FZQN<bn1P1B2N3N3N2NN7G4N2lNS1N2M3O3L20hnRd1
20140403081714Th_11,ZSiZ28go11M5M1M5M1M5N01AlPN0Vo1LmPN3Rldd1
20140403081714Th_12,TXmX25io13OO_PN0So12jPN1Uo1?N00O0010O1OO11N011N010N210N2000001O0O1M3O0J600LJ:0NO40NN4CVQNBln18a0OWijd1
20140403081714Th_13,T[mS32no11N2N10000000000O1O10000O1O1O1M300O01O101O0O1O100000O1O01OL5M3N2O11N2N2O1O1O0011N0O100O10000O10N20N200N200N200O00010O1O100N200N201M3O0O1O10000N20O1O01OO20N020M3O1L4O1N100O100N020L31OO200O100O100N210N101M12OOO21L120N111OO111M2O001O1N10OO201M3O0L401M3O2F9OON30OO20NO30O0110N2Oa0^OVh\c0
20140403081714Th_14,^ZYk25io12O0010O100O1000O1O1O1O1O1L4O0L401N201N2O0O10000O1M201L301N011OO11OM400L4N2M4N3J5O0N20O01O01O00001OO1O101O1L4OofVQ1
20140403081714Th_15,c]Qh05jo12K5O00O001000001O000000001O1O0000000000O2N2O00000000001O1O000G9O100002N109G0O000000000000000000000000000O00010O1O1000N020O1O1N020N011M120N11OO020N020N2000O1O10000N11O01O01O10N11O1O00001M3O0O1010O100O10000O1O100O10N110N020O1O10O1000O00100N2O0O10100O1O1000000001O1O00000002N0001O1O000001O1N1O10000O1O2O1O0001O1O1O1O2N001O1O000O3M1000000O1O1000O100O1000000000O2N2O00000O100O01O1000N20O0001000N0200O10N1100O1OO2000O000100N200N2K5H700O11O3N002L201O1O1O1O00001O001O001O1O000000000O000100M200N3O10O0001000N20000O2N2O00000O1O10O1OO20N020OO110M201M4Nodnf2
20140403081714Th_16,b_Yd25jo12N1O1OO11CMjPN6Uo1;O01O011O1O2N1O00O1O10N200O1O10000000000001O1N1O10000O100O100C_OYQNb0gn1AUQNa0`n1d001001O1N1O10001N2O0000010O1O0O1O1O1O1000000O1O100O1O101O0O02O0N2O1G900O1O100O1M111M111K311OO201N2N1O00L310NO300O200N110N11[OhN`RNY1`m1hN_RNX1`m1iN^RNW1cm1lN[RNT1cm1POZRNP1gm1ROWRNn0`m1m001O1O1N011OlMcRNg1]m1WNfRNg1\m1SNiRNk1gm1O9F200J6O0L50OM407F4N1M3O1G:Mec^S1
20140410195814Mh_1,VcTm12mo12O1O1O1O011N000000O1O2O0000O1100O010Nh\cQ2
20140410195814Mh_2,dinn02no12N0O3M10001O10O1O00000000O100O100000O1OO200N11O01O1N020N20OO110OO11N11O1N11OO20O0001N3O1LSWUn2
20140410195814Mh_3,WV]g08go12M200N2O1O00001O1N0110N200N11O100M200H9O1L301L301I7O1WOUOYRNn0gm1f0nNUNlSNm1Tl1UNjSNl1Vl1_N[SNc1gl1j0]OSMWTNf2mk1]MQTNa2nk1eMmSNZ2Ul1iMgSNY2Yl1g001OTOVTNbMik1^2YTNaMfk1\2P100N3O1N2\NcRNd0^m1UOQSNb0Pm1]ORSNb0nl1XO_SNc0`l1ZOcSNe0`l1TOhSN5lN2nn1KTQN4bo1IgkTU3
20140410195814Mh_4,cRYd16io12K6N2N3N010OO4L013OM022NO03M001OO3OO12NN022MO21N012L120N020N020NO22L03OO011NO3ON04NN13OM031MO13MO04L003M11VOTQN=Wo112OOO1O1O00002L20bjfW2
20140410195814Mh_5,ZZkg02mo13M101N2N1000000000000O1O01O10000000000000000000N2000O1O01O100000O1O10000000000000000O1O10000000VNMgSN3Ul12iSNObk1l0WTNUOhk1n0VTNQOik1Y1mSNhNTl1Y1jSNhNUl1f1TSNcNll1`1PSNaNQm1V21O01OQNSSNm0ml1gNfSNR1Zl1nNgSNQ1Wl1nNoSNo0Ql1POPTNP1Pl1nNUTNo0jk1ROWTNl0ik1SO[TNOgN<Pm1E[TNLgN<ol1H^TNGhN4Sm15cTNJ^k16V20OO1100000O0001000000000000001O1O00000000O1O1000000000000O0001000O100O11O1N1O2N2NUiRQ3
20140410195814Mh_6,`Xod14ko12N2O001O1O00001O1O001O10000O0001000O0002N000000O1O100000O1O01O1000O1O1000000000O1O10000000000000O100O10000001O001O0000O000100000N20N20O1O01O10O1O10000000000000000000000N200O1O2N1O2MhgXU2
20140420195854Bh_1,bb\T35jo12O2OO02N011OO02N0000101O0000010OO11OO20OO11OO11O001O010N020N03N00000010N019G0O3M011O00]OiPN>Vo1_OmPN`0[o15KN5OM1N42L4LN130L123K03OgTNCif1=WYNDjf1<ZXNAUM9aj16YXNCTM8cj1:QXN=og1DoWN=Sh1EXUNVOR2X1fh1CVUNWOR2W1oh14^VN0ei1OZVN2ji1KRVN1Uj10iUN0\j1N`UNNfj13XUNNlj13lTNLYk14fTNK^k13]TNJjk16VTNIok15hSNN]l11bSNOhl1LQSNCNDSm1j0mRNB2CSm1d1QSNYNSm1d1oRN[NTm1_1i0N5H5N?^O5N;C4M_Xoe0
20140420195854Bh_2,Zcdd2;do12N3N011OO02N002O000O022L013M011N020NO110O5K003M0O20N02N2N10001OO11N0110N112L11OO10N2O1N2N4KS[]X1
20140420195854Bh_3,beTT22mo11O2O0O1O1000O01000O110O0002N001O10O10O1O02N01O10000O011OO02N020N01O10O10O1O0020N011O0O3NO11OO3ON02N011O001O002N0O11OO\YSh1
20140420195854Bh_4,PfRW11ko17M0N2O2N2O1O3L1O3N1O1O002N05K1O4L002N1O20OO1O1000O011N0001000O000000000000000001O1O02N0000020N01O10O1O011OO02N01O10O1O01N2O0000010O1O0002N02OO1O0011OO020N020N01O1O02N02N0002N001O001O01O1NiXob2
20140420195854Bh_5,djPg02mo13N2M2O2N1O2N2AEUQN<in1FUQN<fn1JWQN7hn1KVQN6cn1g000N11O01O01O1OO110N20OK5M4H700N300O01O2O2M>XO=M<^O8M4K4NWV_V3
20140420195854Bh_6,Vj`U34ko11M3000N11O10000O1O1O1N2O01O01O02N2M2NXVWi0
20140420195854Bh_7,QkZX33ko13N2M2O1O1O0O11O0N3N3L\Umf0
20140420195854Bh_8,ZkXV36io11M3J7O1O001000O0002N0O3M102N1N5L1O23K000001O1O;E101N01jN_QNY1Tn1eNnQNZ1]n100O7H2O3M1O<D3M3M1O100O100O11OO20N101O00O1O2K4JTS[f0
20140420195854Bh_9,WkPm0:fo1112MO13MO20O002OO100N2N1O3M1O1O00RTkQ3
20140420195854Bh_10,akn`03lo110001O0000000000O1001O0010O1O01O0100O0O101N\Tc]3
20140420195854Bh_11,jkdb08ho10O3M101O001N102M100001O1O001O1O0000000001O1O0000000002L202L202L201NPTU[3
20140420195854Bh_12,fUQg1:75in1LUQN5in1b000N02OO101M03J5@`010N20NO3O1000N0200O0001000N11O1000N11O10O0010O100O0001000N200O0001000N020N11O001O010OO1100N20OO20O01O10O1O0100O01O1000O0001000O000100O1O01O10O10O1O2O1O1O3Kik\S2
20140420195854Bh_13,nUmR25io13O0O1O100N2000O01O0100O1O1000O1O1N200N2O1O10O000100000O1O1000N0200000N0200N20N020N020N011M120N002L210N0210L401L3O1N20^kZi1
20140420195854Bh_14,jW]k14lo1000O1O2O1O0000000000O1O1000O1O10000000O1O10O1O100O100O10O101O0O10O1000000000000000O1000000O10O1O100000000N20000O1O01OO200O1O10N11O01OO2O00O2OO11OO11O01O10N20N100O1000000O011M120N110O0010H8N2N102N1NhiZn1
20140420195854Bh_15,bXeQ1:do13K=E2N200H8O0NG;00M40NO3OO011NO201N2OO010N111MO40N020NO200O2OOO3O1M3O0N210N200N101N10O100N3O0001O3J^iTk2
20140420195854Bh_16,VZ_]33ko14M2N3M2L?D5G9_QNUObm1m0\RNVOam1g1M1O3L2N3O0NSNaSN>]l1BdSN>Zl1_OnSNOnNITm19oSNKQOIol1;mTN_OUk1`0V2N11OO100O10N120L211K310YO^OgQNk0[n1WO_QNl0en126M3K4O7E4O2J6Nagj?
20140420195854Bh_17,^_ek24ko11O2O0000O100O2N1O0100N2O00100N200N200000002M1I8N2J5O0O101N200N0200000N20O0_OUQNLmn14UQNIUn1JSRNc0\n1_ObQNb0]n1_O_QNc0bn1^O]QNc0an1@\QN?fn1=OJ700L500K401I8N1O00F;O2M3N10000O1O10N2OO010J700N200O100OO2OON30O0101O01TNPOgTNQ1Xk1POhTNP1Xk1SOeTNl0]k1TOaTNm0`k1TO]TNn0bk1RO]TNP1Qj1oNjUN14S1ni1QOkUNL6U1mi1`0PVNCoi1>oUNCQj1>mUNCSj1>kUNBWj1?gUN@[j1?eUN@_j1a0]UN\Ohj1b0XUN]Ooj1iNWTN84f0LQO:W1ak1hNXTN74h0FTO<V1ll1[1102M012nNkRNSOVm1k0lRNTO^m1`0gRN\O[m1c0fRN\O]m1a0eRN\O\m1d0eRNZOam1b0aRNTOgm1k0k0L000O1O2M3N3L3Nbdjl0
20140420195854Bh_18,QYU]23lo1101N1O2O000000000000000000000000001O0N2000O10N20000O1O101O1O000000O1O100000002N0000000O1O10000O0001000N2000000000000000O1O10000000001O1O1O1O02N002N01O10O1O0000O1O0100O100000000000O100O1000000000000001O10O11N002N002M1OQgn[1
20140420195854Bh_19,o^ii0=bo11M3O0I71OM121K113RO\O[RNf0gm1\OWRNd0bm1KVRN2nm10nQN1jm1R141HC]RNfNim1Z1ZRNcNhm1\1>01OO1OO11LL6L5]O^QNAjn1?YQN^Ofn1a0<2N02OO200O1O@mPN4To1HoPN9Ro1EnPN<To1BlPN>To1CiPN?Wo1400O02OH800ZOf0010N111M201M3O1M3O2L3O4J3O0N2O1N2O0N200O1100000N20OO110L31N011N020NO20N111M120M201N110N101N101K4O1001OOO200O2O1M300N200N200N200L400N200N200O1O10000N3O[fbn2
20140420195854Bh_20,XZ[W23ko18J1O0011OO021N00;E002M020N05NN02OOO1O102@dPN7\o1GfPN8bo1O1O1O0001O0100N3N1Nbdbf1
20140420195854Bh_21,h\Y[27]o1KmPN6Ro1KhPNo0cn1ROZQNQ1gn17L102N0O2O03dNmQNc0Tn1[OoQNc0So1D2NVbjc1
20140420195854Bh_22,j_ac15jo12H9M2N3N1O:F11OO14MO02[OnPN8Qo1FQQN:Zo110O00O100O1N2O1N3O00O01O01IlPNAUo1?60000000001O1O3M1O2N00000O100O1000000000000000O1O10O102M10000O1O1000001Nh_\X2
20140514195854Bh_1,Rbdb25ko11O001N2N102N002N002N004L003M11N00001O1O001O0000O1000000000010000O20OO001O1O01O1O001O1O2N102N1N1O11N011O003M0100N020N011OO03M1O0000O1O2K5O0O1001O05K101OO011OO00002N001O1O000O2M3N2N`\eW1
20140514195854Bh_2,fb^f03ko14M2N2O001O0000000000000000000001O001O0011OO11O0O3M020N015K0O5K112L114J118F112L1O1O000001O1O7F4N2VOWQN9ln1EVQN9\o1I5MP\WV3
20140514195854Bh_3,cblR25ko11N7J2O8G102M11OO04L1O3M1O2N1O4ON002M110N211MO40L022L022M031LO40L1oPN[Oin1n0OO3OOO4NO023K121K160J15KO012M030NN7MNN6NM011PQN@[n1a0bQNAcn1o0L05K1O3M1N5I303G7O4HVYih1
20140514195854Bh_4,`h\j03mo11N3N1000001N05KYWQU3
20140514195854Bh_5,bjjP22lo18I1O7J1M3O00000O01O2O00000000000000000001O1O1N1O2O0O1O10O10000O3DiPNKWo13mPNIWo13mPNJVo13nUkl1
20140514195854Bh_6,VknU24Uo1:oPN0kn1d0O2N003OO2OOO2O001N1O<D1O2N1O02N01O1O00012L2O`T_h1
20140514195854Bh_7,okhT2c0\o1102M1O11O100N8H3MiScj1
20140514195854Bh_8,RndR26jo10O2N0101O1M2OoQkl1
20140514195854Bh_9,onfk23lo12O000000O10O100O10000O1O10O000100O1N2O0O110N002M111N002N011OM4O1L5NnQSR1
20140514195854Bh_10,aT_U21no13N001N2N2O001O00000O0001000N11OO200N020O000O11OO200N020N020N020N02OO001O11OO1000O10O100O101ON3O1O1O1N3MklVg1
20140514195854Bh_11,iVoW32io18M0N2O1OO11M3O1M3N2L4000000000000001O001O01N2N100O1O10000000001N5K2O1O000O0L41OON400N11C<0002O001000O0O100O1O1O1O10O000@gNZRNX1gm1jNWRNW1fm1:801N1O1H80L031MUOkQNNZn11hQNMYn11l000L4O5GokTc0
20140514195854Bh_12,l\iU11no12N3M10001nKLVXN5ig1KXXN4hg1LXXN4hg1MVXN4jg1ORXN2ng10oWN1Qh15gWNLZh14eWNL^h16\WNLdh14\WNKfh16VWNKlh14SWNMnh16eVN1^i1O`VN2bi11TVN2ni1NRVN2Tj1LbUN8`j1J]UN6jj10gTN2Zk1NfTN2_k1K]TN5fk1JYTN7jk1FUTN9nk1GQTN9Sl1DlSN;Ul1FkSN8Zl1HgRN\Oj0g0_l15_SNKel12XSN0il10USN0ol1OkRN4Vm1MhRN4[m1U13O2G7O6I3N4G7N6E7N;_OQeTg2
20140514195854Bh_13,\]mT36jo10TO0hQN2Un1OjQN2Qn13nQNNQn14nQNLQn16nQNJQn17nQNJQn19kQNJTn16kQNKUn17fQNMYn14eQNNZn1m00O10O12M1O20OO11N0100O000O1N20NM5O1M3O1N201M3O0O1O10000N200N200N2O1M30OO2O0O2O2M3O^cfg0
20140514195854Bh_14,]_]V2:eo12L5M101N010O1K311SO]OoQNP1Qn1QOnQNo0Qn1`01ON3O0L3100L5O1AlQNnNXn1Q1=L3O1L40K3O30N2O1M3O1O1O3M102L4N1O1O00O1O1000O1O1O1O3N0000000000000O1O102L3NXbje1
20140514195854Bh_15,R^aQ27ho12N101O000000000001O1N10000000000O11O0001O10O01O1O0O3Nhafl1
20140516234034Lh_1,^`Vn23lo17I4M4LBdPN8eo1OO0O3M102N03OOOO3M102NO01005J2O00002OO001OO2N1O1M3N[^ko0
20140516234034Lh_2,mb\]19fo12O;E1O1O000001O1O000000001O001O011OO120NO20N020N111M020N11OO11OO02OO0100000000000O1O111M111M115J000O00000000000002M3M101O1O000000001O1N10100O000010O1O1O101N002N1O3M01O1O00001N2N101O1O002N001O1O001O1O000O01O010N020NO3OO02O1M210N2O1N2O1N3N_[S[2
20140516234034Lh_3,\dhW2:fo11O6J2N7I022M05LO03NOO4NO011M020N002N002N0O[OjPNd0Zo1N20O0000O1O1O20N040L022MO13M011NO13M011OO1OO11N002M1O5I3OcYod1
20140516234034Lh_4,Yfhd17ho11L6L2O10100O01O1O1O10O1O01O10O1000000000O11N002N001O1O000:F0O5IWYUY2
20140516234034Lh_5,nhPn28go11O3N0O4L4K;G1M3N2I7N2K8K3M5WOWNRSNk1ll1XNPSNo1kl1RNSSNP2ll1RNoRNW2ll1`00oMVSNk0hl1lNdSNP1`l1hNnSNS1nk1kNUTNT1mk1fNaTNU1hNhNUl1OVUNY1cNiNQn1b11O2N1O2N015K0053H007I1N10O1N100007J[NnQN\1Qn1aNSRN]1\n1L1O<D2L4L4M3M3N7H2NoS_n0
20140516234034Lh_6,dTWo23ko13O0O1O10000O10O0010O1O10N20N2000N11OO20O1O01O01O01OO11OO20O1O01OO200000O01O101O000O2NRlPn0
20140516234034Lh_7,WUaS23jo14K6M1M201K400H72OOO20K3201L4O2^O^l\k1
20140516234034Lh_8,QWmm28go11M3O0K51ON3O01O1O1M4M_iZQ1
20140516234034Lh_9,^X[k22jo15N1O001O1O00010N2000O1OO2000O1O01O10O100O01O01O10O1O01O10000O0001000O000100N020N11OO20OO101OO11N011NO3OO020OO110N20N02O0N30QifP1
20140516234034Lh_10,jYmg27ho11N101N011M30OO101M120M111N100I8O0M22OO010OO20OI9OOK7OO010N21O1O001O1O3InghU1
20140516234034Lh_11,dZ[j04jo12O00001OO010001N200N200N110N02ON3O0M22OO10001O0N210I6F[OYQNf0gn18111J5O1L3O2J6O1M3O1M3O2K5NQgnR3
20140516234034Lh_12,X]al14ko11O2N1O10OO2O1M3O1I70O1O01O1O1OO11OO20N020N020N02OO02OO02OO11OO110N20O1O01O1O00001OO11ON3O00001O1OO0jM@PUN`0nj1DnTN;Uk1FjTN9Uk1McTN5_k1L_TN4`k12XTNOkk12STNOmk1o13O1N201L4N2K5O2H7N4cN[1N4K3O[fnn1
20140516234034Lh_13,h^gi22lo14M1O1O1O100N20OO101M120N011OO20N020OO101O01OO11O10OO101M200N3N2N1O1O3O0N3O0M3O1M20000001@ZQNBjn1=>N2O1O1O1O1N1O1OkbjR1
20140516234034Lh_14,h^af22ko14F:N1N100K5000M300N3O1O1O1O000010ON201O1O1O2N3LUblW1
20140516234034Lh_15,damS14ko11N2O1N2M3O1O1O100N11OO2N2N02N01000O11M120E9100M4O2L3O2O1N1O1000001N1O10O01O10N020N11OO2O1L2101N2O1O1O10O1OO20N020N020N020N020N011OO100O100O11N011N0200O1O1O01O0100N11O100OO200N2Nm`^f2
20140519195834Ch_1,\ePV32no11L4N1N200N101M201N1001000O1001O00011O01O01OO110N10O1O000001O1O3M1O2O000O110O0O2[QNYOom1e0PRN\ORn1b0lQN@Un1`0iQNAYn1>bQNF^n1;_QNGfn1g01O3N0O3N0O1O1O2N002N0O3N0O3N1O4K2N2N2N_Yke0
20140519195834Ch_2,Yeld25jo11N3N1M3O1O0100000000002N01O10O2N110N102NO0010000O11OO20OO11OO20N03OO0O3N002M002OO<C2NkY[X1
20140519195834Ch_3,ngnf24ko13M2O5ZPNH[o1?00O02O0O2N2N1O00N20000001N2N2N2N3LhWeW1
20140519195834Ch_4,fiVa04jo13N2O0001O01O1O00001O1O00100O00011N001002NO11N01000O02O0000001N11N011OO01O10O10O1O1O20OO00002N001O1O3K]Ua[3
20140519195834Ch_5,bjhT18go11O101O1O00000000000000001O1O0000000000O010O101O000000000O1O100000000O1O100O1OaUgh2
20140519195834Ch_6,QPk>1oo11N2O2N1O3M010O1O001N2O002M1O3N011N102NO20O0000002N010O07I0O3N0O11OO02N104LO12N103K13M2M5K003M1011M2O1O002N1O1OO20N14L0O4L1O5JgmT]3
20140519195834Ch_7,aRQR33lo1102N001O0O2N1JJbPN6]o17O1000000O100O1000000000001O0000O1000000001O000000O100O1O1O1O1000000000001OTTNL]LLWk18ZXN7gg1HnTNHi2g0[MYOXj19bUNIi2g0[MZOZj1i0RXNg0ig1YOUXNh0ng1XOmWNj0Th1WOjWNi0Yh1XObWNj0^h1VO`WNl0ch1TOTWNQ1nh1oNQWNP1Ri1XObVNj0^i1VOaVNj0bi1TO]VNk0fi1UOXVNk0li1TO`UNPO^On1Sk1]ORUNiNGk1Zk1[21O3M1O4J4N4K3O3K3N5J3DdSNQMdl1a2a0O3I6L4]NbRN7im1FZRN9in1D;MUkfh0
20140519195834Ch_8,mTko14jo13N10O0001000O1OO200N200N20OO110N200000000O1O100000O001000001O0O1O1000O1O1000O1OO2000O000100OO110N20O0001000N020N11OO11O000010O000O2OO11N010O10O01000O00011O0O110N200N203Imlhj1
20140519195834Ch_9,ZYYk15io13M2N2K4O1N3O1I6O2N110O\OQQN7Po1IQQN7mn1=20_OSOmQNm0Sn1WOiQNj0Vn1ZOfQNf0[n1[OdQNe0\n1?001N20OO110N2N0O3O1A[QNAfn1?\QN@cn1=b0O1K5O1K5O0O2O010O1O010O1OhhjQ2
20140519195834Ch_10,iZgd13lo13N0000001N2N1000000O0010O10N2_PNG[o19dPNH\o18dPNH\o1>N20O1O100N11OO2000O000100O00010000O1O0100O01O10000000000000000001O1O00001O00O10000000O1OO11OO020NO3OO011N011N020M111N020L220fNLfRN3]m1NaRN2`m12YRN0hm11WRNNPn12fQN2[n1NbQN4an1b03N2K4O4H6N6G5O5G6MnfVU2
20140519195834Ch_11,jY]h06jo10N200N11O10O1M21OO200N020NO3O01O01O10000000O1O1001O1O000000011OO0000002N01O10O3M002N01000O00000000000000000000000000000000O1O2O1O0O1OO20000O1O100N200N4N000O1O1000O1O100000O1N2O0O101M21OML8OOO3N00200L402I7MWgRQ3
20140519195834Ch_12,mYcc02?2an1o0L1M200NM6O0_Oc0Mhfj[3
20140519195834Ch_13,^][j23ko13O000000O0100O0100000O00010N200N200N2O1M201O0100O1O1000O1O01O10N200N110O010O1O1O1O00001O1N2N100M4M3O1O01O1000O1M3O1K50ON3O0L400LO50M1200O2O100O0001L300N02O0L501M3O4K4N4H4O1N2O1N200L5NUejo0
20140519195834Ch_14,lZif02>:a1JPk1N\SN:b1JPk1o0dTNVOZk1k0RTNiND=Yl1h20000O1O1O10N111O0O2M2nNWSNlNjl1o0X1M:\NgQN455Vn1DhQN554PcPX3
20140519195834Ch_15,o\eh29fo11N2O1N2O1J5011O005L5J3NO001O0001OO2O11N1O2N1OjbjU1
20140519195834Ch_16,__[S23lo12M3N1O1O1O100000O000100N200N20000O0001O1O10O1O100O1O01O1O000O20O0010000N3O00O10N2000000O2O0O1O1N2O01O100N2O1N2O2M3O0O1O01O01O01OO200O001O1O100O01000O100O1O3Kgadg1
20140519195834Ch_17,i_]Q23lo12M3O0000O1O10000O100000O2N1O2N101O0000O100O1O2M_`Pm1
20140519195834Ch_18,b`cn11oo12M2O2N001O0O11N2O000000001OO1001O0O01000000000000001N10]_bo1
20140520200054Bh_1,QdPm26io12O4L002N010O010O1O1O1O3M002O1N2O1N2N1O1O102NO0001O1O02N0000000000010O10O00001O1O0001O10O1O0001O1O01O0100O00002N0100O01O0101O0O7I115I2O2NO02O1O1N020N114J112L011OO0VOoQNFPn19RRNGmm10_RNMam12aRNMam1ObRN0^m1OdRN0^m1MhRNNYm10iRNN[m1O\1N4LaZUm0
20140520200054Bh_2,VhlQ3d0\o1000000O1O101M5GlWam0
20140520200054Bh_3,nhTi02no13M7J004K1000O02N01O1O01O1O01O10O01000O1O02OO1O0000001O1O01O001O002N000O1O2O1O0O1O100O1O1O3KaVmS3
20140520200054Bh_4,colQ26io12N100O1O1O1O1UOJiQN9Un1JiQN7Sn1m000O5L103L1=D2Mb0_OO010N1000011N033JO5OM011M020O000002N003M0O6K0O5L0O3M002M3MinRk1
20140520200054Bh_5,nnXe07ho12N2O1O001O5K023K105KO01O11N00010O10O02N10:FO1000O1O101OO020N000001000O000000001O10O10O1O1O10002M021M11O0O2O0O2N011OO011OO11OO01O10O0100O1O10000O000000N201N2N101O3M2O3L2OmnZU3
20140520200054Bh_6,jTm]26io12L4O0O3N0O10000000000000O0010O1O1O01OO20O1N10001OO20OO11000O1O010N110O100O010N110N020N11ON3O1M2001O1O1O1O1O000O20ON3O0O11O01O10O1O01O00001O1O0O110N2O1O1O1N2OilR]1
20140520200054Bh_7,VWQ_1<co11N4N1O100O1O0000O1O100N20ON201N201M201O0O1O10O100O1000000001O1O0Nnhj^2
20140520200054Bh_8,dZUS2;do12N10000000O0001000N20O1O01O1000O1O01O1000O1O10N20O1O100O1O010O0010000N20OO101O0000O11M120L300\Od01OF902K23OON4O1L4O0L5Od0YO5N5J3Nofjh1
20140520200054Bh_9,ZYik03lo12N1O1O100000O10000O1000002LjfXS3
20140520200054Bh_10,c^Un03lo12M3O0K5N2K5N2bN@\RNOb0`0Pm1F[RNMc0>jl1e0jRN[OVm1g0hRNYORm1l110B;21G640D920NUOgSNQN\l1o1fSNoMXl1f1W10NN40N12ON@]RNgNdm1X1aRNdN^m1U1k0OON4O0A`0O0M4O1L4O1N100O2O100O1O10O100O010O0010000OO110000N020N11O10O1OO200O01O01000000000O010O10000001O1O01O0000000000000000002N0000000001O0010O1O01O1O01O1O01O1O01O1O0000001000O000000002N0001O10O001O00000000000000OO110O1OO200OO110O1O01O10O00O2O1N011N0110N2O2M3Ngffg2
20140520200054Bh_11,`]QQ38go11N4M1O3M2O1O1O2N11N1O7J1N100O1O1O01O001O00000000000O1O2O001N1O10000O1O3M1O100N20000O0001000O1O1O1N2O00001N200N020N11OO200O0001000N20O0001N2N1L401N11O000000001O00O011NO3ON200O2O0O101N11OO1000N3O0O100N210N2N3M201M3O0O1O100O1O1N3L3O3I8LZdbg0
20140520200054Bh_12,e`_V23lo12O0O2O0O1000O100O1000000O1O1001O1O1N2N1000000O1O1000O1O10000O10O00100000001O1O00000000000000000000000O100O10000O00001O100O100O100000O1O001O01000O0001O1O1O1O1O1M201O0O200O00010000O1O1000002N000O1000000001O0000000000O1M30O00010O1O100N20O1O10N20O1O10OO110O1OO200O1O000010000OO2000001O0O1O1000000O100000000O10002N0000001N1O2O0O1O1Oi`V_1
20140526195834Ch_1,QfXV14jo14K6L1O3M1O2O1N1O10O000O20OO110O1OO11O1K5O1N200N20000000001O1O00000000O100O10OJJdPN5\o171M3O100010O0O2O001O00O001O2N100O1O1001O001O0000000000000000000011OO01O1O2M2LdZgd2
20140526195834Ch_2,dh`g0j0nn18H8O1G440NYOjQN]Ocn1a0<O3O2N2O_XgW3
20140526195834Ch_3,bgdm24lo11O3M002N1O1O1000O02OO11N02N0020N111M10000O1O020N02OO110O010O001O0000001O0O1O1000O010010O02OOO20N11OO111M011OO1O1O02N00001O1O001000O002N001O1O4NOO10O001O000101O0O0001O1O0O1O100001O102N00O1O1O1O000000010O01O100O20OO1O000000O100O1000000000000000000O1O102M1O1000000O01O101O0O1O100000000N11OO200N2OO110N02O1N2O1N20^Vch0
20140526195834Ch_4,eiTe15jo11N2O0O0101N2NdV[Z2
20140526195834Ch_5,hnhV15ko11O2M111N002N000001000O000001000O011OO0001000O000002N0000002N0000000000000N200M3O01O1000000000000001O0100O2N002N002N0000001O1O0001O1O0000001O1O00001O010O011N00001O10O10O1O0000000000000001O1O00002N01O001O000000O1O100L4O1O100O101N2O00001O001O1N`Pca2
20140526195834Ch_6,PTio19fo12J5O1M21OO1000N200N200M31OO02OO11OO101O1O1O100O1O10000001O1O00000000010O10O000000000011OO01O10O0100O110N110N022L020N200N026H0100000gRN_ORk1a0lTN@Vk1`0hTN_OYk1a0fTN@]k1`0]TNAfk1?XTNAkk1?PTNBRl1`0kSN@Yl1b0`SN_Obl1a0\SN_Ogl1f0bRNGbm19\RNHgm1W1004OM12OOO2N004L1O<C3M9G2N5J3EkPNG^i\j1
20140526195834Ch_7,`Val13lo12N1000O010O010O1OeijR2
20140526195834Ch_8,PWYk12mo11M3O1O000010O0010OO2O1O1N\ijS2
20140526195834Ch_9,nW]Z1=bo12N3M1O2O0ON2N1N4OO0200N100O2O1N11O100000O1000N3O000000001O000O0010O1O1O1OO2000N11O1000N11O10000O1O10000000N2000000000000000002N00010O1O0O2O0OhhRa2
20140526195834Ch_10,kWY_14ko13N3N001O010OO20O010O00O1000O100O020N02OO10O0010O02OO01O1O0O101N\gd^2
20140526195834Ch_11,bXiQ36io11O2O0O010O01ON020M12O1N11000000010O001N101N10001OWhbl0
20140526195834Ch_12,QYcT13lo13N1O1O00000O1O1000000000O100O01O1000O1O10O1O10O1O10N200000001O1O01O1O01000O010O10O00000001O1O00000000O1O100000000000000000000000000000000000000001O1O0O100O10001O1MPgVf2
20140526195834Ch_13,`Zm]18ho10N110M201M111N20O100OO200L300N21ON110OL6OON300N21OO2N0020N11OO1000O11OO2O1N100O2O1MQg\_2
20140526195834Ch_14,YZ]S33lo12O1O001O001N100O100000O1OO2000000O1O01O10000000000000000000O1O1000000O1O10O100O1000001O1O0001000O01O001O020N01O10O1O01O1O00001O1Nge^h0
20140526195834Ch_15,_Zek23lo1100O1O010N1100O1O10000O1O10000OgeXS1
20140526195834Ch_16,o[gc11mo13N2O0O1O100N20OO110N200N020000OO1100000000000O1O2O001N0010O01000O1O001O1N20OO110N11O100OO20O100O01O0100N20O1000O1O10000N110000000O0001000000O0001000000000000000000000000002N002N00001O10O1O000000000000000001O000000O100000000O1O10000000000000000000000000001O1O001O1O00000000000O0010000000001O002N0O3O0O1O002N000001O1O1O1O1N2N10001O1O0000000001O103M004nPNYObn1g0\QNZOfn1o0002N102M013L00>D0N20OO11O01O0O11OO2N002N01000O1O1O2N00Zc^o1
20140526195834Ch_17,bamX2<co11O3N0N2O1OM3O0100O011OO20OO101O10O1O01O01O100O1O101O0O1O0O2N0K600O20OO11N2N2OOO3N002N01000O1OO011M210L4O2L40O0010O02N2L3O1N2O1M21QOCZRN;im1FURN:lm1IPRN6Rn1KlQN6Tn1NgQN0\n11bQNOan1e0200N202L200N2O1O000O10O100O011L211N11O01O10O1O1000O000100O1O10N0200O1O1000O1O100O001O001000N200O1O1000N020O1O100000O2N4M1O3M002N0O1O101O1O00000N200000O1O10000N020N011N1001O00010O1O01OO20N100N21OO10000000000O011L300M40O2N102L201M20O01OO200N020N11OO200OO11OO11N020N02ON110O011OO11N011N011M111O1000O1O2O1O0N200N20OO110N200N20N11O1000OO110N2000000N201N2N_dbW1
20140526195834Ch_18,R^ml0?To1DTQN?hn1b0L1O3M002N1O0001N2UO^QN5gn1AgQN5Uo1M_aVR3
20140629195814Mh_1,bj\;2jo15K5M11M3O1N2O10O0H800N1002O001N2O0100OO02L300O20O0O2O1N2N2J^PNNco12[PNNfo1601O0000000000000000O1O1N201MeVea3
20140629195814Mh_2,hnfc22mo12N1O2OO010OO2O1N20O001000001OO10N2000O1O000O2O1N011NO2010O000100N200M201N3MRRkY1
20140629195814Mh_3,PRm[14jo11L401N010N201OO20O01O01O1OO11N11O00000O11OO11J411O0001O000O20OO11ON20O011M120M111NO3ON020O02OOO30OO101O01OO20N020O0000001N11OO101N0101M30OO1O20O0001O1M3NhPW_2
20140629195814Mh_4,kZiT2>ao12L5M1PMB\VNa0ci1@[VNa0ci1GVVN;hi1GWVN9hi1MRVN5WNAKFbj1e0ZWN6XN@JGcj1i0cVNVOPOn0GOej1NbVNWOQOR2^j1gN_VNYOROP2`j1gN\VNZOSOP2dj1dNWVNQ2ji1nMVVNR2ji1oMSVNo1Qj1RNnUNn1Rj1RNlUNl1Xj1UNfUNl1Zj1[N\UNa1kj1_NSUNb1nj1d14O1]NiTNQNck1n1aTNnM`k1k1jTNmM[k1S2eTNlM[k1Q2iTNlMYk1U2gTNjMXk1n1RUNPNPk1P2PUNoMPk1m1VUNPNkj1P2WUNmMkj1o0hSNNkm12WRNLim1O^RNNdm11^RNNbm1OaRNNam12`RNMam12bRNCfm1=\RNAem1=P100L3O101O1O0001O1OO20N020NO3OO020N11ON200O2O0N201OO11OO20N020N02OOO30NO3OO11OO10000000000N120N11OO2POA^RN?am1EYRN>hm1BWRN?jm1AQRNa0Qn1_OnQNb0Rn1_OjQNb0Xn1^OgQNc0Yn1^OcQNb0an1^O]QNb0dn1:3O1N200N11ON3O100O1O102L3O2M2N1O1O_LG]WN8ch1J\WN5dh1NZWN1fh11YWNOfh13YWNLhh14XWNLhh14XWNKih15WWNJjh16VWNJjh16UWNKkh15TWNLkh15UWNJkh18TWNGmh19SWNGmh1:RWNFnh1;PWNFPi1;nVNESi1;mVNEUi1;iVNDXi1<gVNE^i16aVNK`i15_VNKci14ZVNNgi11YVNOhi12VVNNki11TVN0mi1ORVN2ni1NRVN2oi1OoUN0Sj1OlUN2Tj1OjUN1Xj1OgUN1Zj10dUN0]j1OcUN1^j12]UNNdj15YUNJhj17XUNHhj19WUNGij1:eSNZOo0=\k19dSN\On0;_k1l0`TNSOak1n0^TNRObk1o0[TNSOek1n0ZTNROfk1P1RTNVOnk1k0QTNUOok1l0lSNXOUl1g0jSNYOYl1d0aSNBal1=_SNBil1;mRNHWm1:cRNHbm1W13N4L3M3M2Nh0XO3M6G5O3J4N4K3O5GUl`_1
20140629195814Mh_5,dTUV34jo13L3O0O10000000O200N20OO20O10O1O10000000000000N200000000001O1O11OO01000O01000O01O10O10O10O1O002O000O0001O10O10O1O0001000O000001O1OVkfe0
20140629195814Mh_6,g\ec03lo12fK1_XN:Vg1IiXN8Rg10iXN2Ug10iXN1gf1BdUNl0[3CPg1i0nXNWOSg1o0fXNQO[g1P1cXNQO_g1U1kUNWNn1d0Xh1]1_UNSNW2?\h1h1`WNYNbh1f1^WNYNfh1f1VWNZNmh1f1QWNZNVi1CWUNZ1=eNOa0`j1]OVUN]19fN0`0Xk1P2VTNXNlk1i1RTNXNSl1f23O2M2N2M2O2L2XM[SNV2el1jMfSNk1Zl1VNfSNi1Yl1ZNjSNa1Wl1`NiSN^1Xl1bNoSNV1Sl1hNnSNX1Vl1dNmSNW1Vl1gNlSNX1_m1G9N2K4O3nN\QNa0To1NmdfY3
20140629195814Mh_7,VZYP15io120O01O10O1O01O100OO110O00001OUffn2
20140629195814Mh_8,]Zeo01no12O1N100O2O1001O0O001O1O0Oae^o2
20140707023654Uh_1,Yhh[11no13L20000O1O1O1O1O0010OO2L5I9L2J6O1K5N1M301O1N10O1O2O003K3O1N1O20O001O01O101VOYQN8gn1F[QN9Xo10OO11N01O10O10O11N002OO11N002M2N4M002M2N2N1O1001CSQNEnn17WQNFbVU`2
20140707023654Uh_2,bldg23mo11M3O0N200D;10N20000O1O01O10O1O01O000001O0O110OO201M11OON4fK\OVYNd0lf1\OSYNe0mf1\OPXN1kMa0Wj1_OmWN2jM?Yj1AhWN6kM9_j1AfWN7iM9aj1@bWNb0cMOmj1_O`WNc0aMNQk1@YWNc1ih1]NVWNc1lh1]NQWNb1Ri1^NmVNb1Ti1_NiVN^1\i1cNbVN]1_i1dNUVNIYNa1fk1fNPVNb1Sj1_NhUN?dNDPl1M[UN?hN]OSl15QUN=gk1CYTN<hk1FTTN:nk1GPTN8Tl1KfSN5[l1LcSN4al10WSN0kl11SSNNol1:eRNG^m19`RNHbm1Z10O3M3M5]OkQNoNYn1o0?J4N3F:N3_O_XQT1
20140707023654Uh_3,]hl]29fo11L5M2N3N000100O1O10000N3O1N1O1000000000000000N20000O1O1000O1OO200OO1100O00100000000000O01O100000002N0000000002N000000000121M02OO10O0O100O1N1O3DPXa]1
20140707023654Uh_4,fhnm21no12N10000N3O0K6N1O3N0O11O0100O01O11iPNChn1<WQNEln1:PQNKmn15SQNLnn1d0N011OO1O011O00O10002M021M12M1O1O1O2N003M1O200N4h0TO133I040L04NN06I2Ob0YO7MXU_n0
20140707023654Uh_5,jiZ]11ho1=I2M4N002N022L22ON04K1OSVka2
20140707023654Uh_6,ejh_23lo12M9H3M5L111M111NO7LN02ON111NO2O0010N020OO20O0O1002NO13MO03N001N011OO020N01O1O02N01O1O01O10O1O0000001O1O001O1O01O0010O00O1000001O001O00000000000000O1O0100O01O1000000000000O101N1O2N1OgS_Z1
20140707023654Uh_7,QPQn24jo11O1001O000O10O101L4O1N2O1N11O00001N100O2O01O01O01OO2000O00010OO110O1O1O1O2LRQao0
20140707023654Uh_8,cPY`0=bo12O1O1O1O220L322J01OO11OO115I123K010OO01O1O1O1O00011N08H1000O02N001000O01O1O00000000000001O1O001O1M200N3O0O00100O01O0100000001O1O1O1N2N3N1N1001O1N3M2O2N1O1O001O1O01O10O1O1O100O01N100O1O100001O000O1O010000001M3O1N1O10O10N200N101L301M3O0N20O0100O101N2O1L5N[nfW3
20140707023654Uh_9,kPi[17go13L:I1O2N1O1QQN_O]n1a0bQNA]n1`0_QNE_n1;`QNG5Cmm1i1M2O1N2N10O1VNXRN[1im1dNZRNY1gm1dN`RNS1gm1jN[RNS1]n1^Oa0Menjb2
20140707023654Uh_10,`T]_13ko13K401K400L310L40OM310K311J320L131K05OM04NNG<01I7O2K5NVmj^2
20140707023654Uh_11,VUQc2`0`o10L7L2L4O1M200OO1O2^Ob0O1M300M3OWkn[1
20140707023654Uh_12,ZWiX38fo12N2N1O11O2JRihf0
20140707023654Uh_13,gX_W31no17K101NO1O1N1000O1O100002N1OSgbg0
20140707023654Uh_14,fYaS16jo10O3N104K102NO20N111M11OO02N001O10O10O1O01O10O11N002N002N003M110N100`QN^Oam1c0[RN@dm1b0WRNAim1c0RRN^Onm1Z1002N0O3L2O3K3O3J4N3N2N3L202L3O3L2N4M2N2L4Njdfh2
20140707023654Uh_15,\^ko16^o1?M1K4O1M120NN31OM40OM301M200N30N011O01OO2O1O1O1O1O1OO2N0O3O1L400N11O01O1000OO110000N200N2O00001M111N010O11OO110N11O01OHiPNHWo16:10N200L4Okcnk1
20140707023654Uh_16,i]ma2<co12L7K3N5J1O010N110M200M22OL5O1N2N2N5M1KCSRNVOfm1i0_RNUO[m1e0T10OL6O0M400L5O1H8N^cR\1
20140707023654Uh_17,Z]eo24lo11M3O1N2O2M3N1O1N2N2O1O1O00001O1O1O1N2M3N1N2N1O11000O10N20:F1O2L203H6NgbRn0
20140707023654Uh_18,P_]`16io12L4N1O100O10O00100N11O10O1O10O1O10O1O10000O00010000O1O1O1O100O0001N200N20O010O010O1O1000O00010000O0001O000000O10000001N2OUbf[2
20140707023654Uh_19,cc_m14jo13N1M3L400N2N2O10N11O01O01O01O01O01O1O000O2OO02OO11OO20O1O1OO110M3O1N100O2O0100O100000000O1O1O1O10000N200N200O00001O10000N200M3Oi]^n1
20140710020754Uh_1,b^lW1i0Vo12N5L003M110N111NO13L1O1O02jNbQNf0mn1O2N1O1O1O2N2N2M2O1N2N2N2NZ`[f2
20140710020754Uh_2,\h\d05jo12M3N2N1O1H8O0N2O2N20O001000001O000000000000001O0010O1O000O01O001O0J7O1L401M20ZXSY3
20140710020754Uh_3,^ih`28ho10N3N1M210N2O1M21OK51O1O000O11N011L211OL40N111N01100O1000000O10000N2O1G900000000002N1O3M1O3M002M10100O01O1O0000000000102NO03N001N10000O1001O00O1O101N1N3N1O3M0O2N2O00000000000O2N101O0000000000O1O10000N200M3O1O1O1O2N2O000O2N2O001O1O000O3E9N2N2O2N2O1O1O2N2MSWWW1
20140710020754Uh_4,[id]39fo13N7J003NO5OM08HO016KN4MO01OOOcU[a0
20140710020754Uh_5,`ZmR1:eo12nNLlQN?Sn1BjQN`0Un1DcQNa0\n1AbQN`0^n1b0O0N110L31OMARRNQOQn1n0RRNmNnm1P1c01NL50H3500M201N20XOXOXRNf0km1\ORRNe0gm1EQRN>Rn1BmQN?Pn1h011M20001001N2N3L20O_OPRNPOSn1o0?C=O00100M301N11ON3O1M3OWiji2
20140710020754Uh_6,TY]U2<do10N4N002N002N04NN12N0002NO02N020OO2N1001O001OO20OO1O1000O002N011OO00002OO11N0110N11N0100O01O0100gQNEll1:SSNGml1;oRNGQm19oRNGQm19mRNHTm18kRNIUm18fRNLZm14eRNM[m15]RN0dm11ZRNOim1R11O3K3O3L4L4K4N7F5O5F6MPeVf1
20140710020754Uh_7,l]mj1<co11L6M1K6N1OJ60O010N200NO30N03ON110ON31NL50OO20001O1O01O01O100OO1100N11O01OO02OO02OO02O0O2O0O20OO11N110O00100O0001000O1O100N20O1O10N2000N11O01OO2O1M111N2O01O10O01O1N110O1OO200N020N100000001O1N010N201CAUQNa0kn1;M1100O2O1L5O2J5O1M3N1N2O1N2O1M3Oiefm1
20140710020754Uh_8,S\ak24jo14J5N1N2O1OO100010000000O100O01O10O01O01O1001AbPN:eo1M1O3KUdhR1
20140710020754Uh_9,b]ee22mo13L2O1N2O1O1O0N201N2N2N11O2O002M1OobVY1
20140710020754Uh_10,f]Yo01ko15G7M2NO5N2L8JlbVP3
20140710020754Uh_11,R_o`23lo12N1O3M10001N2O01O0000O100O1000O1O1000O1O100O1O01000O001000000000O1O10000000O0000O110O0001000N20O01O01O1OO20N2000O000100N200O000001O0L5O1K6NnabZ1
20140710020754Uh_12,m`UV15jo12N2N1N2O1M3O1N2O1N020NN400N200N20000OO1100N11OO11N011L40OM300N12O1O10O00100000000001O1O01O1O0000000000O100000000001O0000000002N003M1O4L1O0100O0O0101N3Km_Pe2
20140710020754Uh_13,\cmg26jo11N2N2O1N2N5L1O2M1O10000O1O010O00100O1O01O01O100000O000100N2O1O1O1O0000100OO200N110N3O0N201O0O000100O00001O1000O1O1O00001OO11OO110N11O000100O1O01OO200OO110N200N11O010O0010N11OO02I4110O11O01O0O110M20001O10O00O2OO02NOO30L202O1000O2OO02OOO3N0N300L5O1M300N4Me_RP1
20140828080414Th_1,h_Rc23lo14L10001N2N100O2L4N2J6N1O2M3N1O1000001O001O1O[OVQN5in1IZQN7en1AeQN`0Yn1]OiQNc0kn11O0O3M102NO13M025I03N0N87CO2N0010N1O3dRNmNek1T1YTNnNdk1W1WTNlNgk1U1YTNkNfk1Y1UTNiNkk1X1TTNhNmk1Y1YSN_N:;]l1V1WSNbN:9cl1`1VSNdNkl1\1TSNdNll1\1RSNfNnl1Z1QSNgNol1Z1oRNgNQm1T200005UMRSNZ2[m1O1O1N2lMfRN_1om1O4L1O02OO20OO01O1OVObQN2_n1LbQN4_n1JbQN5_n1KaQN4cn1I[QN8gn1GXQN9Wo1F;O2N2Nm\cW1
20140828080414Th_2,Z`\c16jo10F:00O1O1000000O2N2N1O101M3O002M1O2O1O2N000000001O00000000OmWNoNYa1Q1e^NSOZa1l0d^N[OXa1d0g^N^OXa1c0mYNnNP3a0Rc1b0kYNQOQ3=Uc1j0]YNROmNHo3>hc1h0ZYN^On2Jhc1o0]XNOa3YOSd1j0ZXNMb3YOUd1e2d[N`M\d1a2b[N`M_d1d2UXN]Lc22bMn0gg1h2fZN]L`Ml0Ph1b2]ZNmMde1R2\ZNnMhe1m1YZNTNge1l1VZNVNle1CYXN8d1<Rf1[O\XN8b1=Rf1POkXNS1lNUN91a0h1_g1mNnXN\1POQNa0g1bg1jNPYNa1fNRNe0d1fg1gNPYNR2XOXOhg1eNRYNU2kNXOYh1aNoXNZ2cNUOah1]NZYNW4if1hKYYNV4kf1gK^YNn3ef1QL]YNl3ff1RLnYNLZMm2ih1XM]ZNf2fe1XM`ZNb2`e1^MaZNa2`i1O1O1O101O1N7lMbRNX1_m1eNdRNZ1Sn1iNeQNe0\n1YOfQNf0^n1VOcQN>0_O_n11cQN>Wo1^OjPN1iXkW2
20140828080414Th_3,iab`03jo15M1N3N2O2N1O5fPNHbn1:ZQNIgn1k0L1O7J011iQNdNem1\1YRNgNim1j1L111NO3M013M0113XRNoMUm1S2hRNoMP1LQk1a2_TN^MA8ok1[2^TN`M@6Tl1`2PTNmMok1T2oSNmMWl1l21O2M1011ON11N011N020N1kSN_Lkk1l3N1O10000O1000O0_MSTNQ1kk1nNXTNQ1gk1mN]TNQO9U1Uk1JbTNPO;V1Sk1FgTNRO;V1lj1FjTNSO;X1jj1CoTNRO<Z1bj1DSUNQO;[1cj1BZVN>ei1@]VN`0bi1@_VNb0^i1^OdVNb0[i1]OgVNe0Vi1ZOjVNh0Ti1XOnVNh0Pi1XOPWNh0Pi1XORWNf0nh1ZORWNf0nh1XOVWNe0lh1ZOTWNf0mh1YOTWNf0lh1ZOUWNf0Si1QOmVNo0Ti1POlVNQ1Si1nNnVNU1oh1jNRWNV1nh1jNRWNY1lh1fNTWN[1lh1bNVWN`1hh1`NXWN`1hh1`NXWNb1fh1^NZWNc1eh1]N[WNf1ah1[N_WNg1`MoMkj1:fWNm1Wh1RNjWN9`Mn0fj1iNjWN8cMo0aj1iNlWN6fMP1LbN^j14PXN7lMIIU1Wj1jNTXN7nMGJX1ll1oNnSNP1Pl1POPTNQ1ok1oNVTNo0gk1PO[TNo0ek1PO`TNn0^k1RObTNn0^k1ROdTNn0Zk1ROfTNn0Zk1ROhTNm0Wk1SOiTNm0Wk1SOjTNm0Uk1SOlTNl0Tk1TOmTNm0Qk1ROQUNm0oj1ROSUNo0kj1QOVUNn0jj1ROXUNl0hj1TOYUNk0hj1RO[UNn0ej1QO[UNP1kl1O1O0000001O10O00O101O00O1000000001O1O01O1O00001O1O00001M3O0N4N002N1OTOeQN6Xn1IjQN6Un1JlQN8Rn1GoQN9Qn1GoQN;om1DSRN;nm1@[RN;em1D\RN=en1OO011OO02N0010001N0100O01O0000100O011N02N013MO0001O1O0002N04N0O10O001N020jPN_Oin1a0TQNCmn1i0N03M2N3L3M3N1N4L2O2N10O0100O002MWTaR3
20140828080414Th_4,UhPZ38in1JSRN8lm1IRRN:lm1GRRN:nm1IjQN=Un1DiQN>Vn1EdQN`0Zn1AdQNa0[n1e0M1000O02N1]OaNcRN`1[m1aNdRN`1Zm1bNcRNa1\m1`NaRNd1Xm1f0M201O010001ROlRNnNRm1Q1PSNnNQm1P1RSNnNol1P1SSNnNnl1R1RSNhNTm1Y1lRNdNVm1\1g00001N2M2N2L4@\QNCen17e0O1O10O1O1O100O1001O1O2OO02OO010O1N2O1O2M1O3M2L4N3M4M1O1O02M1N4J402M1001O1O1O100O100O101O0O2N0000000000O1O1N3M3O0007I1OO2N3I6O2OO020N02OO03N0_OiPN7Zo1DjPN:_o1O1O1N]Xk>
20140828080414Th_5,fh`g17io11N6K102M1O1O12M1O4NN02OO11OO1000O2OO03OOO02N011OO11OO13MO20N120N010O02M003M1OPVoU2
20140828080414Th_6,kj`m21mo14J4O1N11OO1000000N2GGmPN8Ro1;1O1O1O8G4M2M3NhUWQ1
20140828080414Th_7,olXm05jo11N4N1M8J1M2O2M3O010O1O001N2N1L6N001O13lN]QNc0Qo10000O01N2N100N4N002N2N2N002N100O100OBZQNAhn1;_QN@cn1>`QN_Obn1?a0N2O1O1O1N1N3NfRco2
20140828080414Th_8,kmRP23jo1300O100O100O0010O01O1000N11000000O10N2000000O1O100000O1O10000000O100O10000000000000O001N2O0O2O100O1O01O1O1OO20000O00N30N11O1O00010O1O01O100OO110O1O1000N20O1O10N20O1O10000001O001O0N20000000O100O1000000O1O10000000000000000001000O000020N01O10000O01O10O10O1O11OO1O1O020N1O1O11OO011OO1O1O02N01O1O000001O10O1O001O1O0000000001O1O02N0001O0N3K4000O1O1N4M5KcRod1
20140828080414Th_9,ooVR17ho1:G1O>B1O1O000000O1O10001O1O0O1O1000000O1O1000O1O0_OWOmQNh0Sn1ZOjQNh0Vn1YOiQNg0jm1]OmQN31`0Tn1NjQN2Tn1l011OO201M3O4J2O1O10O0001O1O2M3O2L4Mf0YO3N2NVPaj2
20140828080414Th_10,gTQ_36_o10dPN3Xo1<O10000O11O3N1O01OO15]QN]O]m1g0^RN\Obm1h1H221L2TRNmMgm1Z2L04MO033I13M0O9QNSRNZ1mm1eN\RNS1To1TO004L1O2N1O0010O10O000000000000O1O10O10O01000O100000N200N11ON1001100N3Mmhn<
20140828080414Th_11,`Tmj2g0Xo12J7N1O1O0000O2N2O5K1O`0@0000000000000001000O0001O00O2O1O0000000000000002N002N00001000O1N2NgjVR1
20140828080414Th_12,XUYm05jo12N1000000O10100O002N00000000000000000001O1O00000000001000O0000000000000000000001O1O0002N00000000000000010O10O000000000001O1O002N001O11N001O001N1O10000000000000000000000001O1O000000000002N000001000O000002N00001O1O00000000000O1O1000001N2O0O10001O100005J000O1O10001O1O0N202N00001O11N02N001O1Nmibi2
20140828080414Th_13,h]aa2440`o11^PN0_o1<M1O10O010O2O00O1000000O100001O01O010O0O100O1O1O1O1O1O1N200L31OO2000O000100O00010O1O10OO02O1N20OO11O1O1H70010001N1O1O01O0100O000100N2O1O001O2O0000000003M3M2M1O2OO100O1M3O1O1O1O1000O0000000000000001O1M111K311O01O01000N200N201L3O1N10fNnNfSNQ1\l1PObSNR1]l1oN`SNR1bl1oN\SNQ1el1POYSNn0jl1SOTSNn0ll1SOlRNR1Vm1nNiRNR1Xm1RO`RNP1bm1QO\RNo0fm1c03O1N2N100O3M1O1K400L13MM61N0100L4O2O00010O1O100O1O1N2N0020N011I510L040K42O2N1O1N2OOM41MH:00O10001OO11OO110N1O1N111E820K402K400K51OOO20OL50M@kQN\OTn1e0nQNZOPn1h0c01M1100K5N4J5O4A>NUiZQ1
20140828080414Th_14,YZUV17io1101N11N011OO02N00100O010O1O0000000001O1O01O001O0O[eVh2
20140828080414Th_15,jZaj15ko11O000000000001O000000000O2N100OUe\T2
20140828080414Th_16,_^]c15jo11L300N3O1C<00O1000N3O2M2O4E9NYbb[2
20140828080414Th_17,gc]V27io14L6J1N8I0O1O100000001N2N2N2N1O2N2O0000000001O1N1O10002M1O2O1O2N003M1O4L004L001O00001N1O100N2Nn[bf1
20140907195814Mh_1,QiTX33lo12O0O1M210L4O1M20000000000001OO200QLGUXN;jg1FVXN;gg1IUXN<hg1EWXN;hg1ISXN8mg1JQXN6Ph1LkWNKoLFXk1`0hWNJQMDXk1b0cWNKih15UVNBkN9Sk12PVNNdN2]k10mUN0fNO^k10lUN5bNJdk11iUN7aNIhk1NfUNT1\j1lNcUNU1]j1kNbUNT1`j1lN`UNS1aj1mN]UNS1ej1mN[UNR1gj1mNYUNR1ij1mNWUNR1jj1nNgTNGSOZ1Yl1oNcTNIROX1\l1PO_TN]1ck1dNUTNb1lk1^NPTNc1Tl1]NjSNd1Wl1\NgSNb1]l1^NaSNb1al1j0402K4N2M3N2XOfRN_Nem1_1\RN_Nhm1X1d0N3H7M4WOh0NmZoc0
20140907195814Mh_2,`ll\153O_o1;M110N1000N200O20N11OO020O000O11OO011ON20000000000O20N011OO11OO200N11OO20OO110O0001000O1O0100OO200000OO1100000O1O01O1000O1O101O001MnTm^2
20140907195814Mh_3,dRUV35jo11M3O1O001O01O100001O100O1O001O2O021M002NO02N03OOO3M10O1O001O1O001N2YVNDgc1=W\NFhc1<b[N[O]K`0Qi15a[N\O]K`0Si13oVN^OQ40hKa0[i11jVN_OQ42gK?ai11bVNBQ4g0`e1F^VNDQ4g0ie1KTZN5Pf1JoYN6Tf1GjYN6]f1IbYN7af1FfXN]ObMl0li1F`XN@cMj0Pj1D[XNCbMi0Wj1DVXNDaMi0\j1APXNH_Mi0ej1_OkWNI_Mh0ij1]OWWNHlM:Nb0Rk1\OSWNJlM9N?Vk1]OgUNI2d1`j1bN]UNL1c1bj1cNXUNN4[1ij1gNQUN04Z1mj1gNiTN38W1Qk1gNeTN29W1Sk1IlTN7Uk1JiTN6Zk1IdTN7]k1IcTN6ak1JZTNKEjNTl1[1UTNKIiNTl1g2YTNWMjk1f2YTNYMjk1_2\TN_Mgk1]2U1D7O2L3fNQRNa0Wn1nNVRNm0_n1O3M3_ORQNK_iPe0
20140907195814Mh_4,WVed06io12M4N0fPNFmn1Q1E2I7M3M201O0O1OXOQRNAom1>SRNAmm1?WRN]Oim1b0YRN]Ogm1b0\RN^Obm1b0`RN\O`m1d0o0N2N102M1O4J4NSjfY3
20140907195814Mh_5,R\UW14a0;Zn1GdQN;Yn1j0L2O4L1O8H002O002M01aNnQNQ1Pn1lNTRNS1lm1gN`RNV1]m1hNdRNY1Yn1KM13OM11O0100OO20OO20OO2N012N0O20N020N020N03M10000O0010`0@0O2O0O100O02OO10000O002OO1O01O1O002N1Nj`jd2
20140907195814Mh_6,h]ok05_o1?K3QOARRNl0jm1UOTRNP1gm1XORRNi0lm1YOQRNi0om1d0000oNhRNYOYm1f0iRNXOXm1f0R10N200N0200O1O1B>O1K6MkcbR3
20140907195814Mh_7,bbi]2:eo11O1O1O100O1O10000N200O1O101N2N101O1N2N101M200N2O1O1O00010000O1O100000N1O101O10N202N2N0O2N2N1O1O001O00100000000O2N2N1O1N200N2000O1O00010O01O01O100N200N2O1O1O0010O1000000000000000O1O100000000N11O1000000O100O11O1O0O1O1O1M3O1N011N02O1O0000100N200N200000O100O10O100O100O0O2O0010000O1001O001N1O10O10O0001O1O00010000001O1O00001O001O01O0O1O011O0000001O0000000002N000000000000000000001O1O1O1O000O1O10000000N200O1O1O1O1N2O1M3O1ETO_QNn0`n1VO]QNj0cn1:O01O10N200000O000100000O100O101A^QNXOhn1g0:N2O1O00000000000O1O1000O1O10000O1O100O001O1O2O0O1O1N200N1100O100O100O10O100O01O00001O1OO20000O0O101N011M120OO110N11OO20OO110K5O1O1O100N2M3O1N20N0200N11O010O001000000000000O100O1O1N2O10O10O010O1000000O10O010O1000N2O1N2O10O1OOK7O1N20ON3O2FaPNN`a^l0
20140925195834Ch_1,`iTR1:eo1111N011OO001001N1O6J2N2N001O10O1OO100O01O1N200M3O10000000001O1O000000000000000000000001O001O000002N013MO02N0002N01O1O02N011OO000001O1O00002N004M003L1O2N011O0O2N1O3L2N6I3O6I3M4M10O10O0O00O2N2J600N200G9N2E;0000002N00001O1N1O10002N001O1O001O1O000000000001000O002OO10O16oN[QN9fn1E[QN;Yo1L011OO0100O01O002N002N020N020N11OO1O1O02N00O1O2O1O002M1O3N0N3N1O3N10O101O0O3ON03OOO11OO11O000O102M002N1O2N1N4L2O2N1O3M1O3M1O3NO02N1N3N1O000000O2I6O1000O3M1O2O1O2N00001O1O0O3M102M1O3N01O107IO04NN07I103MO04M006I013MO04L013M1VOUQN;Yo1O002N01000O11O00000O01O1O010O1O0000001000O001O10O1O000002N00000000001O1O0001O01O1N1000O1O1000000000N20000O1O100N101O01O1O10000O1O100O1O1@QQNNQo10iRoY2
20140925195834Ch_2,clj_23lo13M1O2O1O00O0001N200K5O1N20O00010O1O10O1O100N2000JiPNAYo1>5000N11000O00M4O10O1O1N2N2O100001O00O0]OBeQN>Wn1L`QN8_n1e0L4O100001O001O0O2N2O00001M3O2M2O5J1000001O1O0O100O11O001O000000001O000100O00000000000000000000002N0000001O1O00000000100O0O1O00UQN^OYn1d0eQN^OZn1c0eQN^OZn1b0fQN_OYn1c0dQN_O[n1a0dQN@^n1>bQNB^n1>bQNB`n1<`QND`n1=_QNCbn1=]QNCdn1>ZQNCen1m0O000O10000001O02OO1O001000O00000002N011OO00001O3M002N102NO02N011OO02N000000G9O100O1O10O1O2K5O17IO011OO001O2N2N2M2N5K3M3N002N002N010O1O01O000002N001O1O01O1O00011OO02N01000O2OO11N02OO1O2N011OO02N000011OO100O01N1O2L4N10001O10O1O01O10O1O000001O1O000000O2H8O0O10002OO1O101O1N002N2O002M001O0010O001O0000002OO1O3N00O01O01O1N2O2N1O2N012M101N101OO5L0O=C[Qem0
20140925195834Ch_3,\mVS22lo13N1O1O00100N110N110N200N020N011OO11OO11O0000O11M120OO11NJbPNN^o1NfPNNL0^o11gPNOKO_o12<O2OcScj1
20140925195834Ch_4,\nP\24lo10N20000O1O1O1O1O1O1000N11O10OO11OO101N01O011OO11OO020N020N11OO11OO20OO110N011A>O1O100001O001O1\OQQNOWo10lPNKXo11>N^Sg`1
20140925195834Ch_5,QQQb06io13M6K1O5RO_OSRNc0cm1V1J2UOVN[SNQ2_l1QN`SNR2Xl1P1M1F<M1M6L2L5M2NcMdTN9Zk1GgTN:Wk1BQUN<nj1^OYUNa0gj1nNjUNR1Vj1mNkUNT1Tj1SNfVNm1Yi1RNiVNm1ek100002N00001000O01O11N0010000O1O6I2N6VOf0N9H1O4L004L00XnfZ3
20140925195834Ch_6,YS]k14jo13L?dPN_Oan1b0\QNA^n1S1O01O1N2N2N2O2N2F:N5A=MjlbS2
20140925195834Ch_7,^Y]P21mo14L8J2L9H2K6M2L3O10^O\QNHcn18`QNG^n19gQNCYn1;iQNEVn1;kQNETn1;mQNESn19PRNFom1:SRNDmm1;WRNBim1>l00O2M201N020O0001000O100O100000000O1O1000000O101N6K1M3OO100O100O1M2000100N200O2N2O00001O3M001O001O0001N0001OO101O01000O1OIjPNFVo19mPNDTo1;90N11OO200N200O1O10N20O1O1000O1O01O100N20000000000O3M2O2N1O0000FQQNBPo1>QQNAon1=;000000O1O1000O01O10O1000000000O1O100O000100000N20000000O0001000000N20N200000O1O1000O1O1000000000000000N20O10000001O0001O00000000O10O1O1000O100O01O100000000O2O1O0O1000000O2O10O002OO11N1O10000O001O1O00001O001O01000O00002N0O_hZa1
20140925195834Ch_8,lWml08ho11O3NO1O1O2N1OngbR3
20140925195834Ch_9,QXom01no19H1O2N11N0020N022L118F112L005L018GO13M008H1O8H0O`0@2O1OO11OO20N022L1O8H10>fWNRMeb1n2Z]NSMeb1S3Q]NRMnb1T3l\NlLUc1[3_\NiLbc1W3]\NiLcc1`3R\N`LQd1_3o[NaLTd1b3f[N\L\d1e3b[N\Lad1d3[[N[Lhd1e3V[N\Lld13TXNi2g2TMXe13RXNi2e2SM\e11VXNk2U2WMhe1LTXNm2S2VMke1MTXNl2GiLf1`0bf1JRXNm2DkLg1>ef1HRXN^3h0VMXg1\OPXN^3h0VMYg1[ORXNa3<VMeg1YOoWNa39WMig1XOVXN:_OQ26_NYh1VORXN8AT20`N^h1SObYNf3bf1YL`YNf3bf1WLlYNX3Yf1gLhYNV3mi1C4M5F6O4I5N4J4N2N2M2N200N201N1O2O0000012`NhQNS1dn1N7H2O5J2N3L2OSaVl2
20140925195834Ch_10,bZWW22no1000N3M3]PNKTo1d0O100O1O2N100OO1M201N200N200N20N11OO2O1L4O1N2O1M3O1O1O1O000OM40O010N210N11OO2O00\O\QNLdn14_QNJ`n15g0OO020N020N020N020N020N11OO11O1O000O20O01O010O1O100N20N11O100000000000000O1O10000O1NdgTc1
20140925195834Ch_11,UZgi12mo11O2N1O1O1O1O00001O1OO11OO11OO11OO20N0200O00010O1O01OO20N110N110N020N02O1N2OkfjS2
20140925195834Ch_12,XZg`13lo12N01O01N010O1000001OO11O01O01O10O10N110N10001O1OO11O01OO011OO200N2O1M3Ogfn\2
20140925195834Ch_13,jYY[3;do12N3N1O2O00O001O1O0001000O02N01O1O0001O1O000O1O10000000000O1O101O1O0000000001O000010000O001O1O2O1O2M1O3M1O1O1O000000001O1O01000O00001O1O0O[eZ`0
20140925195834Ch_14,U_Uo24ko11M4M2M3O0O10100000000001O1O00000000000O1O1O000001N101N011O1N2N2O1M21O0N3O2M11NN3O[OHbQN:_n1H_QN9an1a0200O1O2O1N3M2OA_O^QN`0bn1B]QN?bn1>1O2O1O1O1O0000O2O000000001OO11OO20N02OO02OM202L2100O2O0O20OM30N030N02O0N3O0N30OO11L211K302L22OO1000O10N12O0G9@oPNJZo12<NVeji0
20140925195834Ch_15,l\Sg03io16N0N1000O2N101O010O01O10O0001O0N120O1O10O01O01OO11O000010O00001OO11OO100N30OO102M2OXdVV3
20140925195834Ch_16,Q`Yi14ko12K4O2M3N1N4N0O3N1M2O10O01O100O1O10O000_OQQNKWo15jPNIVo16;0O01OO20O0001O00001O1N11OO200N11O1N200L310N200O1O2M3OSabS2
20140925195834Ch_17,ia_P21lo1:I1^OKVQN8fn1JYQN8dn1d0N1N6H5M6L1O2N102M003L2OPO^RNE^m1;cRNF[m15PSNGol18USNFhl15kSN_OTl1a0oSN]OPl1b0g101J502L3O0O20OO10O101N1001O00N21OO11O1000000000000N20O0010O1000O1O101M3O0K5O1M30000001O001M201O001O1O00O1O01001N1O100O1O100O0001O1O100N200N11ON3O1M3O1O000100OO110N11O000001O1O1O1O1O3Lj`Xh1
20141009195814Mh_1,kbdf21no13M6aPNGln1;RQNHln1<lPNHTo1c0O1O0000001N2N1000O000E<00O1O10002OO04L0O01O1001O1O2O000OO3N0001O001O3L2N2O1Nl\cV1
20141009195814Mh_2,Xc`i22mo12O1O1O001N1O1M4N2N0100O2O0N3O00000O1O10001O001O000001O1O001O1O1O001O00000O1O10001O2N2N1O1O1OO1O2O1O00001O1O0001O0010O1O002L200M3O3L20d\WR1
20141009195814Mh_3,RfTY13lo12N3N1O3N1N3N0O2OO2O001O0001N020N000011OO020N020N00001O1O00001O1O0001O10O00O2O1N1O100000000001N2O1O1O002N000iPNAmn1`0QQNBnn1>QQNDnn1<SQNCnn1;SQNEmn1;TQNDln1<TQNDln1<TQNDmn1;RQNFon19PQNHRo16nPNLPo1c002N1N5K1O5L002hQNhNbm1Y1\RNhNem1MURNe1jm1YNXRNg1Qn10O122LO;IM1000N01O1O00O1O100N2000002N0O4L2O7H2N5ROPQNd0Wo1O1O01O1O01O10O1O1O3M002N000011OO11O002NO12N0O3OO033JO5OL05OM030L14MOO2N102NO02OO0100O02OO20OO2N01000O02OO2N101OO020N011OO01O10O10O1O1O2N103MO0000000000002N00001O10O0001O10O02N001O1O02N02N00000020N000002N01O1O02N0002N000001000O001O1O1000O00001000O0001O1O01O10O1O000000001O1O0000000001O001O00000001O1O0O3MkSQW2
20141009195814Mh_4,\jXh27ho11G801FNQQNDQo1=mNDPSN>Rm1ClRN>Tm1CgRN?[m1CTRNJ0d0lm1HlQNH4a0Qn1IhQNG7?Rn13lQNNTn13jQNMWn1l02O8G3O2K4N2M2O2M3N101O2L3O1K5LUWkU1
20141009195814Mh_5,ij`W27io1004MO02N11OO02N002OO0100O000O1O100N200O1OoTSg1
20141009195814Mh_6,bkhY24lo12N3M1O2N1O1O02N1O1O01000O01O10O0101N1O3N001N020N04NN04M002M0011N01O001O10O1O0000000000000000000000000000000000000000000O1O10000001O001O00000O1O10O1O100000O1O100000O1O1000000N200OO11N200OO110N200O1O1O1O100O1O101MoSa_1
20141009195814Mh_7,_mRV33lo17J1O2N101OO21N03NO0000O6HRRQi0
20141009195814Mh_8,ZRiY24lo10M3O1N2QOIURN7hm12PRNOQn12nQNMSn1<dQND\n1<dQND\n1>`QND`n1>]QNCen1k0002N002N2nNTQNl0Ro1M2N2O0O1N2O01000N3O00002N1N2N100O1O2OO10O10O001000O10O010O100000O2N^nnb1
20141009195814Mh_9,hS]W1a0^o12Fd0D2K5N1N100N12OODlQNmNWn1S19D>0NN4OOL6O0O101N2OO0200N11OO200N2O1M4M]mbf2
20141009195814Mh_10,`WYR36io12L3O1O1O001O00O1001O00N21OO11OO11N011N11OO200L220M200N020N111N011NO20OO3O1N2O1N2OO0200N11OO11OO2OO1000O2OO11OO020N1000O11OO11OO20N020N020O00010O00001OO1000100N201O000000O10000000O1O10001MUkhg0
20141009195814Mh_11,fW]Z1:eo1101O1O010O1O1000O11OO3OOO1000O0000000O1O10O1O10001000O01000O01O10O1O01O1O0000000000000000000000000000O1001O00000000000000O10O00100000N02000O00010N1100O10N2000N20000000000000000000O100001O0001O000000000010O1O000000000000O1O10000000N11O100OO20O01O1000000O3M2O3LSh\]2
20141009195814Mh_12,h]a\14jo15D?I2O00000001M3O0N11OO11M111K302K5O0M301M3O1M21OM4O0N03OOC?DTQNCmn19?OO11O1O01M120N020N02N0020NN40N020N020N020N020N11O10O000100O1O10O1O100N020N200N020N100N30OO02OO020N011M03OO011M03OO020NO11O02O0N210M200O20N020N0200N20N20O1O1000000O100O10O100000000000000000000001O00001O1O0O10TflZ2
20141009195814Mh_13,R^ei21mo13M3N1O10OO11OO11OO020M7K2O3SQN_OTn1c0jQN@Sn1c0hQNAWn1`0hQN_OYn1b0dQN_O\n1b0cQN_O\n1b0cQN^O^n1b0aQN^O`n1b0_QN_Oan1a0^QN@`n1P11O1O1O11[QNfNbn1^1N2N1O00O2N2O0N20OO1000000O2O010O2N2O2L3O0O1O0O3O0M3O0O20N020N011M111OM400N200N200N3M3N1O2K5MlbbQ1
20141009195814Mh_14,S_gR23jo19I3N2OO000020N15OLO13M1O5J1O=C111M04NN135H0:GN12OOO<D011OO02N002N011O0O3ON02N002OO10O1O000000000000O1O2O1O000O1O100000000000000000000O101O0000001O0000000001N1O1000O1O1000000000000000001O000O001000O1O10O000100O1OO2000N20O1O01O10N20OO110B_O[QNc0dn1@YQN`0gn1<01O0000100N011OO11O000001O01O1OO201QOYQNa0kn1[OWQNe0So1M20OO1100O1O10OO20O10O1O100N11ON111N020NO3O100O1O001O10OO200N3O0N20OO20OO20N01100O11N1O10O1OO20NN40N020OO2O0O2O1N2OQaj`1
20141104195854Bh_1,Tghn07ho12M4M1N200O2O1O001ODhPN6Ro1HQQN7Po1EVQN9Yo1O00000000O1O100O1O10000O10000001O000002N002N01O1O01O001O002N002N002N002N000001O1O000O2M3N1O101N2O00000O111N001O1O01O1O0002N0002N01O1O000002N02N0002N0001O1O01O1O00001O1O00001000O02N002N01O1O000000002M1O1N201M3O0O100001O001O1O002N0000002N000002N001O001O001N1010N2O1N2O10O20OO00001O0100O011N01O0101O001OO1O1O2M3MUWgf2
20141104195854Bh_2,^hTg16jo1002N002N1O1O01000O00011OO0001O1O1O7I002N111N031LO9LL010O020NO6MN034H157D04MO030M03M0O7AbPNO^o1OePNOio1LnTmU2
20141104195854Bh_3,Vi\Y1:eo11O101000O02OO20OO11OO11OO02OO11N020N020N1O4L112L004L011O1N1O1O2N1O4M08IO05MNO41K11<B122LO4L1O7G3N:B6MgT[c2
20141104195854Bh_4,[jXc24ko12I6O3M3N003M1O6J08JN110O0O4L0O4M103NN7OK004K004L2O2M10oNfQN`0Vn1^OkQNb0Vn1[OPRNe0km1ZOVRNg0jm1XO]RNd0am1[O`RNd0bn1NRQNFRn1<jQNG[n1o0M06J004K1\OVQN1mn1KXQNLnn14SQNJPo13?0ZSkY1
20141104195854Bh_5,dkRo12no12N002N001O001O1000O010O10O000000N2N2O00ZTco1
20141104195854Bh_6,Ul\Y33lo12O2N101OO02N03OOO02N020N111M111M03N0O3N0O2OO10O1O01O001O000000000000O1O10N20OO02OO11O[Skc0
20141104195854Bh_7,kViY37:Non13PQNOdn1l0O1N2O0N110NO22NO3ON200[OlN[RNS1jm1POSRNP1km1a021M120N0100K6O0L401M200M4OO101O1O1`MfNeUN1fNZ1fk1gNcUNOgNZ1dk1lN`UNOeNX1lk1jNUTNHn07oNW1ok1kNPTNNl0f1Uk1^NnSNMl0d1Vk1SOcTNa0kk1AQTN`0Pl1EgSN?Xl1CfSN<kk1bNSTNa2_l1`M_SNa2Wl1f020NO4OO0100M4O0M301UOcSNgMil1S1mRNMbm11SSNSOWm1k0lRNTOSm1j0S1OON31M111LGZQN\Oin1d0ZQNYOcn1g0=ONN4ON13O0M310L4O1M4NVPWa0
20141104195854Bh_8,oSUm0;do13M3M2TNNYSNB[OOKg0]m1KZSNA[Oi0Zm1OkRNe0Qm1]OlRNd0Tm1V1N104L1O0O10O1O2N005K1O2N107aMSSN\1im104MO02OO0;GOUOUQN=Zo1N000O1O110N5K011OO020N020N020N0001000O02N004MO11N001O10O1O02N2NRjnn2
20141104195854Bh_9,a]Qo11no12O00O10O1O1O0010OO2O1N101O0010O000000010OO110N100N300L300J6O1I71O0O3[OnPN:^m1GVTN6kk1LTTN4kk13YSNBG;Rm13VSNEE9Um1l12O1N2O1L4N2M3OO_Oc0NNAiQNXO\n1h0:L80L030NM500M31OO200N11OO20OO101M30N020N11OO20OO02OO11OO20O1O10O1O01O100000O01O0100N11OO1000000001OO11O100O00100N20OO200N20N2000O100O100O100O10\gVi1
20141104195854Bh_10,Q]WY12Vo12[QN2cn10ZQN2fn1NSQN9mn1HQQN9nn1;110O1O10O0001O1L4O0L401N2O1O100N20N1100O01O010N11000O1OO11M300L31OO200N11ON2O1M0401L4N7H3Obdbc2
20141104195854Bh_11,\aSU22lo13N2N1000O100000O1O1L40OM4O1M3O1K311M300O1000O1O2L3O2O1O00000N20000O1O10N11OO2N2O1O1G711N002N011M12N011O1N20OO11I51100000N200O100O1O1N2O1O1O1O1O10O1G711H6101L4OO011M210L]OkQNAWn1?a0030N12OO01000000010N4N0N3O1M200N20DPQNHnn13]QNHcn18_QNF`n18e01M0201K400001J501N100M3N2LI;0O11OO101M0200N20001O2O0O200N100O1O1O1O1O1Ohcla1
20141104195854Bh_12,Vaee26jo11M3O0O100O10OmNK[RN6fm1KYRN5gm1LXRN4gm1NWRN3im1NURN2km1OURN1km1OTRN2lm1ORRN2nm1OQRN1om1OPRN1Qn11lQN0Tn10lQN0Rn14jQNNVn12jQNNUn1n00010O1O100N201D<N4L4L10000001O1M200O1O1O1O1O1O1N200O1O1000VOXN[SNi1el1XNZSNg1gl1ZNWSNe1kl1[NUSNd1ll1^NRSN`1Pm1`NPSN`1Qm1_NoRN_1Sm1aNmRN^1Um1aNkRN]1Wm1dNhRN[1Ym1fNfRNX1\m1iNbRNX1^m1kN^RNV1bm1kN\RNU1em1c00O1DXRN`Nhm1X1XRNbN34fm1Y1bRNdN`m1Z1d0L4O2O001N2N3N4L3L1O3L2O1M3N2N202J4OQafT1
20141120195834Ch_1,Rdd]27ho12O1O10O00000000000000O101N2O0000000001O10O1O0010001N011OO11OO20N110N110N111M021N021L13NN12M1O11OO11OO11O01OO13OM113K202L11OO02N002N1O2N10000O000020N02OO03N001OO110N110N020N011OO02N020N02OO02O0O20OO11OO01O11N01O1O011OO000000001O1O00001O10O1O0000000002N0000002N01O1O01O10O1O0000001O001O000000001O1O0O3N0001O0000100O0000001O1O00000000000O1000000001O00001N1O0100O1000000O1O1000000O1O1O3M1O1O101N2N10dXmU1
20141120195834Ch_2,XeZV14do1S1TO2J7L3N2O00O1O2O000O1O1O1O2G801K4I8M2O2O0000000001O0100O002N00001O1O011OO1O2O001N1O2N110N1O2N105K0O3M02N000N3N2K4O2K5O0O1O1000000000000001O1O0000002N001O001O0000000000O1O100002N002N011OO0001O1O01O001O000001O1O002N00001O1O001O1O00002N002N001N1N1010C^QN[Ocn1d0_QNZObn1e0>N2O001O1O01O1O000000000001O001O0001O1O000N200N2O1N4N00001000O2N3M5K2N2N100O10O00020N00001O1O002M1O3N00000000020N02N000001O1O000001O0011OO11N020N021M1O2N005L003L002N2O1OO01000UOhQNKYn14iQNKWn14l0O1O000000001000O001O11N01O1O020N00001000O00001O1O001O11N002N101O0O0000000000O100O3N01O1O02N001O1O02N01O0011N0000002OO1O0001O1O0000000000001O000011N001O1O0000O1O100000001O1O00001O10000O100O100O02N000N3N2N101N2O01O02N1OSXWU2
20141120195834Ch_3,bePb07ho12N4M1O0010000O1O1O1O000001O1N1O101000O10001N020N002OO11O020M113LO17iPN\Ocn1R1O5K010O03M1N8JN114K00=C007XRN]Ncl1d1ZSN`Nhl1f2E0=ENO4\MQSNQ2_m10<D0Ol0TO1O9F3MSVSZ3
20141120195834Ch_4,ThT[34ko12N2O003kPNG]n1:aQNG_n1a0XQNBen1?ZQNBen1o0M1M4N2^OhNVRN\1jm1fNSRN[1mm1;01O01000O104K3N5L00O00000N3E;N1@a0N3L3O1M3O0O101O1O000O101O1O0O10000O100001O1O0000001000O001O1O0O102M101O1N200O1O1O11N01O002N010O010O0O3N1N4MdWa?
20141120195834Ch_5,Vj\P24ko13M101N2N1O1O0O101M3O1O10O100000100O0011OO02N002OO1O01O1O00001O1O01O0O2N100O1O100O1O2O1M20000O1O100000000000000O10000O3N002MkUek1
20141120195834Ch_6,ji``21oo11O00001O1O1N2O2N011N002N000011OO002N0O3N1O3NO02N020N03OOO20N11O1O1O002NO111M020N03OOO20N020N020OO13L202L20n0ROO1l0RO13L1N7J102MQSNVNik1j1VTNWNkk1j1RTNZNlk1e1STN\Nnk1e1mSN^NSl1M]SNR1?QO]m1<^RNFdm18\RNGim18RRNGRn19mQNGWn1m03N9G2O6A:N4K3O6FhQ]Z1
20141120195834Ch_7,lndQ2=co11N2N2M200N2O1L210J4201M300N11OO2000O1O10O100O10000010000O1O1000O02N001N2NcQok1
20141120195834Ch_8,]obd25jo15L0O4N001O02OO02M101O1NVPcZ1
20141120195834Ch_9,eUSh13lo15L006J2N01O1N100O100N200O1O0100001O000002N00000000001O02OO0000020N01O10O1O11OO002OO1O01O1O1O10000O000011OO104LO15K1N4MO17I01O0O2N1O3M1O5I20Vi^S2
20141120195834Ch_10,fWa]22mo11O101O00O10000000O10000001N100O10\hZa1
20141120195834Ch_11,nXUY26jo1002N002N02N0002OO10O001O02N01O1O0001O1O01O1O00000001000O000001O10O1O00000001000O00001O1O01O1O000001O001O01O001O0001O001O02N0000000001O1O0000001O1O0000000000000000000000000000000000O1O10000000000000N2000000O0001000001O001O00000000000000000O1000000O1000O1001O000000000000000000000000000000000000O100O1000O100O10O100001O01O001O000O100O101OO1O1O2HjfP\1
20141120195834Ch_12,h\U^25ko11M2O1N2O1N020N11OM31OO011ON200O11OO20N02OO1100N11OO20N11O01O01O01O01OO10001O00001OO11OO11OO11OO11OO20N020N020O0000000O200N011N100O2O1OO200000OO201N1O2O1N1O2O1M200O2NZeb\1
20141120195834Ch_13,^a_R13ko13N1O1O1O1N2O1O0O101M300N11O1000000O1O1000O1OO20OO20OO11OO20N02000O00010N200N020N20ON201L21OO120M110OO30I51O0002N011M120N010N110G90001O1000O3N1N<E1O11M1O1O2N2O0N200N2N3K5N1M30002M1O100J6O1O1000DQRNdNRn1[19^Ob01L211N2O01M3N0L51ON3O1M3O1M3O2M3N3N0I[PN3io101N2Nmale2
20141120195834Ch_14,bdoo14lo11O1O1O1N101N2O001000O01O1O01O000000O100O1O1O100O1001O1O1O1O001O0100O0O102N0O3N1O1N1O10O1O100O1O1O1O1N2O1O100000000O1O100000000OO20ON3O1N011OO200N2O00010N200O00DKnPN6Qo1LlPN5Ro1=10N11OOO3OO11O100000000O10100O3M5K2N01000O00011OO1000O11OO1O1O002N2M3Lj[bh1
20141120195834Ch_15,XeY[22no11N2N101O1O00001O00100O1O01O0001O1O001O1O001O1O00002M1O3N1O1N1O2O1O1N2M4M1M5M2M5M004L1O10O2N1O1O10O10O02M10WOkQNHTn16oQNJPn12URNMjm13XRNMfm12]RNNbm12^RNOam11`RNO_m11bRNN^m12bRNN^m13aRNN_m12`RNNam11`RNNfm1LZRN4gm1KZRN3im1KWRN5jm1IWRN7in1O1O10O101O0O2O000O1O2O001OO101N3J5N3L3NdYR_1
20141220201934Ch_1,h_`d17io12N4L1N1O1N200N20000000000000O1O1O1O10O100001O001O3M002OO01O1O01O00O1001O01O01N2O01O011O0O2N100O002Mm_YX2
20141220201934Ch_2,T``h1:fo11N2O0O1O2N2N2N3N1O`0@024J011O0O1O11N000EbQNoNcn1Q18L201M3O1K5O0N3O1N1010O01O00O10002OO03M1O2OO10O11N00000008H104LO02N0001O010O01O000003M1O2N1N3M2O2O0O100O3O0N2N2N2O0O3NO010O1O2N010O01N2O001O0010O001O01O2N1NS^WQ2
20141220201934Ch_3,cfT\16jo1120M100000O1O00001O10O1O002N002N002N102VRNClk1=QTNFok1<RSN6YOOYm1K\SNP1cl1ROTSNW1jl1iNSSNZ1ll1o0OO2lNUSNoNll1n0WSNQOml19g1N6E8M_Xga2
20141220201934Ch_4,bnTY3b0]o12RO@oQNl0om1WOmQNk0Rn1b0000N2O2D<N1O100O1O1000NO3OM300O200001N2N2O6C703M103L101O0O01O02KQRad0
20141220201934Ch_5,VojS12no12M100O1000001N1O1O1O010N20O1O100O1O1000000000O1O1O1N2O1OO110N20OO110O1O100000000O1O10000000N20O1O01O1O00001OO20N2O1OO110N201L3OiQSh2
20141220201934Ch_6,`PSd22lo18I1O5L104L02<B013K026H106JO:MJ0=FMO6LO05J2N:D5KdmZZ1
20141220201934Ch_7,gQam05jo11N3O0O010O1O00010N20O00010O000100O0001O1O10O1O01O10O1O10000000000000001O1O001O1O011OO010O10O11OO110O02ON020N04NN022L021M112MO13M013LO14L0O4K2K5N2O1002N0O6J1O9G1O4MO03N0011M120NO40L031MO22L020N020N12N0011M031MO22M026G033K03NN13K1O5J206F5NZknj2
20141220201934Ch_8,bR[k04jo15L3M01O01O010O1O010N1010N2OjmfS3
20141220201934Ch_9,nRQh02no11M3O0000000000000000001O1O000000000000000000000000000001N2N1OSmnU3
20141220201934Ch_10,XTSk14bo1b0G2H8N1N4M10<D2N4L0c0AMO4MO03L2ObkjS2
20141220201934Ch_11,hTi]24ko12N2O00001O1O001O001O02OO11N002N01O1O01O0100O0000011OO0000000011OO000000000000000000000000000O0010O100000O1O100O1O01O10O1O10O1O10OO100O1001N2N\kf]1
20141220201934Ch_12,RVaQ14ko12M2O010O1O01O100000000000000001O10O000000O01O1000O100O10O000100O1M120L31OM4O0O11O1M4Mhjfk2
20141220201934Ch_13,kUi\33lo12CLhPN8To1<0N2O4L2N7I3M[jbb0
20141220201934Ch_14,dVQZ22mo12M4M2O3M102N012MO31NN31MO20N111M04NN02O001N1O11OO1O1O1O0010O02OO01O1O00003M1NWh^c1
20141220201934Ch_15,bWiY35ko1116VPNE_o1`01OON4L2NUhfe0
20141220201934Ch_16,ZXi[3;eo10N200N02OO11O1N100O2O01O01O10000O1O01O100N11O01000N3OTh^b0
20141220201934Ch_17,cXeQ32lo13N1O100O10O100O10000O1000000OcgZm0
20141220201934Ch_18,][UP13lo12M2O2M2O2O3L101O10O0001O00N2O0O11N020OO201M11O01OHIgPN9Xo18L300N300N11OO200M111L210N030NO20O011OO102L301K5O1L3O1M3OO0200N11O01OO200N02OO11OO11OO11OO010N200N120N0100N3O1M3O3IUg`j2
20141220201934Ch_19,UZmP37ho1202NO2O002M10000O1O1O_eZn0
20141220201934Ch_20,T\_e13ko14N1M5L2M3O1N3N011N1O1O1O1N1M4N1O1O1000010O01O0O2N1000O000010N2000000N2000000O100O101O1N2N2O0O1O1000001O1O2M7H3NlcnV2
20141220201934Ch_21,iaUg25jo12N2N2O1O11>@101N100O0100O0O2O1O1O1O0000000000OO3O0N201N2O1O101OO121MO4MO03M1N_]ZV1
20141220201934Ch_22,lc[k23ko14N1N3M110O01O0O10000000000000000O1O1000001O1N3MS\RS1
20141222201814Mh_1,W_dY2=^o1EcPN>Zo17N1N2O1O01O0O1O1O1O100O1O101O1O01O01O010N100O100001O1O0001O1O1O1O1O1O002N1O3M1O3L]`ec1
20141222201814Mh_2,d`l^24ko12N101O001O6J1O4J2N4M1L4O1N200O100001O02OO11N002M1O10001O00O1000000L5O0N3O00001N2O0000O1O101O00000100O01O02N01O0000O100N2N2L5O1O0102N2N2N0O1O01000O001000O00001O10O1O0000000000000N3O1O2N011OO02N0000000000O1O10000O1O1O1O1L31OO2OOO300N2O1N2O100O2N2O1O1O001O1O002M1OU_kX1
20141222201814Mh_3,nbdT25jo12L7J2O3M2O1O0000O2J5O2L3O1O1O1O100001OO101O000O2O0O2OU]ci1
20141222201814Mh_4,ogji26go16L1O2O1O1O116I101N010N03OOO11OO2OO14K1O3M101OO001O1O1O10O1O2N2N4L1OoVoS1
20141222201814Mh_5,TjXP14jo13M3N1N2O1N2O1O000O2O1N011M12O00010000O100O1001O001N1O3C;OcVkm2
20141222201814Mh_6,RlTR35jo12N2O0O0010N20N11ON3O0N201L40OO1O2M3O1N020O0001O1O1N11OO200L31OO2OO11OO02OO100N111M111M21OO1000O11OM40NN400J7MkU[j0
20141222201814Mh_7,Wl`m0d0\o1103L024K014K010OO4L1O0N20000O1O101N2N1O1O1N200N200N20000000000N200O1O1O1OYSSP3
20141222201814Mh_8,Zmd]29fo12H7O1H8O0M3000O10O011LO40OL6O3L2O2N1O3K3O3HhSm`1
20141222201814Mh_9,mn\n12mo1100O2N1000000O100O10000O1O1000000000000001O1O000000O1O01O1O1O2M[Qao1
20141222201814Mh_10,_o``14ko12O4L002N002N104L013K02<B12OO02M1O4L2NnoV^2
20141222201814Mh_11,iPiY3>ao13N<D1O;E3N:F0O5K102N0O00fNSRNa0om1TORSN3Pm1JSSN4okXe0
20141222201814Mh_12,kPag19fo12O2N100O100O11N102ON11N011OO020N020N011OO01000O0001O10O1O02N1O1O020N1O1O111M03OOO20N13OM022NN21M13NN020N020N02N01000O00011OO020N011OO001O10O001O111M013MO22L131K03OO01O1N2N011OO02O0001N11O0O3M004K1OUlVR2
20141222201814Mh_13,ZTod21ko16M200001M2O3L12M7I2O00O2M3MekRZ1
20141222201814Mh_14,iUWV33lo14L2O000000000O10000000000O0010OO200L31OH90O2N101M3O0L5N1L5Ngjjg0
20141222201814Mh_15,ZXUV38go12L3O01N2Nmg^i0
20141222201814Mh_16,\\k\22ho18M1O2N1O2O00000001O00O1000002M2N3N1O0O2L4N2N2N2N4M1O1O0AlNPRNV1Pn1lNmQNU1Rn1;3N2C<O3M1O01O0O101O10O100O10002E9O6F6Ncdn_1
20150105104334Ch_1,T_\R23lo12N1O1O1000O10N2O1O100O2N11N100O101O00O1O10000000001O1O0000001O1O0000002N002N1O1O011N01O1001N110N002N02N0000002N1O1O011OO01O1O02N02OO001O02OO11N0103M01OO0100O00002M104MO020OO20OOSQNGSn19jQNNRn12nQNOSn11jQN3Sn1MmQN3Tn1NkQN3Tn1LkQN5Vn1LgQN5Zn1JeQN7]n1I\QN<dn1EZQN<gn1=2N100O1O2OO10000001O1O0O1O2O1O2N1O3K200N2O1O10N20001O001O0001O2N2O1O001OO12N00000O01001N1O11OO100001O010O01O0010N11OO02N003M1NS^[c1
20150105104334Ch_2,Tbhh01no13L3N2O1N2N3N1M200000000000O1O10000001O00001O01O10:MI0O0102NO113M0N4MO2N103L002M102OO010O01O0000001O1No\oS3
20150105104334Ch_3,hdXj0f0Zo11O5L1O10O7JO0lPN[OPo1W1A212L0`QNfNXn1e1L111NO13L002OO02N01jN^RNN`m11bRNN^m10eRNM]m12eRNM[m11iRNMWm12lRNLVm11mRNMSm12nRNNTm1NPSN0Pm1OQSN1ol1KWSN3il1LXSN4il1JZSN4Yn10dX_S3
20150105104334Ch_4,hiVa02mo17I2O3M1O1O01O1O3OOO2N0000011OO00001000O00000001O1O001O02OO000000000N20000000O1O10O1O1O1N2O100O1001O4L2N1O1O0000O10000001O00000O01001N1000004JjUYZ3
20150105104334Ch_5,alTR16io12N2N2M11OO011M03OL220M31OF911L031MO40NO20NO4OMO30LN8OO010M300M211I520N100000ISQN\Omn15g0O1O1O1N3NTVoj2
20150105104334Ch_6,_m`P149NWo14gPNOSo1a000K5O1L4O2O]OVQN6dn1H^QN7Xo1M3M[Rgn2
20150105104334Ch_7,hmRb13io16M1O2O0000000000M201O10O2O1N2N2O1O1O001O001N2O00001O1O01O0002N00001O1O01O1O1O1O2N1O1O00001001N1O2N0001000O0000002N003nPNZOdn1g0ZQN[Oen1Q1O00O1O010O1O2O1M201O000O1O1000001O4@kPNNUo10mPNOWo1KlPN4Uo1JlPN5bo1L3M]QcX2
20150105104334Ch_8,lnbo03io15N1M3O1M111ON3O10002N001M101N101NcQYo2
20150105104334Ch_9,^V_c13lo12N1O1O1I510F:00M210H711B<11F811N100jNaNeSNS1nl1QOnRNn0Qm1n03J]RNPN\m1R2;0N0110O101jN`RNJbm15`RN[OG1hm1>ZSN\Ohl1c0ZSN[Ocl1f0\10N021NN31M111I7O0H9O1LEiQNUOWn1j0lQNSOSn1i0d000L40A^O]QNa0hn1BUQN>fn1>21OO11O10YO[QN3dn1JcQN2]n1NeQN0\n1NhQN0Wn11jQNNUn11n00OO110N20000O1O0100O101O010O01O001O1O00001O10O1O011N01O011OO03Kgo`V2
20150105104334Ch_10,^Pii16jo11O1O0010O1N1O000100000001O0O10001O4M1N2N020OO6J101OO01O1O00001O1O0000001OQojS2
20150105104334Ch_11,RRQU22mo11O1000000N20000O1O01O10O1O010O010O10O1O01OO20N2000O0001O1OO11O1O1O01O1N101N10100OgnZh1
20150105104334Ch_12,iR_o02mo12N1O100O000O20OO1100O1O01O10O1001O0000002N0000000001O10O10O10O10O1O0O10O1O2N7I202M102M020N111M011OO>DN021M112L021M12OO03MO03OOO2OO11N001O1O1N2NQlnk2
20150105104334Ch_13,XUo[23lo12O1N2O001O1O0001O001O0000000001O1O00000000000000001O1O0001O1O0000000000000001O010O0O101O1O000002N001O0100O000011N01O0002N01000O0O101N2O1M3OXjb_1
20150105104334Ch_14,PVWW32no11O1N10000O2O1O0001O02OO01O1O001000O02N01O10O10O1O011OO02OO010O01O002OO1O0001000O0000000000000000000O1O10O1O100000O1O01O10O1O1O000100O01O010OO110N200O1O3Llilc0
20150105104334Ch_15,[\ec05jo12C<00N3N1O101O5K11OO1O000O0010O0001OON3O10M31N010PMSOUTN>3H^1i0Yj19gUNFRj1h0gTN8Yk1MbTN3\k1Z200N0200\LfTNb2Zk1]MiTNa2Uk1XM\UN`2dj1_M]UNa2aj1]MjUN\2Vj1cMlUN\2Tj1`MVVNZ2ji1dMYVN[2Rl1FOO3M1O2N1O3L111N00000001OgNmQNf0Rn1TO[RNe0em1[O\RNd0kn1VOnPNNUo10mPNO]cdX3
20150105104334Ch_16,`[QT1<do11I7N1L4O2I7N1AROgQNS1Xn1oNfQNR1Xn1;BbN[RN^1bm1a01O_OSNoRNn1Qm1TNnRNk1Sm1?201M202L3O2L3O8G6J4L2N101O1N200O100000M5M000001[OkQN]OVn1`0lQN@Yn1OYRNKim1N]RN0YcXi2
20150105104334Ch_17,h[ei26io11L5N1[NJPSNe0Pm1]OnRNd0Pm1CfRNb0Zm1@cRNa0]m1GWRN<jm1l08G3O4H4O5E9N2G9M9A8NXeRU1
20150105104334Ch_18,TZeU26io13M4M101OO22L020OO11N020N022M013TRNEjk1:UTNGkk1:`SN:`l1G^SN:cl1EYSN=jl1CSSN>nl1ChRNc0[m1^OcRNc0_m1l0200M3O1N3O1M200D;O1I8O1L4O1XOh0O1L5NZefg1
20150124081954Uh_1,ViPX3<bo13M3O000O1UOCPRN?Pn1DnQN;lm1m020N21OA=2O1M300VOWRNXOPn1g0RRNWOmm1g0f02L040NL500O2O0D<0100O11O0O3N1O100O1O001O112L020N1000O02OO1O0020N020N21OOO100O3N003NN122L012MO31L03OOO2N004L1O6I2N5K_WUc0
20150124081954Uh_2,`kT`14ko11O2O001O1000O000002OO1O000000000001O10O001O000000000001O001O01O1O000000000000000000000000O1O01O1000000000O1O10N20O1O10N2000O1OO20000000000000000O10O010001O0O1O10bTgZ2
20150124081954Uh_3,eo`h12mo12N3N1O3N0O5K004MO13L020O011N011N02OO021L111N010O010N011N020O0O1001O009GO02OO1O1O1O001O1O01O1O2N001O1O0O1O2O1O00001O0010O1O0O1O10002N000O1O3N00000000000000001O1O02N002N001000O0001O1O000011OO00001O10O0000000010O00001OO100O101O1O00000000000000000000000N200N2O1O10O001000001O0001OO10000000000O1O1000000000O010O01000O1O1000N2000O10N11000O1O100N20N20O1O01OO11OO11O0000100L2G_OVQNb0in1:00001O010O001O0O100O2O2L4O1M3N2N100N201M3Nco^j1
20150124081954Uh_4,\Qin21no12N3M1O3N011N011N02N0100O011N001O1O2N004MO11N101O02OOO2OO020O00O1100OO13MO10001N002N001O1OfmZn0
20150124081954Uh_5,fUeR1`0`o11M2O1O01OOM5O1N2O10O1O1000000000O1O10000O1O01O1000O100O11oLGYVN:di1JZVN6ci1OeSN=j1D`j10eSN>j1Baj1S1YUNmNgj1T1XUNlNgj1W1VUNjNij1X1VUNhNhj1[1VUNeNkj1[1UUNdNkj1]1TUNcNmj1]1RUNcNoj1]1QUNaNRk1^1nTNbNRk1^1lTNcNUk1]1kTNbNXk1KeSNR1R1UOZk1FhSNS1n0WOkk1h0RTNYOok1g0PTNYOSl1g0jSNZOXl1e0fSN\O\l1c0`SN^Ocl1b0[SN_Ohl1d0cRNI`m19[RNIfm1V13O1L3O3F9N5K2N6dN[QNR1ln1M4L1O3J4O2O1N3M103L2Nmkbh2
20150124081954Uh_6,TXak13mo11M3N2N1O2N5L2L9UQNWOQn1j0mQNXOPn1l0iQNYOWn1h0gQNYOom1b1N2WOWNTSNn1kl1TNTSNl1ll1g0M1M:H2fSNkLdk1]3QTNjLkk1X3STNjLjk1S1_TNj0`k1UOfTNf0Xk1gNjUNl0Uj1TOmUNk0Qj1UOaVN;^i1FbVN:]i1ZO_TNHY2h0Yi1@aTNEW2k0Wi1]O\WN>fh1A\WN>ch1Ao3O1N2OkiVR2
20150124081954Uh_7,fXYR1?`o13I6O0I7N0NO4O1M301N100L50OM40OM401K5NSh^l2
20150124081954Uh_8,SYmo22lo13O0O10000O01O1O100NSg\o0
20150124081954Uh_9,XZ]V28fo12J6O00O1O1M30000001O1O010O100N2O2O0O1O10O01O10001O00000000O1O10000O100O10000OO11000000N11O1000N20NN4O1N2O100O1O100N3Ogfje1
20150430082014Th_1,^a\j24ko12O2O0O2N1O4L1O3M1O<C2N2iRNmN_k1S1`TNoN^k1R1bTNoN]k1Q1cTNoN_k1o0`TNSO`k1l0`TNTObk1k0]TNUOck1l0\TNTOek1l0ZTNTOgk12jRN`0]1_Oik1MRSNb0R1Bmk1ITSNd0o0C`l1:]SNFdl1:\SNEil1=PSNDPm1>nRNBUm1a0dRN_O^m1a0`RN_Oam1d0\RN\Oem1d0ZRN\Ogm1g0SRN[Omm1f0RRNZOnm1h0nQNYOTn1f0kQNZOYn1U11O5J3M1N2OOO300TO\QNLH8Po1J`QN3g[iR1
20150430082014Th_2,^dPj2;do12M2O1OO110N2O0L5N3Kl[YU1
20150430082014Th_3,WiP[34ko12O0O1O10O10O1O2N1O10OO200N110N200OM310M200O20OO2N]W[c0
20150430082014Th_4,nhhb19go11O001O1O101N010O01O1O00002OO11N002OO11N002N002O001N10O3M100001N010O10O0001N2NWVgZ2
20150430082014Th_5,fij\12lo18J1N2N101O1O00100002N00000O02N002N0000011OO04L2OO2ZOgPNb0]o1OO020N110N110N14MO01N000O2N2G9O[U_`2
20150430082014Th_6,Tnd[35ko11K4O1M300N020N020OO110N200O00001O100O0010O10O1O01O100OO1100O1N011E;O10N20000O1O1N2N2N2J6N2LVS]a0
20150430082014Th_7,cn\c25jo12O1N2O1O0010O0O100O1O2M3O1N\Qe[1
20150430082014Th_8,jnhe24ko11O100O100O01O10000O1O101NZQ[Y1
20150430082014Th_9,nohb03ko13O6J1O4L10O1O2N011O0O3N003L101O0002M1O1O1O3NO11N1O2N10O10O10006I11;C111NO4NO05OL24OK020M12M1O5K101OO200N11OO13MO05MO032K1O:F00f0YO302L0TRNSNom1b1oQNbNom1h13=@134H10OO1000O0O1O2L4N1F:N2gNQRN?Pn1AURN;jm1_OcRN9_m1FhRN4Wm1KkRN3Wm1LkRN3Wm1IlRN3Xm1KjRN3ai`W3
20150430082014Th_10,]VYg17ho12M3N1M30000000001000O00001O1O000000002N0000000001O1O00000000000000000O10O010O100000001O00001O0O1O1000000000000001O010O00001O001O000O1000000O00010N200O100O100O010O01000O1O0100N2O1000N0200000000001O001O0000000000000001O1O00000000000O1O10000N200000000OO20O01O1O1O2M3O0N20000O1O00001O1O10O1O10N200H71O01001M200L400O1O100000002N0000002N2N1O1O000001O1O000O1001O001O1O000000000O0001000O1O00001000M111N11OO020O0001N20N020N020OO110N200O1O01O1000000O1O100N20OO101M21OO2O1M210N101N2O10N11O1O1O1O1O5K204OL2N0011N0O5L002M1O3N001N2J_NjQNb1Tn151YOSRNZOnm1e0SRN[OQn1>j001M101N2O1N2N2N200N200N20OO110O1O10O1O0100O01O01O10000N110O1O010O001O2NYlle1
20150430082014Th_11,nT];:eo12N:iQNJRl17lSNLRO^Obl1h0UTNXOnNT1ll1FRTN>nk12aSN0_l12\SN0dl1h1O02N00:E1O;jM`SN6al1FcSN8Yn1I3N4K4KUhZc3
20150430082014Th_12,iVUh0<co12N1001N2NXi^W3
20150430082014Th_13,d[Wl02lo14M1O1O1O100N20000000O1000000000001O0O100000O1001O00000001N101O000001O1O00000000000OO1100000N20000O0001000O1O1O1O1O1O0000000NN40VOOcQN4Zn11dQNO\n1k00O2N101K5M2J51OO20M3O1M200ON4M2J601N101O1O100O0010N200N11O01O100O1O1000O01O010000000001O1O0O1O10000000000000000000000000000000O1O10000000000000000000000000000000000001O1O1O1O1O1O00001O1O000000O1O2O1O00O01001N1000001O1O0000N20002M1O3N001N2O001O100O3M1O1O1O1O0000000O1O100N2000O01O010O1O10000000000001N2N3N00000000O1O100N20000O1O0100O01O1001O001O000000001O3M002N002N002M1O2O1O000O2N2O2N002N001O0O2N10000O1O1000000O100O1000O1OO2000001M201M`fla2
20150430082014Th_14,k\Yj07ho11L400L31ON2000O100N21DHnPN8So1:1N3N3M2N2L3N200O2N2NmcVT3
20150430082014Th_15,Z^Wh16go13O1N110N02OO2O0O101N11OO020OO2O0001M120M20010O1OO200O1000O1O0100K40K410O11O2EYcXU2
20150430082014Th_16,c^Yh24ko12M2000000O1O1O1O1N20OO101M30OM30000O10010OO2000000O100O100O1O10000N200N200O1O10000000N20O0010OO11N011N011O0000O2N0020OO2O1M3NibfS1
20150430082014Th_17,f`Wj22lo16L1O1N2N0100000N0200000000O1O1000000000O100O1O1OO11L4O1O1O10000O1O01O01O100N200N110N20O10001O2N3L2N2O1O4L1O1OLH_PN8`o140100O0001G`PN2_o1NcPNO^o12bPNN^o128O1O1O1OS`\Q1
20150601122834Ch_1,Pc`X32no10O2N1O1O010O101N2O1O1O1O1O6J1O3M1O2N101O0O1O01O1O00000001000O0001O10O10O1OO2O1K4O1K5O2N2O0O1000001O1O00001O1O010O3M0Oc\gc0
20150601122834Ch_2,PjTW22lo12K5N2G90GePNK_o11:N`V[h1
20150601122834Ch_3,hoPd23mo11O3M1O6K004K004L102N011M16KO02OOO20N01000O4nPN[Oan1f0\QN]Ocn1Q10010O00000000O00001O001N1O3N0O3M2N4L102N002N002N01000002N011M1kRN]Omj1l0bTN\O\k1d0fSNVO18Zl1f0[SN^OJ6kl1<YSNBG4?]Omk1e2QTN_Mmk1b2QTN`MQl1^2kSNmMN\Ofk1f2[TNRNI]Ook1]2TTNcNnk1[1PTNfNVl1^2104K3iM`SNi0kl1WN^SNOLg1gl1YN^SNOMf1^m1TNdRNh0G8Rn1ETRN7mm1GWRNNRn11QRNLPn10VRNLmm13VRNInm10U1NPlnV1
20150601122834Ch_4,_PQk03lo11N2O2N1O1O101O0000000000000O1O100000000000000001000O002N02N01000O1O1O000O2O1N101O1N1O10O100000O2N_ojQ3
20150601122834Ch_5,dVgd12mo12O1O100O2N01000O0002OO10O1O00002OOOUiRZ2
20150601122834Ch_6,ZYa^13lo12L4N1M300N101M200N2C@\QN?en1AVQNc0kn1_OQQNb0Po152O1M300L4O1N2O1N11M03OO100J7O01N100O02OO2O0O3N6I3NUhn^2
20150601122834Ch_7,ZYUZ33mo11O2N002O0O3NO02N020N020N011OO2OO11N002N2N1O1OTfZd0
20150601122834Ch_8,l[if27ho12N2N2J5O1O11O010O000000000000O2N1000000000000000000000000N2000000O11O000001O000010O1O0000000000001^OlPN6Uo1HlPN8To1FPQN7^o1NPdjU1
20150601122834Ch_9,Z^Yl1:eo12O10O02N01O1O01O10O1O00011OO0001000O001000O00000O1O100000000O1O1000000000O2N100000000100O000002N011N011N000011OO0001O1O002N01O10O1O0000O1O101O10O1O0011OO00000000000000000000001O1O00000000001O10O001O0000000000000000000000001N1O010000000000000O100O1000000O100O100000000001N2O0O10O100O1000000O1O100O2M3N1N200N2000K400O20000O1O10000O1O10000O1O100O0000100O1000O1O10O1O100000O1O10O100O1000000000N2000N200O100O100000O1O1000O1O1000000000000000001O1N100O3N00dabe1
20150602122934Ch_1,ohhc23lo1201N101N2bPNJPo16hPN2Vo1=1O0\OiPN=^o1N101M3H\PN1WV][1
20150602122934Ch_2,SkRc23Yo1OVQN6gn1LXQN4en1f0N2M2N2O1O10O1O5POTQNd0Uo1O6H3OXUo[1
20150602122934Ch_3,bmPU24ko12O1O0001O000001O001O01O1O00000000000001O1O0000001O1O0001O11N000000010O10O00000000001000O00000001O1O000000000000001O1O01O1O00020N0000001000O000001O1O01O1N1O101O1OjQke1
20150602122934Ch_4,kohY17ho11N20000O1O1000O0001000N20N20O1O01O1O00001O00001O1M120N20O0O101O1O1O1O1O1O0OO21L4OSQcc2
20150602122934Ch_5,\PQo28go12N2@JRQN9ln1?O001O01N2O2M1O3K4N2O1O1O1O11O109F0O2N020N110N110N022L020N020N03OO^OoPN3Uo1HnPN8Qo1FPQN:^o1OOO11O0O1O1O1QTNJQh17nWNKPh17kWNNSh14kWNNSh13lWN1Qh1OPVN\Oc0e0]i11mUN_Ob0a0ai10kUNAc0`0bi11hUNBb0>fi10hUNC`0>ni1M^UNL6>]j1E]UNN5=bj1CWUN33:hj1CSUN538lj1CnTN855nj1BlTN;53Pk1CeTN?L:bk1VOaTNb0K9dk1a23O2I6N4J4N5J203BZSNXMkl1f2:B=WN\RNQ1]n1dNaQN726dn1@^QN705Qo1CTmPl0
20150602122934Ch_6,^PQW12mo12N2O00001O1O00000O2N2O0O1N4M1O1O100001O10O10O11N000O2N2O001O00O10000O1L4K8K3Ngo^f2
20150602122934Ch_7,iQeW15jo12O1O1O1O1O3NO11kPNCcn1=[QNFdn1<UQNIkn18SQNHon1d01O001N2@lPN0Vo10kPNNWo11=0O3N01O001N010O1O1O1O0O2NfmZf2
20150602122934Ch_8,nX[\23jo14N1N100OO12O01O1O1O0N4N_gjb1
20150602122934Ch_9,cZe\35jo11O2O0O100O0010O1O01000O1O2Nce\b0
20150602122934Ch_10,P\YQ33lo12N3N002N01000O00000O1O100N3O0L5O0N200000001O010O01O1O10O10O001OO100O10000N2O1O10000000O1O101O1M2N2N101N1001O00010O100000000001O1N1O1000O1J6O1N11OO200O0010O100001O1O0001O1O000000O1O10O1O100000000O2N1O001O1OO2O0M30000001O01O01O01O1N2000000O11O000^OjPN:Vo1ElPN:Uo1DmPN;\o10001N2O0O2Nnd^f0
20150602122934Ch_11,^^]V26jo1002N002N11OO020N1O10000O0001O1O000000001O1O01O10O1O0000000000O100O10000000000000000000000001O1O0000000001O1O0000000000000000000001O10O1O0001000O01O1O01O1O0001O1O02N000000000000000000001O1O000002N0001O1O00000001O1O01O10O1O00000O10000O100000000000O1O1000000000O0001000000000O1O100000O100O10000O00010O1O2N2N1O1O2N2N10000N1100N1M3010N200000O100O10000000000000000000000000O0001000000N2000000O1O10000O1O10000O1O01O1O1O1N2000O01O010000000O1OO20OO110O0001O0O1010N11OO110M3O4HWblZ1
20150619133554Bh_1,Z]lR1:eo12J8M0N5M1O5K1O2N02M3M6K1O3L2O2N0O3N1000O02N000000000000000O2N101O0N3NVbkj2
20150619133554Bh_2,X``Z16[o1MoPN6on1MlPN9Po1JmPN7Ro1=N2N101000O00010000000O001O2N1O1O1O0O2N2O000001000O01000O01O1O002OO02N1O2M2O2N002N001O1N2O10O00000000002M1O3M1O3K3O3N002M102M102N00001O1O0002OO1O01O10000O10000000O2OO11N1002M020N02a0]O101ZQNVOSn1j0kQNWOUn1m0eQNVOZn1Y10O1O1O1O1N2N3N002M1O3N00001N2N102N002N003N001OO101OO13L2O1N2O000O0010O001N100N2O1O1000002N002N1O10O10O1O00002N002N0010000O0101N110N011OO02OO11N002N011O0O1O0000000001M201N100O1000000O10000001N100O2O10O11N00000001O1O011OO0001000O002N10000O2N1O01O10O00O2O1I6O1O10000000001O1O00000001O1O1O1O0000O2N101O000O100O1001O1O001O1O1cPN_OZo1e0O0O1O00001O2N10O1O02N01O0011N01O10O10O10O1O001O10O10O1O001O2O001N101N101N011OO00000000000001N1O2O0001O1O011O0O20OO1O1O001O1O000O10000001O0000O100001O0O3N0O3N1O1O1O1O1O1O2N4L1O3M0O2O001O01N101N2O0N202L200N3N2O01O1O10O0100O01O10000O02OO1O0001O11N001O1O2N001O1O1O1O00002N001O10000O02OO1O0011OO010O010O01O02O0O4M0001O01OO11N1025H020N002N002N002N2N4MO12M1O0011OO01O1O1O10O1O01O1O001O1O1O1N1O2O1O1O1O2N2N2N1O3M1N4L2O3K3OeXWh1
20150619133554Bh_3,]`Pc26ho14I6O1N2O0001O000002N000010000O1O110N112L011O0O3M100O01O000001O10O11N1O1O2O1O00000000O0N2N4K3O1O100O101M201N2N3N1O2N001O1O000O2N2O001Nj^gX1
20150619133554Bh_4,cd`U38go12N1O10000O1O1000000000N11O1000000N2000000O1O102N001O0N200000O10O1O10O1O01OO11F802O0002O0O1O100N2000000000001O1O002N1O11OO1O002N01000O1O1O02OO11N002N01000O2OO11N020N000002OO1O1O102N0O2N1O3M0100010N011O011jQNQOVm1n0iRNSOZm1X1TRNlNlm1V1QRNkNRn1`11O001O1O001O1O001O11OO20OO20O005K000O0010O1O1000O002nRN[Nek1e1ZTN\Nfk1f1VTN\Nkk1c1TTN^Nmk1c1mSN`NTl1a1kSN_NWl1c1cSN_N]l1b1aSN^Nbl1f1WSNZNll1d1SSN]Nol1W23O1O000N3O000000O2O1O001O1O2N002N00001000O4L1O3M002N001O1O001O2N1O100O2OO011OO20N0200O1OO02N002N0O3M102N2N2N002N0O2O1O0O101O1O1O1N110N3M2O1O1O2M206I2O4K1O3M1N7CcWa<
20150619133554Bh_5,^jVW23ko13N2N2O0O1O2O1N1O1O1E;0O1O1O2N102N1O001O1O001O1O000000002N001O1O1N2N3N1NfU_f1
20150619133554Bh_6,gkfY23lo14M1M4N1O1N1O3N01000O001O1O1O10O1O1O3NO03N0O1O1O00002N0002N0001O1O01O1O000000000000000001O1O01O1O0002N0001O11N0002OO11N02N0020N02N002N1O[Soa1
20150619133554Bh_7,ZllT12lo13Ka0C00`0@23MOO7J0O3L2M\S[j2
20150619133554Bh_8,XPmT14jo14L3N2M2O1N01O0N4O0O2O2N1O4KTPUj2
20150619133554Bh_9,YS]P15jo11N201N2N1O1O1O1O1N200L400O100O10O1O1000O1O100N1N2J700N2000000O1O10O0001000O1O1N2N2J500N3OON4OO02OOO12K311N2O001O0O011N02N0100001O0O11N02OO110N101M201M21HSQN\Omn1b0:N2L5N2L4MZoZj2
20150619133554Bh_10,aVQR37ho12K5N2N2O0N20000000O000000M300O100N3O00001O100O1O100000O1O10000O010O101O0000000001O1O0000011N01O01000O1O1O11OO001O1O1O3M002OO0100O01O11N00001O1O00100O01O000001O1O000001O001O0O100O2N2N1000000O1O1000000O01O100O1O1O001O1O1N2O1N2O0O110N201M3Oji^f0
20150619133554Bh_11,cZUb02mo11O1O2O001O001aPNKRo18fPNMYo1=1O0001O00000N11HiPNFVo1:81N011M020N111I321J52OO1000N30O1O2O0O2N100N1100000NO3O1M20001O1L3O1O10N210M3O001000O101O2@hPN4fo1L003LdfdY3
20150620161314Mh_1,^^P]11mo13O2N002N002OO11N00001O1O1O2N11N0000002N001O1O1000O0000001O1O01O1O01O1O000000000000000000000O1O01O10O0001O1O1100O100O1000O01000O0100O011N000001O10O1O0000002N01O10O1O002OO1O01O1O02OO11N002N001O1O00002N00001O001O000202NO1O0OO11O1O2N1O1O1O1O001O10O1O0O101N100O1O10O01000O010000000O10O100O100001O001O002M2NV`_Y2
20150620161314Mh_2,c_jc23go16O2O1N100O10001O1O0O100O1O1H800O10010O10O001O1O0O1O3N00001OO1001O001O011O0O10000O000O1O101O1O000000000000000001000O02N0000000001O1O00001O1O0000100O01O0001O001O0001O1O0001O10O1O00100O1O1O1N4M1N4L102N1O1O000002N0O1O1O2J501N1O1JbPNI_o166O2OS`kT1
20150620161314Mh_3,__f`21no13N0000000O1O01OO2O1O10O10O10O0100000O100O1000000000001O001O1Og`Y]1
20150620161314Mh_4,V`Tf13lo12N4M1N1O2O1N2O1O002M2O3L1O2O1O0000000O01O0100OO11000O1O101O1O1N2N10002M1O2O1O00001O1O001000O002N00010O10O02N002N00001O10O1O0001O10O1O01O0010O1O001O1O00002N001O10O10004K002N011O0O9G004L011O0O1O1O4L1O2N001O11N6K3MO02OO01O1O2UOXQN:hn1EZQN:]o1H2O1O1Nk]_R2
20150620161314Mh_5,b`dm2620`o19N2O1N2O1O1O00001O1O00000000000000000000000002N000N200000O10O00100O1O10000FcPNO_o1OdPN0go1O1O00000O10T__o0
20150620161314Mh_6,Sc`o17ho1102N2N0O2N2O0000O0010OO2O1N2O10000O000101O1O0O3M2O3M002N002N00000000O1O101O1O01O001O00O100O10O100001O000001O10O1O000002N02N01O1O02N002N1O1O001O1O000001O1O000000002N00001O1O1O1O1N2N102N002N1O1O10000O1O0001O1O001O001O0000001O001N100O1O0K6O01000000N200000000002N002N001O1O0001O1O001O11OO1O1OO100O100O100001O1O000000000000010O10O01O001O1O1O002N0000001O1O0001000O0001000O00001000O0002N002N001O1O00002N019F102M002N012N0O2N03M1O100N3N002N0O3M102N002OO1O10O10O01O001O001O1O00001O1O0001000O0001O1O000011OO01O1O00001O1O00010000O3M101O0O2N102NO02N011O0O1O102NO01O1O01O1O001O0O2N102N001O1O2N011OO02O003L1O2N002N0020\QNZOjm1f0VRNZOjm1h0RRN[Omm1e0SRN\Omm1g0mQN[OSn1i0iQNWOXn1Z1N0000002OO1O001N3M2N1O1H8N2N2O1O10001O2N1N3M1010002M1O20OO001O0O100O010N101M3O1O101N2N1O1OWY[Z1
20150620161314Mh_7,XdPf06jo12M9G102N1O1O002N004L102M01O0000003M101N010O1O000O1O1000O1O1000000000001005J1O2N011OO011OO00000001O1O1O1O1O2O0100O1O0000O011N011OO3M1O2N004L002N001N2N2N2NYZSU3
20150620161314Mh_8,]idd24ko12O2N002N020N002OO1O0001O0100O0001O1O115I100001OO200OO2N101N1N7J1O2LhUUY1
20150620161314Mh_9,`lPe12no11M20O01O10000O1O1000000O1O100000O11O000000000O1000000000000O10O100O10N200N200N200N020M3O1L202L300H8I7O11OJ61O2N2N4F7O6F7M6ATUQW2
20150620161314Mh_10,jj`g2199Qo1KkPN7So1>N1O1O011O05MM020N011OO20OO70I15LOO11OO10O1O00000000000001O1O002N001O1O00002OO02OO02OO02OO011OO010O10O020bPNESo1<jPNGUo1h0J110N11N011O0O3]OmPN5Qo1IRQN6]o11OO1O101OO01000O0001O1O02N01O1O02N01O10000O00002N0O]RgR1
20150620161314Mh_11,QmP\17ho11M5M2M3O2M3M3N6J1O2N101O04NNO3OOO3N00O01O20OO2O004NOO4MO010N112L011N011N1O7I011OO2N004L002N002N001O1O0O100O2O1N1O100O1O100O1O1000O000100000O1OO2000O1O100N020O1O10N11OO20OO110L401M2OlQW^2
20150620161314Mh_12,dVaW36io11O100O1O1O1O0N2O2M30O1O10000O100O10000000000O1O100N2O1O01M3N1O110O1O1000O000M4N11O100O00100O1O2O0N3O1O000000O2O1N3N000N200O1O10O1M300N20000002NhPNEkn1;TQNGmn17RQNLln14TQNLln14RQNNnn12RQNNnn14nPNNRo1`01O1O0N200O1O2N2N10000N200001O1O008IO1O1O2N1O0N3O1O000O2N2O00001O1O0000000001O1O0000002N0000011OO0001000O000000000000000000001O1O0001000O1O1O001O1O0000000N3O_ib>
20150620161314Mh_13,c[Wh01no11O1O10000O1O1000000O1O10000N200O000I800M2O1010000000O1O10001N2N10000N20O1O1OO11L400N11O100000O1O1000O000100O1O10000N20O1O01O1O1O10O0001OO11M111NO200L40OO20O011OO20N2O00000N020N30OO2O1O1N1O20OO200000000000O1L4O3M5K10000000O1O100O1O10O00OIlPNFSo1:oPNEon1;;0N200N201OO2O1O01OO11ON20ON301M30N02O1O1OO1100000000O1O1000000000000000000O1O10000000O10000000O2O0O101O1O001Nlgfl2
20150620161314Mh_14,T]]m23mo11M201O1N1O101O1O0O1O10001O001O00000000O00010000O00010000O0010O1000O0001O1N011OO110O00010O00010N11O1O00010N100L5O1N0110N200N200O1O1O1O1O1O1O0001000N11O01OO20000O1O01OO2000000O1O10O1O100000000N200000000O00101O002N1O1O001O0O1O01000000O1O1000O100O3L^djj0
20150620161314Mh_15,e]]W27ho13K5M2I7N2F:M2N20000000O1O101O1B>N2N2N6J2N3N1MhbRg1
20150623152934Ch_1,Z^VV22lo14M1N2O1O000O200O1O1N2O1O1O1O10O000100O00O2O01001O00001O1O001N101N1000000000000000000000000001N2N100000010000O10O1O102NO2N011OO020OO4L100O1O0O101O1O0O10O2N2O5K2O3L2O2iPN]Okn1d0RQN@ln1l0N02OO00O100M3O1F:O1O100N20O1O1000O1O1000000000000002N00001000O0001O1O01000O0001O10000O1O0100O020N02O002M002N2O1O0O2O000O1O2O1Mc`_`1
20150623152934Ch_2,gchX31no13N2N1O3N001N1O1O001N2N2O0O3N0kPN_Oln1Q1I1O1O1O001M3O1M4N1O2N1O3M000000O1O2M3O1M5M2L3O001O001O001O01O0010O110N001O4L2N10OJPQN\ORo1a0PQN_OPo1`0oPNBQo1>nPNCRo1f0O2M2G:N002N002N1N4L2O00eNhQNn0Xn1ROhQNm0Yn1TOfQNl0[n1<1O1N2N1GaQNPOan1n0:QOVQNc0Uo1O110O3M102M2N9FlZaa0
20150623152934Ch_3,clPa24ko12O6J108H1N6KO11O020NO20OO40M028lPNWO[n1j0bQNXOan1R11O3L2N3M1O3L2N4I6N\RW]1
20150623152934Ch_4,omTf21no13L3N2L201ZOJ_QN8[n11bQN0Zn1l01OO11O0O101M3O2]OWQN@Wo1>6I9L\ScX1
20150623152934Ch_5,nmjg21mo15M001O1O3M2N;E002RQN\O]n1c0cQN^O^n1`0aQND]n1;bQNFkn10nPN5Ro1<1O1O1N2O00002N1O3ON02N1O1O011OO1000011M020O000O02OO0010O1O01O2O003L111M05MOO5L0O8G2OmobT1
20150623152934Ch_6,`Peh08go1103M101N011O002NO200O19E111M120N011M12N001O002N1N200N11OO1O1011M021N021L203K111N030M011N02ON130L02h0VO025I20?_O111NO21N0O4M0O6IjMRSN]17SNTl1=STN0]OX1\l1gNZTNN\O[1Zl1dNPUN[1Pk1cNRUN]1il10O1O2N1kQNZNnm1R2I3M5L1OgMhRNk1Wm1TNkRNl1Rm1SNXSNi1cl1WN`SNi1^l1WNfSN?\O?jl1ROlSN>\O>hl1TOnSN:@?`l1XOQTN8_Oa0`l1UOTTN6@c0\l1WOUTN4Ad0`n1O001O1N4L2O5K1Ojh^Q3
20150623152934Ch_7,T[eh16io12N4M001O10O100000O1O111M005K11N001O1O001O1O001O10O1O01O1O00011OO000000000000O1O10000000000000O1O1000O0001000000000O1O1001M3O000000000N2000O1OO20000000O1O1O01O0100O00001O100O1O01O001O001O01OO200OO11N020O100O10000O1O1O1O0O101O01O000O10O011F]OTQNd0mn161F:0000000000O11OO11O01O10O1O1000000N11OE<O1O01001O00001000O0001000O001O1O002M1O3N000N2O1N2OO20O1O10N200OM300L401O000O2OO200L220L22OO11N011OO100O100O11O10O00O2O001O001O100000O1O10000O0001O1L4O1N200O102N010O1O0000001Nhgnh1
20150913082034Lh_1,fPUf28go11O11001N113K114J2O1OO1O1O1O1O2L3O1O1O1M201M3OhnZX1
20150913082034Lh_2,jPej2;co13K6N1O10N3M2OXojT1
20150913082034Lh_3,]TQ[29fo12K5O0K5O1F:0OYOg000N030YO^NnRNa1Tm1aNkRN^1Tm1=;O0H801B?N2E;N8\OSn`c1
20150913082034Lh_4,^U]f22lo13L3O10O00001O1O100000O1O10001O1O000002OO1O0011OO1O1O111M013M012L13NN13M0O3M1O3M0OSjnV1
20150913082034Lh_5,nUYa1;eo11O2N001O01O001O0001O001O1O001O1O1O4L1O4L002N110N1O10O1N100O1O1O1O101O1O003M102N0O1O1O1O1O000000001O1O00001O001O000000000000000000000001O1O00000001O001O0000002N0O3M10Ti^Y2
20150913082034Lh_6,g]eT15jo1102N1O1N1O10001O00O10N3M2L40001O000000000100O000000001O001O002M102N002N001N2N1O1OYbfh2
20150913082034Lh_7,\^ok14jo14M2N3N101N101N1O0001O105J2M5L00XanR2
20150913082034Lh_8,Uam^2:eo12K5O0N101O01O100000001N1O1000O1O2K5N1N3N1O2OOO110N11O1N3O4J3O2M2N2O000N20000O1O10000O1O100O1O100O1O1OY_j]1
20151003081954Uh_1,`fR_23go1;I2N7J3iPN[Omn1R1J102M2M2O2MVOiQNOVn1OnQN0Qn1NTRN0lm1OURN1im10YRN1em1O\RN0cm1OaRN1\m10dRN0[m1OhRN1Vm1NmRN2Pm1ORSN1ll1OVSN1fl10]SNOcl11^SNOal1ObSN2\l1NeSN2Yl1NiSN3Ul1MlSN2Sl1NnSN4Pl1LQTN3nk1NSTN1lk10TTN1kk1NXTN1fk10ZTN0ek10_TNM`k14aTNK^k16eTNG[k18gTNGYk18lTNBVk1>V2N200O1O3M1O3JjZm]1
20151003081954Uh_2,bfdh23mo11O1O1O1O1O001O1O0010O10O11OO001000O0011OO00011OO01O1O2O0O2LoX]U1
20151003081954Uh_3,^\mT36jo10N200N2O000O2L40ON20100O1O000O2O1N11OO2O00000N21OO11OO02OO11OO2O1N011N100N3O0N210N1O1M400ND=0N12OO01000000O2OO2O1N0110O1O1O000100N002N100L5O1O01O1O1O3K3O3M1O3N01O1O000000O101N2O001N2K5NXfVe0
20151003081954Uh_4,`^m[26jo11O1O1O1O00O1O1000O100O10O1O10O100O1O1O001O0O2O1O1N11OO2O1O01O100O1O2O3K3Nnafa1
20151003081954Uh_5,e`i^12lo14J5N1M3O1N200O1O1O0001O1O0M310N200O000000M3O1001O0O11N010O1000O10O11O01O10O1OO11O1O000N3OO20O001O0001OO11O0000100OO11M3O0O101O10O00010N110O1O2M2Oaab\2
20151015170634Ch_1,VaXj0=co11K310N101N2O0O02OOK7OOO3O001O01000O1O1001O1O010O1N10001N2K4N3M3N100O1OO2L4O1O10O1O01O1O000100O1O1N2J7O10000O1O0011N1O3L100O2OO1000O1O1O1O2OjPN\OQo1j01O0O1N101N2O2N1000O000000000000000000O2O0O0100000000O1O10O1OO200N11OO2000N11OO2O1O01O1O000100N100O2O1N100N3O0O2O0O200N200O1OW`[m2
20151015170634Ch_2,UdlT19go11N2O0000000001O1O0000001N2N1Oi[Sj2
20151015170634Ch_3,if`U17ho12O5K012N0O2N202L02N001O01N2N2N2O1O;E012N08IOO20N020N02N0012N0O4L015K02WO[QN2en1L\QN4en1K\QN5dn1J]QN6bn1HaQN;Zn1FgQN9Yn1FkQN;Pn1EQRN;om1DSRN=km1BVRN?im1AYRN`0dm1_O^RN`0dm1]ObRN`0\m1@eRN?[m1AhRN>Wm1@kRN`0^n1ONO02M1M9J1N4M102M0:F0000002N002N1O2O002OO06J0O11OO3M1O2L3MkU[e2
20151015170634Ch_4,`lhT23lo12XN4TSN6hl1KVSN6UODTm1:`SN9UOCYm15aSNh0]l1YOaSN[1]OVNUl1?^TN^1XOWNXl1;^TNn1]k1SNaTNo1^k1TN[TNS2ck1mM\TNU2ck1RNPTN[2ik1P1N2N01fNaTNQN`k1k0ZTNTO81_k1`0kTNfN60]O=ak1l0PUNcN51[O`0ak1i0cVNgNdM8gk1P1nVNlNQi1R1TWNmNkh1R1WWNmNih1P1U3OO02O1O010DSQNDnn1NTQN20Oeo1N3MeTSi1
20151015170634Ch_5,VQQc05ko11N1O100000000000000000001O1O00000000002M1O100N201N2O0O10002N001O1O1O11N1O1O1000O001O1O1O1O2N1N3N1O001OSOVQNe0jn1ZOVQNf0To10N011N101N1O2N002N1O1O002N11kNWQNU1hn10kQNlN]m1W1]RNmNam1T1QRNkN52jm1\1RRNhNlm1X1TRNiNkm1g10O10O1O0O1O2O1O1O0O2N101O0O2O0O\OfRNfNXm1g0dRNXO60Vm1f0gRNVO:0ol1j0hRNTO;1ml17hRNJ1M>0il19hRNJ0Lb01fl14lRNOLJf01cl15jRN1LJg00Wm17QRNHTo17mPNISo16nPNHTo18lPNGUo18:O2N2NemZV3
20151015170634Ch_6,jU]j06jo11M4N101OO11O012M012M002N01d0ZO13MO12M1O4K1O5H4N\iRT3
20151015170634Ch_7,VWU`08ho12Ma1`N016I127G04ONO6MNPNWRNe1Xn1MN02OO07J0O9F1O6I2N5C9O4L2N_fV^3
20151015170634Ch_8,PZQj04lo10N2O1O1O1M120N2O1N011O001O001N11OL5O1L400N201N2N1N200N1N3O0100O1O10000N20000002N03M1O3M1O5K1O100O2N003N0O3M1O20N020N01O10O1O02N002N001N2N2OSf`Q3
20151015170634Ch_9,i[W[13ko13O1O2N100O01O00O10000000000000000000000001O1O0001O110N102M100O1O10O11N001O1O2N001O1O00100004L0O4NOO3M011OO01O1O00002N00001O10O000000O1O2NXc\`2
20151015170634Ch_10,W]SV15ho14N001O1N011N02OO02OO020NO3O1N2O1M]chh2
20151015170634Ch_11,c`em19fo12H8N01O100L4Mi_jQ2
20151015170634Ch_12,\bam12mo12N2@MPQN4nn10oPN1Po10oPN1Qo1?01D[OZQNi0bn1YO[QNi0cn1`0J2NjNdQNo0Wn1POkQNP1Tn1nNoQNQ1Qn1nNQRNQ1om1nNRRNR1nm1mNTRNR1^n1]OYQNJhn15ZQNIPo1JXQN2kn1JVQN4f\TQ2
20151015170634Ch_13,]amX2c0\o16K2N0000O1N201N20O2N001N1O001O100001O1O1O1O1N3M101M3O]^Ze1
20151015170634Ch_14,Rcmo15jo12N1O1O1O1O01000002O0O2N00000000O01O100O1O10000000000000O2N2O000001O01N2O0O2N3`PNCYo1f0L001O10O1O4L002N2N1M3O2N00000000001O001M2000000O1O10000O1O0100O11Oe\^k1
20151026171014Mh_1,ldXV33mo11O0O2O1N100000000000000000O1O1000O100O100000O100O10000001O00001O0000000000000000000000000O1O100000O10N11000000O01O001O1O00010OO110O1OO2000N2000O1OO200000N100N21O1N2000000O1Oo[Wd0
20151026171014Mh_2,nfd]15ko11N2N2O1O1N4M104L103L011M120N06J0O3OO0O3N002M1000O2N002N0002N0000002N002OO11N002OO11N002OO4NOO2N011OO02N1O3ON020N110N101OO11OO001O1O1O1O00000000003N002M1OnV_]2
20151026171014Mh_3,UidS18go12E=L2K4O2K4O1M3O1N2O0O11O1]Ob0O1L41OM4OOO30N020N0200M20001O1N11OO200N200N2OYXoi2
20151026171014Mh_4,_ihQ37ho1102O014K0O2OO1O01000O11OO02N002M102N1O9G11QOTQNg0So1000O011OO11OO11O00000O2N1O2N003M1O4L103M0a0BL15KO11O0O3M3L3M2N4J4N]Tgj0
20151026171014Mh_5,knhZ3?`o11000O1N3N5HUQid0
20151026171014Mh_6,PXSf06go14N2M200N2O1E;O1M4\RNXOmk1i0RTNXOmk1i0RTNXOmk1j0QTNWOnk1j0PTNXOPl1i0oSNWOQl1j0lSNXO0BPk1W1nTNXO1Doj1[1hTNRO6Hoj1X1iTNQO6IPk1X1hTNPO5LRk1U1dTNSO8Jij1AgTNd15SON5Uk1WOeTNc17QON5Wk1T1jTNiNI8]k1P1hTN0Xk11fTNO[k12cTNN^k1Y21O1O2N2M200N3O0N3O0RLRTNj3Sl1N3M2O?@2N5L2N7H2N3N4L2L2O3M2M5ERRN]NPn1a1QRN^NQn1`19O1M3M3K5N2J500M3O3L2O2M3N4K3O0O100O101M3O0N2OQgnT3
20151026171014Mh_7,Q^oR13lo1101[PNN[o13cPNO[o12bPN1^o1801O1O00010O10O001O1O002N1O1O1N2N10000000000000O1O10000000000000000000O01O10O100000N2000O1OO200N110N101N100O20ON021L211M111M200N3O1H8O1N200N200N2O1L4O0O2O0N@hQN^OXn1a0jQN^OTn1`0QRN_Oom1a0RRN^Okm1`0_RNYObm1f0aRNYOYm1h0Q11OM40OM301M30N020NN40N02OOO21M120MO31NO200O200M4N5J4Mddfe2
20151026171014Mh_8,c`Ui16ho14D=L1J7N1L3O2J500N111D8AeN_RN]1^m1`031ON200N3OO02OOH:JoNcNhSNX1^l1kN`SNU1]l1PO`SNn0cl1TOZSNl0hl1T12O1D<O2H8N1M3O2L4N1N3N2M3N2K4O1N2O0O110M3O1N11OO2N0100N111O01O10O000100N200N200N11OO20N020N020N20OO1100N11ON3OO11O0000^OH\QN:cn1I[QN7cn1d000N20O1001O000100Oa0@0O1O1N1O1000000N200O2N10000N110O1O10O1OO2000O1OO2000O1OO20000O1O01O01O001O1O1O\dRn1
20151026171014Mh_9,kcod23ko14M2N2N100O1O1O1N101G801N200O1O1000000O0010O01O100O1O1000O1OO20O1O1O00000001M3O01O10000O1O010N11000O1O10N20000O1O100N11O10O1O1O1O3M1M300N11OOM5OO020N020N11OO20O1O01OO200O1O1000OO11N200OO20O100OO1100O00010OO110N11OO20L220C<00O10001N2O000O11OO20OL40000001M200N3O1N2O010O2N102NBeNXRNZ1em1jN\RNT1cm1mN]RNS1cm1mN\RNT1cm1nN[RNR1em1POWRNR1im1c0O01O01O00010O`NZRNf0gm1ZO[RNe0bm1XOcRNe0am1YOaRNf0`m1WObRNf0bm1YO_RNf0bm1XO`RNf0bm1YO^RNh0[n1011G702K23O0M301L4O1H8O1M301L4N1N200N110M3O1L5Ng`bo0
20151026171014Mh_10,jbWa13lo14M011\PNNVo12iPNOWo11hPN0Yo1<000O1O3M0010O1O0000001O0010O0010O0100O002N002N001O1O000000000000000000000O1O1000O1O1000000O1O00001O1O100N200M3O1M2001000O10O1O10O10O1O2O1O0O100000000001O000000OO11000O1O10O1O01N10000001O1OO200N200N2O1N2O1N200N20000O001000O100000001O2M2N2O1O5_OgPNO\o1NgPN0n\hV2
20151117212434Ch_1,d`Xi24lo12J7M1gPNCjn1n0L1N3O1N100O1O1M3O2L4N1O101O2N1O2N002M100O2O_OSRNoNmm1Q1URNmNkm1Q1[RNjNfm1V1b0L3L4010O0010O01OO2O100O101O00001OO10000O2O001O0000001O1M2O1N2O1000001000O00000000000000000002M1O3N1N9H2M4M0001O1N1O3M1O3A>N2M200O1O1000O1O0100O1001N2O002M11O01O10O02N001O10O0100O0000O1O100O1O001O10001O0000002N001O10O1O01O10O1O103M0O4L011N011N0000O2N2N1O101N2N2O1O2N1O1O002M1O101O1O1O2N1N2O1N3N002N01O001O0O1O2O00N2O2J7MX_kj0
20151117212434Ch_2,\ajT36ho14N1O1O001O110O31L0O0O2O\^[j0
20151117212434Ch_3,dlda2m0Ro12L4N2K4O2O1O1O3M0000000001MiQNfN>1F3Xl1V1aSNiN?0F3[l1O]SN_15`NO8`l1E_SNb12aNN9Qm1Q1PSNeNO<Qm1o0oRNfNN=Ym1l13O7E404I3O6K1N6J2O;C3O7I1N3M2O1O1O1O003K3O3IUQe[1
20151117212434Ch_4,klTX35jo1104oPN7dm1IZRN:em1S1N00O003M1O3YOf0LkRSg0
20151117212434Ch_5,nW[h22lo14N0O1O1O1O10O01O001OO11M30O00010O000000N21ON3O0O110OO101N100O11N011M111N011M03OO0200N20O0001O1OO100N30OO010N21ON111N0100N12H520N111M120N020OO2O0N21OM31OO2O1O1O0O101O00O2O00O101N11OO20N020N02OO1100N10N201N011N011O000N200K500N200O2O00010O00010O0O101L210L310LL70N22OFQOaQNQ1`n18OO11O00001O0O3M2N2N3E;M2F:00L22NN120L320L1200O20ON201N200M3O1N2O2M3N1O2N2M202J4O2G8O10O100O1O10O1N10001OO0100N300M3O10O1O1O1N0110O1O1O1O1N202L2O3K302J402K4NdoZj0
20151117212434Ch_6,X\iS1>`o13M3N1N010M13OO11N10000N3O0O2O3M1OYdRk2
20151117212434Ch_7,i^QQ15io13J:J1L6M2M3L3L300010O1O101O0000000O2O0O10O10OOO3OOO12N100L311MM6ONJ81MN40MO40NO31OM400N200N202L202L201M3Olbbk2
20151117212434Ch_8,^`Ug16jo11M3O1O1O1O1O0001000O01000O010000O1O01000O02N00001O1O00001O001OO100000000O100000000000000000000000000000O1O100O1O1N3N1O1O1O010000O1O10O1O1000001O1O0O1O100O1O100O1O000O2O1N11OO200N11OK51OXOmNcRNQ1`m1QO_RNo0am1SO[RNl0hm1TOXRNk0im1UOURNl0lm1TOTRNk0mm1VOmQNn0Sn1?001OO011M0200N20LN60NK8OON21M210NN50J320OM401L4M4ZOf0M`bjP2
20151117212434Ch_9,icaV29fo11M5M1N2O1OO11O1O00010N20OO200O1O2O0000001O1O00000000000000000001O1O001N2N10000000OO11000O0010O01O10001O1O000000O1O10O1O01O1000000000000O100O10O00010001O000002N002M2O1O1O2N1O3M1O2M1O3M_\dc1
20151204133714Th_1,ZohX34ko12O5L0O3NO110O02N010O02ON13M0O3N0NRPSf0
20151204133714Th_2,VVaS29go15K2N001000O0000002N0000000O1O10000000000000000000O100O101O1O0000O1O10000O1O101O1O00000O101N2O00001O001N100O1OO2O1O0101Nfidh1
20151207173614Mh_1,Ti`Y12no11M3O000O1O01O10O1O100O0001000OO1100000N11O01O10O1OO200000O1O100000O00010000000O1O100O_Wgc2
20151207173614Mh_2,ai\R25ho14L8K1O3M012M101OO02N11OO1O1O11OO001002M1O;GN04L1O3K4MeUkk1
20151207173614Mh_3,flPT2:eo12L8J2M9H2O8H1O<D1<HLO8LNO8JOO54G04NN01N1020M13OON3OO05K0O4NOO3M102N0O3N0O2O00000O1O011OO02O0O100O3K\Pih1
20151207173614Mh_4,YViT12mo12O2N002N1O1O00000000001O01O10O000001O1O0001O1O01O001OO100O10000000000000000000000000O1O10000000000O0001000000O100O0100O10O1O01O100O1OO200O1O01O01O0000100N100N3O1M3O000100M3O2J6M^jbe2
20151207173614Mh_5,lWih03lo12N3M1O100O1O10000N20O1O10N200N20OO1100N11OO11OO2O00001O10N020O00001O1N20OO11000O00001N010L310O2O1N101O1O010O1O1O00K6O0I7M5L4NkiVS3
20151207173614Mh_6,nXed07ho11O2M2N20OO110N2O1O01OO2O1OO11OO11OO1OO21OO020N02N0100O100O200N020N020N0200N200O1O1O1O10000N200O1O10000N200O1O]hjW3
20151214171854Bh_1,`^\Y25jo12N2N1N3N10O01OO100O2O0010O10000000000000000000O1000000O2O001O000000001M3OhaWd1
20151214171854Bh_2,k^dj03lo13M4L2O1O1O01O1O01O1O001N2N1O2L4N1O2O1O1O1N3OO02N0001000O00000001O01O1O000O100000000000000000000001O001O00001O1O00001O1O0000001O000000000000001O00000000100O01O01O10O208F110N001O01O00010O000000001O1O11OO10O10O001O1O01O01N2O2N00001O1O0000001O1O000000002N01000O1O1O2N00100001OO01O1O1O10O1O1O1O00002N001O10O0100O002N001O001O00O101O1O010O001O0100O01O01O10000O001000O020N020OO11N2ePNAQo1k0MO1O011OO03M102N0O2N2N1O1O1O1O1O1O001O10O0100O001O1O001O1N101OS^cg2
20151214171854Bh_3,n_hk23ko13M200L400N011O01OO20OO101N011L40O0010001O000000000O1O100000000O1O100000000O1O101O1M201N2Ng`[Q1
20151214171854Bh_4,gfhZ17ho12N2N100000000000001O001O0001O1O01O1O01000O001000O02OO1O1O11N02OO1O01O11N02N002N003M1O2MeX]b2
20151214171854Bh_5,Wib[13lo12O1N100O2O1O00002N00001O10O1O001000O00110N101OO01O010O100O1000002M011N111M114LO10O020OO10N12OOO2OO11N102NO020N020N1O5K111M13NO06KO13MOO3ON11O1O00002N0O20OO1O1O2N1OTTW_2
20151214171854Bh_6,cPmf13lo12M3O0N201M200N110N11OO20O1O00001OO110O00010O1O000O2O1J420N1000000010OO110N020N100N3O0N2100O000K50OK61NO20L41OO1O1ZOYObQN3;c0Sn1EjQN<Sn1KgQN5[n1LdQN4\n1e03O1O1O1O1O2M3O0M4N2M201M3N1O1O2N2O0N200N200M3O2N2NURcS2
20151214171854Bh_7,WQYW27ho13L4N0M3N2M5N01O1O2O001N1O2N2N1O1N3N1N4Lan\g1
20151214171854Bh_8,ZVQj24ko12L201M30OO101OO11O1O1OO20O00001O1O0010O01O01OO11OO20O1O01OO20N11OO11O1N11OO11OO20N020N02O1O000010N0200N200L4NVk^R1
20151214171854Bh_9,PWY]12mo13K5M1O101M3O1M3O1N2N01N100I8OO02OO11OO11OO20OO1100O000O20N0200N20N0200N20N1100O01O100000O1O10000000001N2N2OoiX_2
20151214171854Bh_10,`XYk16io11N2O1O1O000010O1OO20O1O00001O1O10OO20001N1O1OmgVS2
20151214171854Bh_11,mZiZ27ho12O1O1O1O001O10O1O001O1O001O10O1O000001000O0000001O1O00001O1O000002N0000002N000000000000000000000000O1O10000000O01O0100000N20O1000O1O01000N2000000O100O10000000000001O000O1O01000O1O1000O1O100O1O1N200O1O100O1O10000000O2N101O000000000O100O01O01O1O00001O1000O1O10000N110O010O1000O1O100O1O1O1O1O1O2O1O0O2N2O1O001N0101O0001O0001N2GLcPN6[o19O00001O1O0000010000O1O1O1O2N011O0O1O010000O10O11N0001000O001O0100O1O1O2OO02N002M10ndZX1
20151214171854Bh_12,i^ai06io13A?M1O0002M2N3ATblU3
20151214171854Bh_13,daeY14jo12O2N2O0O001O001O1O1O00001O000N3O1L211L31OO20OO1100N100O2O0O1O2N11ON3O001O00O1O2O0J61OO11O1O1OO1100N2O1O01OO20TOj020NO3O101N4L103L2N3N002DlPNGUo17oPNFTo16=Mg`ja2
20151214171854Bh_14,oaem14ko13L3[PNJ^o1=M3N2N2O00001000O1O1O1000O01O2N1O001O1O001O1O00000O1O10000000O10000O2O1O000O1O1O1N2O1O1O100002N00001O001N1O101O1O00000000000000001O1O0000O1O10000O1O10000O0010O01O1000N20N200OO11N020N010001OO101M201N1010000N11O10O1O100N0200N2O1O100O1O1O100O100N200O1O1O1O1O0000100O00001OO11O0O101O00O2O00001N2000O000100N11O100O1O01O10O1O10O00010000N200O1O2N2N100Oe_Zg1
20151227133734Ch_1,Y`lg13lo12O1N2N2O0O1O1fNJiRN7Um1LiRN5Um10fRN1Zm11dRNO\m13_RN0bm10[RN2fm1NVRN3lm1NSRN1nm12lQNOWn11hQNOYn1j010LM71MO40L2O3K32N0L600N2O3fNmQN8To1O^aoU2
20151227133734Ch_2,Pa`g12mo12N2^PN:hn1FWQN<hn1DRQNd0mn17]RNSOTl1`2L0O2N2N3L2JPN`SN@3b0Yl1OeSN\O4f0Vl1ZO_SN1c19mj1CcSN3`1:^k1EkTN6Sk1HPUN7Pk1DYUN7Ym1OV\WW2
20151227133734Ch_3,\f`R33mo102N10O3N0O4M0O5LO02N0000002OO1O01O1O000O1001N4I5N3N10O10O001OSY_k0
20151227133734Ch_4,ngPV32no1001O000000001O00102NO03M1O1O0000K]PNMco1170PXgh0
20151227133734Ch_5,WiXV34ko12@OoPN3KOgn1O^QN3H1hn11YQN>en1`0O3L1O3N01O1O1O1O8F6K6B:O4G5OeV_h0
20151227133734Ch_6,mhPX23lo1103N1O0O1O1O011OO02N02OO1O01000O02N01O1O011N01O000000000O1O10O2N100O1O2O0N2001O001O000001O1O002N0000000001O1O00001O1O00001O1O0000001O1O0000002N0001O1O00011OO00010000O2N1O2N013M0O5K2N>B111M1O5LO13L01WOeQNMZn11iQNMWn13iQNNWn11hQN1Xn1m0N031M01OO11OO02N001O1N2N2O001O1O002N003M1011M11<C001N1000O1O1O1M3O2L2O4J4N3M102N002N002N011OO02N011O1N100O01O020N03OOO20N03OOO2N011OO11O0011^QNC\m1=aRNEam1<ZRNGem1:YRNGgm1=RRNEPn1;nQNFSn1S101mQNbNbm1_1[RNcNem1]1[RNcNim1\1TRNcNom1\1oQNeNYn1]10O4M1O4L1N5K2N7I1O7F4OYRc[1
20151227133734Ch_7,mjTV23ko13M5M1102LQU_i1
20151227133734Ch_8,bk\e14ko11O2O1N100O1000O1000000000100O000011OO0000000001O001O000001O10O1O02OO1O00020N02N010000O1O02N001O1O01O1O000001O1O00O100O200O01O0000N2000N20O1001O00000O1O10000002N000002OO001O000000000N3O001O000O1O2OO100000000O100000N201N100OHgPNKYo15hPNIYo16901N2N101NTTSS2
20151227133734Ch_9,Xmle13mo1103L011N1O1O11OO011OO02OO1O0001000O00001000O0001000O00000000001O1O001O1N2N2N2O1OCgPN3[o1HkPN4ao1NRR[W2
20151227133734Ch_10,nn\c24ko12\PNNWo1a0L2NO11M12O1K5O[Qo[1
20151227133734Ch_11,gQah09fo11M2010O01OO2000O1O100001O1O001O1O001O1O000001O1O002N002N010O10O001O1O2M3MUnRU3
20151227133734Ch_12,mQUk04ko12M200N2O0L410O0010O1000001O1O1O001O000000000000000000000002OO0100O00003M1N3N2M3N0O3N002OO1^OnPN6Qo1HPQN8Ro1DRQN:on1CSQN=Zo1N3M3M0000001N2NcmVQ3
20151227133734Ch_13,\UUd05ao1NfPN3Yo1LiPN3Vo1OiPN1Vo11iPNOWo11hPNOYo1;10OO1N3O0000100N11O1N1K501O1O1O1O1O12N4L0001O1O00000001O001O000O1O3N001O1O1O10O1O011OO100O3M1Onj^X3
20151227133734Ch_14,bYmQ23lo12N3N002N0000011OO11OO11N005J2O4L2N4L050L030M07KNO4NN23MOO31MO40L030N03NN11N1O1N3M1O2O2L3NedVk1
20151227133734Ch_15,ebUc23lo13M3M3N4L102N011M020O01O00O10O1O000001000O00000000O2N1O001O1O100O1O01O1O10O001001O2O001OO11N001O10O000000O3N001O1O000O1O01O1O1O100O100O10000O1O01O10000N200O1O100O1O0100O1000OO110O1O100000O1O1000O100O101N2N1O1O1I6010O2O1M200O2N2O0000001O001O0O1O100N20O1O00001O100O10O1O01N1M41N01O000N21OO11O1O100O10000OO200N101O10000O100O01O100N200N200N200N2000000000O10O0010N11O100O1O100O1O01O10O1O1000000O1O01000000000000O100O00010O1O10000O1N1000O110N20N200K5N1001N3L4N101O11N0O10O00100O1O100O1O10000O1O100000O01O01O1O01OO2000O0001O1O01O10000N2000O1O10OO1100N2O1N2Og_bk0
20160116133734Ch_1,lZXh12lo13N1O2N100O101O1N1O2O0O2kPNMZn15dQNM[n1n0M100O100000M3O0K5O1M4N00110O1O10O10O1O0100000000100O01O0002N001O0O2N10000000001O1O1O001O0000000000000001O1O0000O10O00100000000001O1O1O1N101N2O000000000000000000011O0O2N2O1N1002N0O010O7J003M01OO10O001O00000000000001O1O001O1O3kPNYOkn1o0000O00000100O01O0001O00000000O10000O100O1O100O100001O1O007I1O0001O1O01O001O011N011N013M0O1O0000O1L3O101O1O100O10O010O1000N201N1O2O000000000000O1O1000001000O20N11OO000O1O2WQNlNdn1Y1O1O0001O10O001000O000000000O1O1000000001O0010O1O0001O1O002N020N002N1O3M002N002N1O3M001OO0N3O001O2O001O000O100O10O100O100N200N20000O10O002O001O0O3M2O0000O1000O0010001O0O3N002OO02N00001N2O0000000000100O0001000O02OO11M4L:]O_NTRNc1im1d0G1O2N1O3N0101N3M0O2N10OO2O10OO2O10O0010O1O001000O03M1O1O1O1N1O2O003M1O0O2O1O001O1O00010O1O1O10000O1O0100O002O001N101N1N2O1O3N002M001O00O101L3O2I601L4N2O1O1M3O3M1O0000001O10O1O00002N001O10O0011N01O10O1O1O100O100O3L102N1O1O000001O01O1O01O10O10O1O0100002N1N10O10O1O02N01O1O01O1O0O1O10002N1O3M01O1O0O2N2M201L4N4L2N101N2N102M1O3N1N1O2O0001N2O0O1O1O1000001O1N1O1000001O1O1O3M1O3M001O11N0000000O2N2O001O1O1O1O00001000OO1O3I5O10000000O10000000100O001O1O01O000000O100001000O0000100O0O100000000000000001O10001O00O10000001N1O00002N011OO02N1O2N0000001O001000O01O101O01OO11OO20N011N001N101O0O100O1000001O3M1N2O1O1O0001O2N2O0001N<D100O0O10O0N3O0O2O1GTQN\Onn1b0VQNZOkn1d0:0OO11O100O000O20000000000001O0000O1000000O1O100000FnPNFRo19PQNERo19<O000000000000O00100002OO04L4Kg_gl0
20160116133734Ch_2,^^\Z14ko11J:G6M6L1O1O0010O10O10O1O02N0000011OO00000M3O1N2O1O1O2N11000O2O00O2N012N0O2N020N021M113\QNXOfm1i0XRNZOmm1[10N3N003L1O2N1O2N1N3N1N2O1N2N2O1O1O1O002N002N1O7I003M1Nk_o`2
20160116133734Ch_3,deV[24io15M2M4N1M4M1O:G1O4K3O3L2O5K0`0BN09MKO20N05OL130UQNROK6Sn1h0nQNXOK2Zn1d1HO39E106H202L01aMfRNZ2_m10;WNTRNi0mm1QOVRNo0nn1DMN8KN04M0N11OO010000002M1O3N0N6JfU]a1
20160116133734Ch_4,fgj\35ko11O1O1O001O101OO11N101O00O0001O0100O01000O1O1O0010O10O0001O1O000000000O1O010N20O10001O1O1O1O1O1O1N2NiWo?
20160116133734Ch_5,bhPT13mo11N3M1000001O1O01O1O0001O1O00000000000000000000001M3O00000000000000001O1O1O1N1ON3O1L31OO200000O100O100000O100O10000000OO110L5N1MjWmg2
20160116133734Ch_6,`ifn01lo15M2O0O1OO11N2O01O00001000000001O00001N1O100N200O100O1000N202L202M1O3N001O1NkVkn2
20160116133734Ch_7,ohTh15jo1200O001O1O01O02N00001O1O001O1O2N020N011OO11OO21N010O0O3NO13L102NO08H14NNO2O0O10O02N103M0O3M1O8H1O2M3L_UcT2
20160116133734Ch_8,dmPd06io11I7N2N2O1OO200N20N0200O00N21OO020N011M111K23OO011O00001O1N2O0O110MM50OL50N120OO110N202N2M;DjSQY3
20160116133734Ch_9,P[Y]1:fo10L400N200O1O01O1OO1100N11O000L41OE;O1J7O1N011NJ7O0M5OOM400N20010O1M3O1N2O01O1OO20O1O1O10O1O101K5O4Hjf`_2
20160226151654Bh_1,mbXe27go12M30000O1O1000000N200iNO]RN3bm10\RN0dm12YRNOgm11XRN0hm12VRNNjm13TRNNmm1R11O00001N2N2O001O0001O1O000000000000000000001N2N1O1O3N0N201O1O1O3M000000O100O101O1N10000000000000002N00001O1O002M102N1O3M002N002N0O2O1N2O001O0100O001O002N100O1O2OO11N020N02N01000O0101O1O000000O002OO001O1O1O020N001O1O1O1O2N1O10000O113L02NO12N0011URN\NTm1f1iRN\NXm1X2M020N01SNaRNY1^m1dNgRNY1Sn1M101O0O1O1O5K2N1O003L4M8G2O8[OhPN1fo1L\Z_P1
20160226151654Bh_2,jcPU2:eo12N7H3O6I3N3M19JM08JOO6LM0200O02NO3N001N003M1O3L2NkZ[i1
20160226151654Bh_3,jgdm28ho11M3O0O2O1O000010O01O002N001O1N2O1O1O1O010O1O03^OnPN0So1NnPN2co1M1NcWcP1
20160226151654Bh_4,Pk\o25ko11O0000001O1O0000000O100O01O1000O1O1O1O1O0N21000O1O1000O2O1N100000000000000000N200N20000O1O10OO110O1O101O1O1gPNZOVo1j0M4M2O1N1O1O001O001O002N01O101OO0200N2N003M103L003M1N2O1O2M1O6J2N3M2NbToj0
20160226151654Bh_5,RXeh26jo10O3M10001H8N10000001O1O001O1O2N002OO1O01O1O01O1O000O1O10000000000000000001M3O0O1O3N1OkgbT1
20160226151654Bh_6,jZiY18go11M4O0N101N100O11O01O1OO110N110000OO200000N20000O1N100OM5O1O1O001O001O100O1O2NRffc2
20160311020654Uh_1,R\Td14ko12N2O002N0O3N1I7O0000000O01O10000O100O0100N2O1N20O1O10O1O10O1O10O1O100N200N200N200O1O102N001N2N1000O100O10O01O1M201M3O2O0O1O10O10000O2N2N100O2000O3OOO01O0NHRQNBnn1=TQNBkn1;?O2N100N200000O100000001N2O001N2O000O100000000001000O001O11N0000001M3O0O1O100O1O10000000000O1O1O1O0100O1000O10O0010001M5M1N3M2O2N1O01O1O0O10000N200N200O1001O000000000O101N2N1O100001O10O1O0O2N2O0N201M200000O100000010O10O001O3M002N002N1M9I002M2N2O1O1O1O1O1O1O002N0O3M101O001O0N11O1000O001N1O2N200000O100O1O2J6N105J2O001N2M2O1000001000O2N2N1O1O1O1O000O101O1O00001N1O101O00010O1O01O1O002M1O3N002N1O1O000001O1O0010O10O00000001O1O1O2TOjQNJWn14kQNKWn12kQNNTn12mQNMUn10lQN1Un1LlQN4Tn1LlQN4Un1KlQN4Un1KlQN4Tn1KmQN5Tn1JnQN4Sn1JRRN2nm1NXRNLhm13[RNKgm12[RNMem13ZRNOfm10YRN2gm1MXRN4hm1LWRN6im1IWRN8hn10001O00001O1N10Zcgg1
20160311020654Uh_2,i]TX27go13J9K3I;H3M6K2N6K01_NiQN7Jg0fn1WO\QNi0nn1O1O1O0O1N3N2M4N1O1O02N002N011N011N0010001O1O3L03N000O1O11O0O5K1O1O000010000O2N101OO0001O1O1O1O1O2O03NOO31M022L020ON110N3OO002NO02OO20OO20N11OO1>CO015I101M2O1O0OYO]QN3cn1M^QN2an1MjQNFZn1:f0N201O1O00001O000O1O101Nc_Sa1
20160311020654Uh_3,eaXT33lo13L5L2M6K1N4N00000O100O1000O1O101O1O000000000010O1O1O1N101O2O001N1O0000O100N200N200N201M3N1O100N2000O1O10001O00000N3O002OO11N1O1O011OO00002N0000001O1O000000001O1O0001O1O002N0010001N004L002N011OO000000001O1O001O1O1O10O02OO1000O11OO11OO02N1O10O11N02N011OO03OO001O110NO2O0O2N10O01001N1O2N11OO03OOO1O1000O01O0000000O1O4I9K1M3M^\ca0
20160311020654Uh_4,Yb\_12mo12O2N002N110N1O1O1O01000O100O100O02N002OO11N00001000O000001O10O1O01O10O1O01O10O1O00001O10O1O0000011OO0000020N0000002N01O10O1O002N002N011OO0010000O1O0010O10O01000O010O10O002OO10O10O1O02N0001000O0001010`PNEXo1b00000O2O00O001O1O01O1O00011N010O1O01O1O010EkPNJUo14nPNJRo16PQNHPo18QQNFQo19;01O0000000000000000001O001O0O1001O00000000001O001O0000O1000000O02O1O000001O002N00d[SV2
20160311020654Uh_5,Vdlh02mo12L4O0L310O0010N11O000000000000O11OO20O00010O1OO20000O1O100000000100O01O00001O3L]\aT3
20160311020654Uh_6,_dPd24lo12O2M1O4M002M102N012L111OO02N03ONO3ON120NO4L1O9F[Z]Z1
20160311020654Uh_7,PkVo23ko1101O00001O1OO11O1O0N210M3O1BJPQN6Ro1<M002K500001OOO3OO020N020NI9OOO3O1I7O01O01O100000000000002N002N001O1O0000O1O2O1O000000001O1N1O10O1O101O10O1O02N00010O10O000000001000O0001000O00011OO11OO011OO11OO01000O1O11N011N011N020N2O2N001OO11O01OO16KO02OO001O01OO0VUoh0
20160311020654Uh_8,dXen08ho10N3O1OO10O010OO200000000O1O1000000000000000000O2N3L_gdo2
20160311020654Uh_9,P\mi04lo11N2N10000N200O010O010N200000O0010O100000000O1O100N200N2O1N2O1N200N3N2L300O1O10001N2N1N3N2N100N200N]OfQNDZn1;hQNCWn1>nQNZOUn1g0lQNVOUn1j0a00N2O1N10O0L6OL3110N200N3O3M1O1N1O2OO10000001O1O0O2O1N3N1N^ejP3
20160311020654Uh_10,b\]V31mo13N10O0010L201O10110O1O8I0000O10O12OOO21SQNCQn1>mQNCUn1;jQNFVn1;iQNEWn1<fQNF[n1:dQNF\n1=_QNEbn1;]QNEdn1i08J4J3N5J3Nlb^g0
20160311020654Uh_11,fbml16jo11M3O00000N201O1O0O100O2O1M200O1O100O1O1O1N2O100O1O10000002N002N002N00001000O00000000000000001O1O002N1O1O002N01O1O00000000O1O100000001O1O0000000000000001O1O1O1O100O010O1O1O1O1O1N3M101O001N1O10000000000000000000000000000000001O1O00000000000O00010000000000000000001O0000O101O001O1O3M001N2N1001O00O01O101O0N201N1O5J3N2O0O10001O1Nm\jh1
20160312020554Uh_1,Y[PQ21no13N001N2N2O9G002N0000000014K2N1N101N2Nadgm1
20160312020554Uh_2,__Te29fo11K6N2K4O1O01O101O1OO1O2O0O1O1O2N2O4K3M6K1O3M002N100O100O01[OeQNEZn19hQNFYn18jQNHUn17mQNHSn17oQNHQn17PRNHPn18RRNHmm18SRNGnm19RRNFnm1:SRNEom1:QRNFnm1:RRNGom18PRNHPn18PRNIRn16lQNKTn15kQNKUn18hQNJVn17iQNIYn1n0001O101O0O1O104L0O6LOO2N1O1O1N2N101O10O1O0O1000001O0100O103OON20N1000O01O1O00O1O10NM5O10000000?A1Oj^gT1
20160312020554Uh_3,daVi12jo16L2O1001O0000001O1O0001O10O11N001O10O1O01O11N01000001N101N002N0010001N04M001N001O1O10O1O000000011OO11OO000020N020N020N01O10O1O02N0020N0000011OO00002N01O1O020N0001000O1000O00011OO00000000000011OO00001O1O00000001O1O0000001O1O00002N001O1O001O1Ob\Uo1
20160312020554Uh_4,amdX31mo14M2O1N1O1iNIcRN9\m1IbRN8Zm1MVRNJB?[n1GQRN`0lm1DPRN<Sn1ElQN;Sn1HiQN9Xn1IfQN7Yn1f03ONN4O0M4O1000VOjNkRNU1Wm1mNfRNT1Vm1QObRNS1`m1oN]RNR1am15cRNcN\m1\1fRNdNWm1[1mRNcNUm1\1lRNcNSm1]1oRNbNQm1^1`053JhQNeNXn1U1<00@a0O1N3O1M201N2N3N000O0001000O1O1000000000000000001O1O0000000O2O1O002NPVmb0
20160312020554Uh_5,lSkb02lo13O1O2N1O1O0O2O1N101N2O1N2O00100O01O01O11N002N002N001O001O000O1O10001O1O001O1O003Ljk`Z3
20160312020554Uh_6,][mR15jo11O1O100O100O100000000O1O10000000000O1O100000001O1O0001O1O02N0000001N101O0001O00004L002N0000001O1O00011OO01O100O1O2L\d\i2
20160312020554Uh_7,`baU25jo12N102M?A1000000000000000000O2N2O0N4N001O001O100000000O1O001O1N1O1000000O100008H1O8F2000000000001O1O001O00O100O1O1O1O1O1O1N2O1M3O1K4010O010N200O1O3N1O;E1O1O0000002N002N000000N200N200N200000000001O1O00000000000001O1O001O2N1O001O0002M3N4L0OQ]nb1
20160327133714Th_1,bmXi09go12N1O020OO2N101OO11OO11OO1000O02OO11OO1O011OO11OO11N2MeQoT3
20160327133714Th_2,ZYcf13ko13N1O100O1O01O01O01OO200N02OO110N020O1O1N020O001N110N020O0001O00010O0O2O0010N110N11O10O1OO11O00001O1OO20N2O0N201N1001O100O100N20OO20O01O01O1O000O200L211M111M300N020N020N1100O100N20OO110O1OO2N2L31O10000N20O100O00001O1OO11M120OO20000O1O101M201O1O2M1O1000VOBRRN=nm1FoQN:Qn1IcQNa0]n1A]QNc0dn1<002N1O1N2O0O2O00O01O01OO11M21OO3M2N3O0N20000000O100O102N0O3M100N3O1M200N200N201N101N010O001O1O1N2O1O100000O1O01O10OO101M21OO200N11OO201L4Nkjjl1
20160327133714Th_3,`Va\23lo12N1O2N101N100O1000001O1O020N020N020N02N0002N02N001O1O0001000O02N002N02N01O10O1O01O1O1O1O200N1URN_OVl1e0cSN^O]l1a0bSN_O_l1d0[SN_Ofl1a0XSN@il1c0lRNAWm1a0gRN^OZm1o0VRNSOkm1n0SRNROnm1^13N2K4O2K5O7mN^QN7gn1E\QN9Vg`_1
20160327133714Th_4,^[aX24ko12N2O0O1O10O1OO2000O1O0100O01OO20000O1OO20N20O1O1000O1O1000N11O1000N20N200O1O1N110L31000O01O1000000O2N100000O1O100N20O1O01OO11M21OO200N020N200O0010O011O0O2N2O2L202N000N20O1O10N20OO200N3Mneba1
20160327133714Th_5,P\UV14ko11O100N200N2O1N2O10000O1O10000O1O10000O2N1O2N1N2000O01O2O0000000000000001O1O1O2N1O2N000000000000001O01O1O1N3N001O00000000000003M1O2N001O1N1O100O1O100000000001O1O00000O100001O00000O1OO20OO11000000O100O1000O100O1000001O000000O1000000O01O0O2O01O1N201N1O100O1O10000000000M3O1O1O100000`dPa2
20160327133714Th_6,R^eQ14ko11O10000O1O100N20O0010O1000O100O100000O0010O100000N2000O1OO2000000O1O1N20ON201O100O100000O1O0100O11N1O010O1O1O1N3N2Hmbdj2
20160327133714Th_7,jcgS22lo12000001O1O00000000O1O01O1O1N200O0000100N20O10000001O00O001O001O0010O001N101O1O100O1O1000O01O001O1O1O0100O01OO2O1L4O0N201O1O1O2NX]Vh1
20160327133734Ch_1,ZmXi0;eo11O4L12N0O3M101O001O001OO1000O11OO10000O1O02OO12M11O0OiQoT3
20160327133734Ch_2,\YUf15ko11N1O0O20O01O10000N0200000N11OO200N020N020N011OO20N11OO110N110N0200O00001OO11O1O000100N020O00001O10N11O01OO200N011M200N300N0200O1O10000N20O0001000N020N011M21OM300N300N020N200N011O01O10O1OO20N11OO101M2010N200O1OGYO\QNf0cn1\O[QNe0en1\OYQNd0hn1]OWQNb0jn1:000N11L300O2000N11O01OO200OO110000J5000100000O1O1000002L202N2N2N0O0001O000O101M202N3M2N10O100O1000000000002L202L200N200O1O1O1O0100O100O0010O100N200L31OO20001O4K2N1O000O20OO11OO11OO101O000N21OM400N200O102Moj`l1
20160327133734Ch_3,iVi[27ho11N200N110N11OO110N200N20O1O100O1001O01O10O1O011O02N00000O00001O10O10O1O001O10O1O002N10000O1O01O1O01O003M013M0O4L110lQN_Oel1b0YSN_Ogl1g0oRN\ORm1e0lRN\OUm1n0^RNSOdm1m0ZRNSOgm1a12O2L3O2L301POgQN4]n1JeQN4^o1C4Ndgb_1
20160327133734Ch_4,b[YX26io11O1O1O100O00010000N11O100N11O10000O000100N0200000O01O0100O10O0010N20000O0N210L40OO110000000O10O100O10O1000000000O1O10N11OO20OO110N011O1O1OO11M300OO20O01O2O1O5J2N3N0000000O1O01O01O100N2Oieja1
20160327133734Ch_5,l[WU12mo12N2O1000O10O1O0O1000000N200N200N200L4O1O01O10000000000000O2N101M200N200N200000000O100O101O000002M102N001O1O1000O0001O1O000002N002N1O1O00000N200000000002N007I1N1O100O1O100000000000000002N000O1000000001M20O00010O1O01O10000000000000000000000001N1O1000O10N1000100O1O10N2O1N3N2N1O2O0O0100000O1N200O2N2O00000000001MadPa2
20160327133734Ch_6,o]kQ13jo1300O1O10O01O00100O100001N10O10O100000O1O01O0100O01O10000000H800O11N1O100O100000000000001N2O0O1O3M2Nbbnj2
20160327133734Ch_7,ncQS24ko11F:O1000O1O201N102M1O0O100O01O1O1O1O00001O10O0010O1O1O100000000000N2O1O1O0001N2N2O000100000O10000O100N101M2100N11OO200L40OM310O1O10O01O010O1O01O10O1O10001N101N102MW]hg1
20160405014154Uh_1,Q]^S13lo12N2N1O1O00001O1O1O00001O101N2N100O1N4N02N1O0000O1O1O2N2M4N0O^OPQN6on1JSQN5mn1KRQN6nn1JRQN6nn1?O2N1N2N2O0O11O1O1O0N3O1M2O1O2O1O000N2001O1O0000000000000000N201O1O00002M2O1N1001O1O001O1O00000000001O1M201M3N100001NQQNYOgn1g0WQN\Ohn1Q1YQNnN[n1[110O00O2OO1000O1O1000001N002O001N2N5L1M2O2M2O1N110O100O2O000002M101N2N2N2N10001O1O2N004MO2N1010O000O000001F:N1O102N003K3O3M1O001O1O001O10000000O100O11OO10000O1O02OO1O0001O1O00002N01000002NO20O02OePNJhn17VQNKkn1e00003L11N102NO00001M3N1M5N001O1O2bQNiNom1Y1nQNiNSn11VRNj0km1TOVRNl0an1M1O1O1O;E2O6K0O2OO1000NW`[^2
20160405014154Uh_2,bd\k16jo11O5K2N2O0O:G04M0O22K1O4L3M2O010_QNPOom1P1oQNROSn1]100<D004L0O4NOO8JO05MM13MO13OM120N01=A22ON021L06]OmPNMTo1EmPN840co1LSXiQ2
20160405014154Uh_3,PmfP11ko17M0N4N0000000002N001O0010O001O0000000000000000000000000000000000O100O11O0010O001O0000000O2O1N10O101O01O0O2OmRkk2
20160405014154Uh_4,boP[34ko12N3M1O101N1O2O2M2N1O2M3N1N2O1O000N2100SOSQNf0Uo1O3K200O1O00L4O0200O1O10000000O000O200N2B]OZQNh0dn1:1O10001N2N3N00001O1O001O1O0O1O1O1O1N200M3O100O1O1O1O000O2OO02O00100O1O1000OO20dQk?
20160405014154Uh_5,XVmo13mo11O000O2O1N1000O1Nli^o1
20160405014154Uh_6,\XQc13lo13E:N1O100N20000O000100000000O1O102N000O2N2O0O00010N20N11OO200O000O11OO2O00001OO20OO20O1000001O1O01O001O0O1O0100001M201O1O000O100O101O1O001M]h`X2
20160405014154Uh_7,b_ij08go11L4O1O1O2O1O1N3M1K6M2O10000001O1O1O001O00001O0O2O0O10OO110O2N101O001O1M2000FCPQN>Po18001000O1000000N020NDSQNGon19SQNCmn1=<OO02OO11OO2000N20N2000O00010000000O1O2O1O000000000O1O[OL`QN4_n1N_QN3^n11`QN0_n11aQNO^n12`QNNan14]QNM`n17ZQNNdn14[QNMcn1g011OO11O]O\QNDln1;VQNBjn1?;0N4O0N2O0001O1O001O001N2O001O0100N2000000N200O1O100O1O01O0O110O0001000N200N200O1O10002L202M1O2O1O00000O1O3N0000000000000O1O10000O1O10\cRk2
20160505025554Uh_1,T]\k14ko12F810L4O1M21O01OO2L4O1M300O1O10O1O0100O01O100000000001O1O00001O10O0010O1O0001O2N1O00001O1O0001O001O1O2N1O100O01O000O11L3NXcgP2
20160505025554Uh_2,W]fP23lo19H2N1O02O0O1O01000O2OO101O001O0O2O02OOO3L2MWbkm1
20160505025554Uh_3,XaXU11lo14N7J1O5K1O2M2N1000000000O3M2O1N1O100000000N200000001O1O0000001O10O1O020N0000020N000002M1001O00001000O00000000000O1N2O_^of2
20160505025554Uh_4,obP\13ko13L4O0N201N2N1000001O1N100O100N2O1O100000000000000000000000001O00O01O100000O1O1000O100O1O1O1O2N2O000001O1O000000000O1O100000001[OmPN;So1DoPN:So1CSQN8nn1GTQN8`\i_2
20160505025554Uh_5,ndd^2:eo11O2O00O100N200O1O10O1O10O0010O10O00010N20N200OO110000N0200O01O0100O01O0100000000O1O10O1O1000O1O1000000O10O00101O1O001O1O0000100O011N002N03OOO200N01002M000000000000O1O1000001O1O0O2N110O04L2N1O01O10O1O0002N01000O1O101OO04ePNBln1?QQNEPo1g0NO2N1O3K206C8N`ZkY1
20160505025554Uh_6,llbX34ko15L2O1N111M030N0O2N11OO002N020N102NO02OO11N000000000001O1O001O1O00011OO0200N3OOO1O10O1O0000000001O1O00002N0002N00001000O02N0001O1O0000000000000000002N0000002N00001O1N1OiQSb0
20160505025554Uh_7,dohc02mo12N2O0O1O1O101N2N1O10000O2N2O002N000013L2N2N001O0010O00000O1O100O1O100N20001O10O1O00002M2O1N1000O1OO2000O1O10O10000O10O1O10N20N020N11OO20OO101L210N110O011M03ON11O0N40ON201M3O0O101M4OcQ_V3
20160505025554Uh_8,PVag0d0[o12N2N2N4M002N04NOO:F1O01O1O01O10001N10O1O020N02N012N0O2N1O1O1000O02N001M4MlhRV3
20160513133714Th_1,P`hl22lo13N3M2N1O102M1O101N2O0O2N2N1O2O1O011N01O10000O11OO0010O10O2N1O3M003M1O00002N0002N02N01O1O020N2N4MO20OO4NOO3M007H3MP_co0
20160513133714Th_2,T`\o04ko12O2N100O1O001O2N10O10O1O002N020N202L02OO01O1O0O2O10O02OO01O01000000O002OO11N1O1O1O3NO11N002O002M2O3M0O3M02N00100O3L2O2N1O2M2N3N1O1O1O1O0000O1O1000000000000000000001N2N1O2M2O2M20O101N101O001O1O00001O10000O002N002N011OO02OO1O011OO1O1O01000O001O1O001O10O1O02N02OO11N2O000O1O0100O010000O1O02N01O10O1O020N01O1O010O2O0O001O10O10O1O01001N1O001000O01O1N3Ln\ee2
20160513133714Th_3,XbXn28ho10N4N1N4L101O1O0O1O101M2O1M210O100000000001O000O101N101O0000000000001O001O1O1O001O2N1O1O1O10O010O02N01O0002N0O101N3Kb]Qn0
20160513133714Th_4,\bdR35io13O<D003M1O2N020N03M101OO011OO11OO02N02N002N1000O000000000001O2N1O01O001O001O01O1No\gj0
20160513133714Th_5,[c\P15jo12M6K2N3N0O3N002OO11OO2N101O0O2N001O10000O02OO11N01O1O2O000O0011OO0000001O1O001O1O0000001O1O0O1O10l[_l2
20160513133714Th_6,UkdS33lo12M3GJfPN6Xo1;O00O01O100O1O10N101G811M110N20O0001000O1O01O01N010O0100O2O1O010O001N3NlUki0
20160602010754Uh_1,V^\i12mo12N2O000O2N1000000000O100000O1O01O1000O0001000N02000000O1O10001O1O001MSb[T2
20160602010754Uh_2,W_lj06io12N2N2M3O1O0O110O001O010O1N10001O0000000010000O2N1O1O100O01O0000000000001O00001O0000O10O0010000001O10O1O00010O10OO2O0O2N1O1N3N1O1000O1000000000000001O10O10O1O000002N000000001O1O00000000000000O2N101O0O1O10001M3O\`_n2
20160602010754Uh_3,faZY13mo11O00001O1O1O1O1O3L1O3N2N2N1O2N00IiPNEWo18oPNEQo1:;N2O100001N10000O101O014L1NFgPNMYo12hPNOYo1LkPN3bo1Nn][d2
20160602010754Uh_4,`dXk12mo12K5N2M3O001O10O10000O2N0020N1O2N1O2N0000000000O1O01O10N200O1O01O10000000002N00100;D1O1NV[mQ2
20160602010754Uh_5,mdZS13jo16L2N3M2N4M0O5K101O1O0000O2O0O2O000000001O0010O1O000010O1O001N2O0N200N201N2N1M4NR[Sj2
20160602010754Uh_6,[^Qo18go12M4N001O10O1O010010O0O3N001N1000O01O02N00001O1O00001O10O10O1O000000001O001O000000O100O1000000001O1O00000000000O100O10000O3M10Ranl1
20160713133714Th_1,dhPV25ko11M200000000000000O1O10000000000O100000O100O10O1N20O011N1000PNHWTN9hk1NRTN2nk1OQTN1ok12mSNOTl10lSNOVl12hSNMZl12eSNO\l14^SNNcl12[SNOgl16nRNMSm14kRNLXm17VRN6km1o02M2N3L2O8D6M:@9MgXgf1
20160713133714Th_2,PgXW12no11N2N10001O1O00001O1O000000001O000010O1O00000001000O01000O10000N102M2NgX_f2
20160713133714Th_3,lhhY18fo12O5K2O4L104L1kPNXOon1n0O04MO011OO2OO01OO03M1O2N002N002N1O2N1O1O1O2N004K2NnUSd2
20160713133714Th_4,fiXk13mo11O1O1O0000000000001O1O00000000001O1O000000000001O000000O1000000001N101N10000O1O2O0000O11NXVkQ2
20160713133714Th_5,gmho05jo13[O_1RO4I=H1K8K2F<L2K6M2K5N2NhMgSNiN:5Kn0Pl14_TNkNDo0lk1OfUNFWj1:kUNFSj18TVNGhi19YVNGfi16aVNKZi15hVNKVi1NTWN3ih1H\WN9dh1\OhWNc0Xh1ZOjWNf0jk13K123K02OOO3M1N9F3Nlonm2
20160713133714Th_6,RR]h12mo11O2O1N1O010O1O101O000O3M10001O1O0000002N0000002N02N014L0O20OO11OO1O011OO0mRNI_j17ZUNa0Sj1_OmUNb0Tj1^OgUNh0Vj1XOiUNj0Wj1WOeUNm0Zj1ROdUNP1]j1QO_UNT1_j1lN`UNU1`j1kN]UN\1_j1dN`UN7bN;nk1^O]TN10419_k1C\TN32248_k1d0VTNUOc03Uk1j0TTNUOh01Uk1`1QUN_Nmj1`1UUN_Nmj1]1WUNcNgj1]1ZUNbNhj1Y1]UNfNbj1Y1_UNhNfj14lSN@24c15`j14oSN_O25a17aj10]VNOci11^VNNei1N\VN3di1K^VN5ei1G\VN8ei1F\VN:gl1N006FZiXS2
20160713133714Th_7,eTYW35jo11N2O1OO100O101LgkTh0
20160713133714Th_8,UYUW3:do13A>O10O1O1N100L5OOO3OO001O011M020N21OM40OM030N020N21OOO20NM6OOO21OO11N011N0200N100K6OQiRf0
20160713133714Th_9,cWQm13`06cn1L[QN6bn11VQN5fn1MWQN6gn1e0L2Lb0@2N3M1O4M101O0O4L101O01WNeRNl0Ym1oNlRNQ1ln1WOO04L005K2M7I2KTfVQ2
20160713133714Th_10,XZUn18ho11O1O2N2M10001O1O0101O1N002N00001O10O11N002N1N\eZP2
20160713133714Th_11,^\Yo14ko11O100O1O100O1N200O1O1O101000O1O1Nicbo1
20160820233134Lh_1,f^`T27go13M201M3O0O3M104K2N6K1O5K004L00000O1O10ZO^QNLdn12_QNMan12f001J6O2M2O5Jdaei1
20160820233134Lh_2,g^R[24io16L1O1O2N2O1O4L110N2O1O02N1O5K005K0N6Je`ec1
20160820233134Lh_3,ccPk02mo12K6N0O2O0010001O010OO11N111M015K0000O00001N2O000001O1O3M003M1O2N05OM011ON10005K0023K02OO010OO3M102N0O2N011N1O2M2NgZ[Q3
20160820233134Lh_4,gfhm2=bo12I7N2N2O0000O1O101O1N101O10ePN_OUo1g0O2N03OOO3OO01OO02N002N002N1O3NO110N020N02N101O0O1O10000O001O11N001O1O1O10000O0001O1N3M2LVX_n0
20160820233134Lh_5,_g\[16io12N3M102M1O2O1N1O2O1O001O00O10O0000G91L300010000002N000N200O1O1O2N2N2NnX[b2
20160820233134Lh_6,ThhQ34lo11[PNOYo1?N00O1O1O002N002N00000002N0000001O0000O1001O1O01O001O0000000010N2O00001000O001O10O11N0000001O1O001000O000001O1O0000VW_j0
20160820233134Lh_7,kQia34fo17La0B001O17H1O2O000O01O10O00000O101N2O00002N002N002M2N3Mfm\<
20160828133734Ch_1,Sajm13ko14M10000O1O10000O1O2N1O0O2O1O1O1M3O1M3O2M2O10O100O1O1M20001OO1100O01O10O0010O1000O1O10O10N110N200N200N200N200N20O00010000O1O10000000N11000000O11O0000O10O100O100000000000000000000001O000000O1000O1O100000001M201O002L3OQ`[k1
20160828133734Ch_2,cb^S33lo15K2N4M1M3O00000O1O10N2000O1OO2000000000O01O10001O000N2000000000000000000000000100O100O1O1O011O0O1O100O100O102N4K3M02N002N1O1O1O1O001O1O00002N001000O01000O1O3M01000O001000O03M1O4M003M00O1O3M002N00001O001O4L2N1O1O0000001N5L1O100O0000001O1O00010O10O00000000O2M3Ni[[d0
20160828133734Ch_3,ncdk18ho11N6K1O5L0O3M11OO0100O010O2N1O2N011OO020N01O1O11OO000002N0000002N0100001OO1000O00020N02O001N10O10O11OO1O0101O0O2OO20OO20O011NO20N02N011O1N11OO2OO10O1O1O1NSZ_o1
20160828133734Ch_4,Zh\U26jo1000O1O1000000N20OO101N1010O01O01O10O00001O10000O1O1000000000000000N20000000000000000O1O1000000N1100O10000000000000001O1O01O1O01O1O001O1O00000000000001000O000001O0010O1O1O0010O1O000000001O01O1N10100O01O001O001O01O0000000000001O00001O010O01O000001O10000O100O01L3O1N200O1O1000000000000000001O10O1O0011OO000100O00100O1O10O1O001O001O01O1O11O01O0000O1000O02OO1O00000010O010O0000001O1O00000000000000000000000N20000O2N2O000O2N2O000002OO1O00002OO1O01O000000000001N2O1O1O00001O0010O10O0010O101OO02OO1O01O1O01O10000O0001O1O01O0000O102N0001000O02N2O000O1O1O001O11N01000O2N00000001O1O002N1O10O1O00000000010000O11N10000O1O115I11OO00O1O2O1O00001O1O00002N001O1O2N001O1O0O1O2O1OVUkU1
20160828133734Ch_5,akjU24io17L1O001O1O12N00O10O11N011TRN0ek1OZTN2gk1MSTNf0ak1ZO]TNi0ak1XO]TNV1nNaNjk19WUNW1lNcNmk16VUNX1iNeNQl14UUNf1ij1^NiTNDWOo1Ql1]NgTNm1Xk1XNdTNh1\k1YNbTNg1^k1^N]TNb1ek1^NYTNc1hk1X13O8F4M6H5N8D5O8]O;O4G7N:\NPRN6B1Vo1MlPN1VQeg1
20160828133734Ch_6,\lPg02mo11OO11O0O2N110N11O0000001O0O3MSToW3
20160828133734Ch_7,cnha16io11UN>VSNCjl1?TSNBjl1f0mRN\OTm1e0jRN[OXm1l0VRN^Okm1[16H205J2N7J0O;E3M<B4N5HPRQ]2
20160828133734Ch_8,c^aQ25jo11L4O1M21OO11O1N11OO20N11O01O01O01O01O01O10N11O10OO110OO11N11OO11OO2O00000000O10000O11OO20N020N1000000001OO020N020N020N011OO100O100O200N110M3O`cni1
20160828133734Ch_9,`bYd18go12J5O1J7N1N4N1O1O1O3M1O:F11OO001O01N2N10001O1N3N0O3N001O1O000000001O1O0O2N3M2N1N200N200O1O2O1O3J4NY]bX2
20160930165914Mh_1,`b^m04lo12M2N2O1O0010O001O01O10O10O1O0011OO002N1O1O11OO100000000000O02OO11N020N20OO11N011OO03N00O01O11OO10O1O001O10O11N101O0PQN^Oan1U1LO001O1O002N002N001N2N2O1O1O1O2N1O1O1O11N001O1O2N020N1O3NO12N002M102N0O2N1O5K011O0O2N10O1O01O0100O00000000001O1N1O101O2O0O100O11OO010000O10000eQNlNim1i1M0O10O1O001M3N1J6O2L4N1N202M1O1N3O1O001O1O02N02OO10O100000O1O11OO01O1O001O1O011OO02N0011OO12N003M00`0@002M010O02OOO2N101O001N2N10001O1O01O02OO01O1O001O2N1O00001O1O00002N000O2N2O002N0100O01O011OO01000O01003L110N1000O02N02OO01000O1O020N002N020N102NO11O0O2N110N1O3M201M110N011OO01OO3M1O2I7O0M3O3L202L201N2O1N1100O011OO02N01000O01O11N02OO1O00001O1O000001O1O0002N01O1O00002O0O10O02N0001O010O011N00001O1O002N013L102M1O1O01N2O0N2O1O1O1N2000000000001OO1000000000000000000001O1N1O101O1O0000000000000000001M3O0O1OeVcZ2
20160930165914Mh_2,TiPR35jo12L5M1O3M2N2N10000O01O1000000O100O10001O1O000000001O001O01O1O200N1O1O000000O100O10000011OO11OO20N002OO000100O11O0O3ON02N1O4NOO100O01O01O1OVVci0
20160930165914Mh_3,TllT35jo12N1O1O10O002O1O1N3NlS]j0
20160930165914Mh_4,^llU35ko11M200N2O1O10000000000000002N01O01O1O000O101O001O00000000000000O1O10000N3N2M2O5IeSag0
20160930165914Mh_5,hnXa05io14L5M0O2O1O3N1N1O11O0N8H2N4JQQi]3
20160930165914Mh_6,konP31no13N1O2jPNK]n15bQNN\n13bQN0\n11cQNO]n1:YQNHfn19XQNIgn1h000000002N000001O000000O01OOO3OOO3O1O1O1O000O2O1O100N20001]OkPN9bo1K1O5Jlo\l0
20161015144954Bh_1,n^bX22no12N1O1O001O001O0000O100001O00001O2N001O0000001O1O1O0010O010O02N1O3L2N0100O100000000000000O1O101O1O000000001O001O000O1O1000000O1O0100O10O100O1000000001N1O100O00101O00001O00000100O01O00O1000010O1O00000000000000001O0000O2O1O000000001O1O1N2N1000000000000001O1O1000O0010O000O101O0O1000000O100000000000000000000001O1O000001O001N100O101O10O001O0000000000001O1O00000O1O1O1O10OO2000O1001O1O00000010O101N2N5J2O3M1O001O1O1N2OZ`]Z1
20161015144954Bh_2,beTh08ho11N2N2O1O1O1O011N002N002O0O10O20OO3OOO200N1O1O2OO11N0011OO0001000O10000O1O02N001O10O0100O11OO11OO1O10002N011NO22L020O011NO13M015I13MO121M00?A004LO19G0O;E7J4L01OO020OO4[NlRN8Sm1FoRN9Ym1]OoRN>Qm1@QSN`0[n1L1O5K004K2NRVoQ3
20161015144954Bh_3,Zhdm26io12H8O0N2O1O000O2O01O01OO11OO20O10O001000O10O011N101O00000001O02OO01O01000O10O10O1001N101N02OO101OO02OO10O11N002N00100O100O11OO1O101O1O0001O00000000O1O4K3LPW_m0
20161015144954Bh_4,WkX]16]o1NjPN5on1o0A1Gb0F2A?N1L4N1M4O1MUOn0M0K70OO3OOO3OOL6OOO30NF<N011O10O1N100O02N1O11000000O1O100O1O0100O1O1FSQN_Oon1>;000000N2000001M3O000000000000000001O1O00100O01O010001O4L2M4L1000O00001M3O0N2O2N20O1O002OO11N01000O1O110N011O0O3M022L3M3M11N000O101L4N1O1O1M3O10O0N210N201O001O00002N010004L1O3NOO20O010O0O2N006J1O9G1O;F3fQN\NTn1k1MO4m0nN228E09IN000000cNRSNGnl14kRNhN<Q1jl1^ORSNBm0f0Rl1F\TN7fk1D]201M3NRUWX2
20161019133714Th_1,bc`^28go11O2O0N11000O1O01O01O1000O1O01O100N1100O100000O100O01O10000000000O1O100000000001O1O0000000000001O001O00000000001O1O000000000000000O2N101O0001O1O000O1O10001O00O10000001O00000000O2O001O0000000000O10000O2O1O01O0001O1O000O10000000000002N01O0011N00001O10O0100O0000000000000O10O00100000000O1O10001O1O0000000O1O10001N1O2M2N3Nb\_W1
20161019133714Th_2,ZgXg14ko12L6M0M4N2M2kQNEel1;ZSNGdl1:[SNN^l13`SNO^l12aSN2\l1ObSN2_l1MSSNc0kl1]OSSNe0ml1Y1N0O100O1O1N200N2O1N2O1K5O2IVOhSNYNVl1f1nSNXNnk1j1XTNRNgk1n1[TNRNdk1n1]TNTN`k1l1aTNSN_k1l1cTNTN[k1l1gTNSNXk1n1lTNmMUk1S2lTNlMTk1T2RUNdMoj1]2Y101O00001M3N2M300O1O01O10ZO_RNmNam1R1aRNlN`m1n0iRNnNXm1Q1jRNmNVm1R1l010N200N200N11OO200O1O10000O1O1000O1O10000000O100O1001O1O0O100O100000O1O000L5L4F:O1N2O1O1O1N3N`ZWR2
20161019133714Th_3,lfdT29go11M3O1M4N002N1O1N2O1N2O1O1O1O00000000000O1O10000002N0O2N2N1O110O100O1011M011OO02O002M001O1O0001O001N1O1O102M102N002N002N002N0100000000O10001N110N03OO010N110N002O000O0001O1O0000001O1O01O010O01O001000O0010000000001O001O0O5L002ON3M2N3K4LTWoc1
20161019133714Th_4,\kPV3:eo12N4L2O5L120MO22MO13M0O3N003QQNPOhn1V14J0N6WOQQN0QSkh0
20161019133714Th_5,VlTf18go13M5L102N1N2N2O0000O10000002NO20N04NOO4L1NWS_X2
20161019133714Th_6,o_Sk12ko15M1N3N1N2O1O1O0O110O0000100N200N2000001O00000000O1000000O1O100O00010O1OO200OO11O00010O1O1000O1O100O1O100N200N200O00010O1O10OO110N2O1N3NTabP2
20161019133714Th_7,T`UP18go11O3M1O2N1O2O0N200O1O1M200O200N10001O1N0110O000O2O1N2O1O1O1N11ON3OO02O0O100N200O20OO101N2O3JSall2
20161020145454Bh_1,[cfk22ko1=E2N2N1M2100O001O1O1N3O0O100O1000000001000O0000000000O1N2O101O0010O11N000001O1O0N200N200000000O3N00000O100000000O100001O01O001O00002N002Nd\mo0
20161020145454Bh_2,ffTa24ko12L5N1M4M2N4L2N2O01N2O0O1000002N000010000O13L004M0O10O0000000000O1K500O100O11O1O0O3M10001000O000011OO02N002N01O10O1O0020N020N02OO11N01O10000O11O0020M02N01000O1O1O02N020OO20O011M03OOO11OO11N011N1O3NO20OO10000000O0011OO1O2O101NO4N0O2N002N0O>B1MeVWW1
20161020145454Bh_3,kgjZ32mo16K00O101N100001O1O1O2O0O2O002M020O00000000000O020OO10O10000000O2M1OaWob0
20161020145454Bh_4,lhXW38go12Fa0H3Lg0ZO100O1012\NhQNY1nn1C0N:F1O5H5LPVgg0
20161020145454Bh_5,ni\^35ko11O5L012M0010O5K1NcUo`0
20161020145454Bh_6,U\mb13lo110001N10001O0001O0000000001O1O000000000O1O100000000O1O1000000N02000000O0010O1000O1O10N20OO110M111N11O1O00010O00010N11O01O10O1O01OO200N011M21OO11OO020N02OO02OO020NO3OO11OO011N0110N100N21OO1O011O1N20iejV2
20161020145454Bh_7,X]mk26jo1002N0000000000000000000000000000000000001O1O01O1O0000000O1O2O001O0O1O10dbhQ1
20161020145454Bh_8,V^]Z28ho1002N1O1O11OO020N020N02OO1O01000O000001O1O000000O1O10000O1O10O1O01O10O1O10000000000N200O00001O0100O100000O1O100000000O1O100N20haba1
20161104133714Th_1,``PW24ko12I7N1N2O1O010N1100000N11O10O1OM4N2N200000O00010000000O01O0100000O0010001O000000000000000O100O11O00O100000000000000000000O1O102LV`md1
20161104133714Th_2,naPl28go11O100N200N200G711M3O10O1O01O1OO11O00010O00010N11O1O1O1N3O1K402L202M1O3L3Mi^cQ1
20161104133714Th_3,Tajg12lo17K1O3M10000000010N020O100SQNHom17QRNJom17mQNMRn12mQN0Tn10`QN<2ZOX12Tk19_SN?0[OZ1OXk1d1kSNXNM=Xl1\1iSNYNM=[l1j2O010OQM_SN_2\m12CO?COO3M10000O1aNcRN9^m1EcRN;^m1ZOoRNc0Rm1[OPSNd0Qm1YOUSNc0ll1[OWSNc0kl1XO\SNd0Sn1M3M1N6J2O3IbZYU2
20161104133714Th_4,ebPR27ho12M3N2L4O1O1O0000000001O101N002OO02N000001000O01O11N00100O01XQNFhm1;WRNGgm1:WRNJfm17YRNJgm16XRNKgm16XRNJim16WRNIim17WRNJjm16SRNLlm14TRNMlm12SRN2km1NSRN3mm1NQRN5mm1KRRN7mm1JQRN:lm1GRRN:mm1HRRN8mm1JQRN7om1o0N00001N2N102N1O3M0000000000N11OO10L4N2N210000O1N2I_RNnMbm1P2800000000O10000YNYRNNMi0km1XO[RNLLk0im1VOkRNi0Um1WOlRNh0Tm1VOnRNk0Rm1TOnRNm0Rm1QOoRNo0Qn10O2O010OO1000100O11O013K111M03OOO2O0001O011NO2N103M0O7I1O10O010O001O01000O100000020NO3ON12N001O0O20OO02N020OO11OO1O0100O010O02OO02N101O001OO01O1O001O1O002M1OkY_c1
20161104133714Th_5,diXT31mo13M4M1O2N1O001O01OO2O1N10010000O1001O020bPNCVo1d010OO00001O1O00001O10O1O000011OO03M1O2N0020OO1O002N002OO12M1O1O1NmU[h0
20161104133714Th_6,eU[a13lo12O1O00002N001O10O1O02N0000000000000000000000O1O100001O1O00002N011OO02O01O0O1O10O1bQNJQm15nRNMRm14kRNMUm14iRNNWm14eRNM\m13bRNN^m15^RNKcm15\RNLdm15[RNLem14ZRNLgm13XRNOgm11XRN0im12mQN4Un1MfQN5]n1e02N3L3M4K3O4K3M`ifZ2
20161104133714Th_7,YXic13lo11N3O0N2O1K4010O2NShb[2
20161104133714Th_8,R]m\1:eo12L5M1MK70N101O11N1O20OO1000100N2O1O100N20bcfa2
20161104133714Th_9,R_eX2:eo12M3N10001O1O02N00100O0000001O1N10000000O100O100000001O1O00000N2000O1O10000O100O10000000000O1O01O10000OO110000N020000O100O200O000010OO2O0OSanb1
20161111133734Ch_1,S_bS13lo12O1O0O1O101O001N10000O2O0O1N3N1N201OBhPN5Wo1JkPN6So1KnPN5Po1LPQN4Po1LoPN4Ro1MlPN3To1:201L40O0001HfPNJSo1NmPN9Xo19O1K5O1O00101O0O100O1O10000O1O10O000N3O01O10O000100N011MJYQNWOin1h070001K4O0O12OO200H8O3K4Ogbgg2
20161111133734Ch_2,_dRg03_o1`0M2O1N1O101JZOoPNh0on1511N100O1O1O1O1O001O000001M3M2K500N100K6O1O1O10001O0O2N1001O1O00001O1OO01O010000001O0100O4L1O4K2N4Lh[YU3
20161111133734Ch_3,\iP`12no12N0O2O1O00000001OO1000001N2O1O6J101OO000100O010O11@dPN8co1O1O000000100O01O000000000O2N2O0001000O01O1O1O1O00000000O1OO2000002L202N0OQVo[2
20161111133734Ch_4,XlZT13ho16N1L400N1O1O20OM310L31OO1000N200N3OO10000000O2O1N2OO200N20OO110N2000000O1O10000000000O00010NN400O1OO20000O00HhPNJXo16iPNHXo16kPNHVo189N11O100N2O001001O1O01O01O1O00000000001O1O000000000000000000O1O100O00001O2O1O0000000N200I7O101O001O01O1O6J2N5K1O4L01O1O011N01O001O1NWUkc2
20161111133734Ch_5,RmXS15jo12L5M2L6L3L2O1O@SQNOln11VQNNhn12d0O1IeSmk2
20161116222134Lh_1,RZeg16jo10N200N200J6O1E911K23OOM5OOJ8OO1100N20NO3O1N20N11OO200N011O100N11OO200N11OO200O1O01O1OON4O1N100O2OO20OO1100N11OO20N11OO11OO20OO100O100001O0O2O1M3O0O11N011K5O0J610ON3O2M2O2K5NmhjR2
20161116222134Lh_2,^^WY12io17M2K5O0L220N11OO1100O101O1O00O1J6O0O110ON201O2N2O000O1O100O1O100N200O1OO200N2000N20O1O10000N6L0N20001O001OO1000N110000O00010000N3O0M3O0N11O2N2O2N101M202M1O10000O1O10001O1O0N200000O100O100N020O1O10O100000000OO200N201M200O1001N1O1O1O1O100N200N11OO2000O00010N200N11OO200N11O1O00010O1N100010O2N1000000000000O00001O1O1O100O100O0101O1N100O2N1O1O2O000001O0000O01O01O10000N20000000000000000000000001O1O000002N00000000O1O01O10O1O100OO110O00001O01O100O00010O1O1N2O1N2O00O100L5O1L5KjdnW2
20161116222134Lh_3,^^QS14ko12N3N001O1O1O101O003MO02N010O010O000002N0020OO1O01N2O0O101O1O020OO2N1O1O0100O01O1O00001O001O002N011OO0001O1O001O1Of`Zi2
20161116222134Lh_4,Vee]1<co13M3N1O1O1O1O1O1O1O1O001O1O2N1O1O1O0100O1020M020N02N0020OOO3N000O1O3N001O1MUOZQN`0fn1_O\QNa0bn1^O`QNc0^n1^ObQNb0^n1\OdQNd0[n1]OdQNe0[n1YOgQNh0Xn1XOgQNi0hn11O001O011OO001000O0000001O1O000001O1O0000000000001000O0000000000001O2N1O2O01O0O11OO02N020N002N000000001O1N1O10000002M1O3N001N2N10001O10O1O103M0N101O1O02N001lN^QNh0cn1UO`QNj0mn1N012N0O1O101OO020N02N008H1O3M1OWX^Y2
20161219133734Ch_1,Yglb03lo12N4M002N011N02N01000O01000O001O10O1O0000001000O0001O001N2M9H102N2N:PQNPOb02ll1Z1QSNgNPm1Z1cRNQO^m1o0_RNSOam1B^RNj1cm1TN_RNl1am1PNcRNZ2\m11O2N3M3M1M201OcMlRNo1Sm1PNoRNP2Pm1mMdSNg1Wl1YNjSNg1Ym11M4M6J001OO23MO3O^RNhMWm1X2gRNjMZm1`2N16WNfRNb0Tm1^OmRNb0Tm1\OlRNe0Sm1ZOoRNe0Rm1ZOoRNe0Qm1[OPSN@Gg0Zm1GbSN4^l1KdSN5al1BdSN=]l1XOmSNh0im1M0O1O00O1009G1O00001000O001O1O002N01O1O00002N01O1O02N001O1O1N2NaS_V3
20161219133734Ch_2,nldh03lo12N3N228HM15KO2OO02GaPN1Zo1LiPN4ao11O0O2N2O0001O0020N01000O2OO1O0001000O01O2N101N00010O1O0000001O1O1O1O001O1O0000BlPN1So1LPQN5nn1KSQN5mn1IUQN8in1IWQN8hn1GYQNKI:nn1JYQNKK;mn1IWQNMN9kn1IWQNNN:jn1GcQN7^n1GcQN:Qo11O02N01O1O000000001O1O000002OO10O1O000000000O1O3K3OoPkQ3
20161219133734Ch_3,_eQi13lo12M3O1O1N1O101M201O00002N000002N00000000000000000010O10O01O1O0000001O1O0001O0100O001O1O001N4L101N2O00002OO2N002N1O3M2N2O001N1O2N1O1O1O1N1O101N2O0O3LlYXR2
20161219133734Ch_4,feUQ2a0^o12N3N1O5K1000O4M0O7H2O2M2N10000N200O2N2NiY`m1
20161231223534Lh_1,^_\^28ho1001O1O001O1O0N4M2J6N1N2O100O2N2O1N2N1000O1O1N3J6N1O1O3N000O1O3N001N2N5L102NO00000O1O11N1O101Nc`c^1
20161231223534Lh_2,^`dd24ko11O1O2N2O0O2N2O2N0000000O1O01O100O100O2M3K400001N2N100000O010O0100O1000O2N100O1O10O10O010O2O1Ol_[X1
20161231223534Lh_3,UdhS39fo1104L1O1001O001OO022MO13L020OO1O002N1O1O00O1O100000001O1O02N011OO01O1O11OO11OO02N002N00001O1O0000000O1O10000001O001O0000001O10O10O10O0010O1O00100O100002NO2M1O3L2OcZSg0
20161231223534Lh_4,`flY34ko12M4N1O0012NO118G001N011N0O1001O001O00001O11N002O000O1N2M2L4O100003M1N2M3N101O1O010O10OO1001O0000000011O1N2N1O10O0100O00000O1O101O1O0000000000001O0010O1O01O1O2O0OaXo`0
20161231223534Lh_5,S_mf24ko12M3N2M200O1000N20OO201M3NTaVX1
20161231223534Lh_6,h_ia24lo10O1O1O1N2J0`PNL_o14cPNK\o15fPNKXo17gPNJXo1?002N011OO020OO11N020N11OO1000O00000O1O1000000000001O1O0000000000000000000O1O10N20000O1O100000O1O2O5I4MS`ZZ1
20170129133714Th_1,Xfnj22ko17K1N5M1N3N011N2N2OO11N110N102N005K13OMO2N1O7H2MWY_S1
20170129133714Th_2,^kRX34jo13O001N1O100O1O1O100O1O1O1O1O100N201O1N1O10001O10O1O00001O1O00001N2OlTge0
20170129133714Th_3,jTS_25do19M2O0O1O100N201O0O1O1O001N2M3O1K400SOWOTRNY1lm1=N200ON301E;00L300N3O1K5O1L4O1D<N4A>MYm^^1
20170129133714Th_4,_Xmo29fo12J6N1C=O1I600O011N001O100001O1PObQN=^n1CdQN;^n1DdQN7Zn1GYQNMc09Sn1LQ12N100N201N1O1N3N1O100000001O001O1O10001N001O01O1OO1001O000000001O1O002M1O10001N2N1O1O3J5Mohnk0
20170313145450Bh_1,_`nn1;`o17M1O1O1OO20NO3O0N200N20O1ECSQN>ln1;1O1O000O11O000O1001N2O1N2O1N3M3J5Og`on1
20170313145450Bh_2,baTd26io12O2O0O2N002OO11N011O000001OO03N000O1O11OO2N005Kg]YZ1
20170313145450Bh_3,nble24lo11O3M2N6bPNEkn1=RQNEln1h01O101O3L2N5MOO2N001O011OO002OO11OO21N021MO21N018G011M115PQNUO?NVm1n0XRNWO?MQ2Mch1[1SUNSOh12Ti1l0QUNSOj13Ti1d1bVNhNZi1Y1dVNiN\i1X1fUNhMI\1`j1l0eUNjMH^1aj1h0fUNLXj15fUNL[j16_UNO`j12\UN0fj1f2OO:HO002N01]KSUN24Q1P1]Ohi1]OXUN13Q1Q1AQk17VUNGjj18WUNFmj15]UNBfj1<[UNBij1HbSN1on1LSQN2TX]V1
20170313145450Bh_4,\e\o04lo10O3M1O1O10000O01O010O1O01000000001O0000001O1O0O2NhZon2
20170313145450Bh_5,Wnnm12_o1e0I2N7I2N<FO11N102dQNgNlm1X1SRNiNom1e1N018H0O4L023K14K103L106I1O5K01O10O001N1L4O10000O1O1O2N<B5M5L1O3M101N1O100O1O1O00002N002N001O1O00002N1NRPSn1
20170313145450Bh_6,fQYQ2:eo13L4M3L3O02^OhPN9ao1N5J2MPnRn1
20170313145450Bh_7,]RaQ27io10O3N0O2O1N100001O10O11N001000O00011OO02N020N01O1O010O10O001O1O001000O10O10O00O1O1000000001O001O001O1O00000001O1O01O1O000000000000000001O010O01O001O1O0O2N2O002M2NhlZi1
20170313145450Bh_8,lRYZ26io11N2O1N011N2O00001N020O00010000N20dmbd1
20170313145450Bh_9,jYQe22mo13M3N1O1N1O1000N20O1O10N200000O1O01O01O10000O1O01O10000N20000O000100000N20O1O10O1OO2000000N0200N20O00010000N200N2OmfZW1
20170326133730Ch_1,iZPi22mo12O0O1O1O1N3N101O0O10000O10O1O0O200O2N100O1O100O100O10000OaeSU1
20170326133730Ch_2,U[\a27io11O1N10001N2N2L4N2O2M2O3L2O2N1N2N2O1O000001UOk0O2L4LReo\1
20170326133730Ch_3,T[`h17io11O2N002N0000000000000O01O010000000N20000000000000O1O10O1O1000000004L002N1O1O02N1O2M2N1N3O1LkdaT2
20170326133730Ch_4,l^`n12mo1102M1001000O01O1O100O010NPacP2
20170326133730Ch_5,bc`]22lo14H8ePNNdn13YQN0bn1i0O1Mh0[O1M6K2NUNkRNP1Rm1oNTSNl0jl1RO^SNm0JjNjk18^TNn0FkNlk15WUNe0^NYO\l10XUNg0ZNYOen1n02O4L004L01oPNUOon1n0N02N8H2N1O4L101OO03OOO20N011OO02OO11N02N001O1O02N0001O11N02N0000011OO01O10O1O000O1O1000O1O101O5JSYQ^1
20170326133730Ch_6,dc\R21mo13K6N00000000020N01O1O01O00O11O1O00001O1O00000N2O1O1O00O2O1J7Nd\ck1
20170326133730Ch_7,bj`g14ko11O100N11O10O1O1000O000100O0001000O1O10N20O1O01O10N200N020N11OO11OO11OO020N11OO011N011NO3OO0200N200M3O2MeVUU2
20170326133730Ch_8,hSUZ36io12L5M2_O`000000O0O2N20000O100L3ON0301M21M120J6N2N20O1O102L3O4K2N2O00OO200N200M4NZmZc0
20170326133730Ch_9,QTeY35jo12O0O20O002N1Omkje0
20170326133730Ch_10,_TUX32mo12O2M2N2O0000000000000000101O0O0100O002M1000000O1O0000O001O1100O1O3Mekde0
20170326133730Ch_11,YVYg15jo12N1O1OO11L9K1L3O1O10O100O1M210N2ON2010N200O1O2O1O0000000100O01OO2N2O001N2N1O2N1O1O1000O1O1O10001O3M0O10O001O1O100O101O2OXOjPNd0Zo1O1OO0100O1O10002N1O1N1O2O1O00001O0100O00000000000001O0001O10N1O10O1ON3O2KUj`R2
20170328014950Uh_1,f_T^23lo12M3N2K7M1M6L1M7K004L002N0000O1O102N002N002N002OO12OO01O1O1OO02M10001O19G01O0O100O11OO11O04L003MO020OO2N10O1O01000O00020N03M1O2OO11N0120NO26I1OO002OO110N13ONO2O000O1010O02ON110N1000O11O001OO31MO12N029E02N0010N1100O02NO02N03N002M1O2L200O10100O11OO2OO11N1O20OO00011OO02OO0100O00002M1OS\oX1
20170328014950Uh_2,fS]_21no12N3N0O200O00002OO1O01O1O000000000000002N00000O1001O000000O1O100O1N1010O100N200N20N200000O1O01O10000O1O01O10O1O100000O1O10000O1O01O10O1O10N0200O1O100O1O10001O1N1Okl^[1
20170329014850Uh_1,n_lh25ko11M200N2000000N200O100O101O1O002N1O4L123KO4M002ON03OO011M021M110OO11N03OOO20N020N03OOO1000O2N002N0000001O11N002OO10O10000O11O010O02N002M011O00001N11OO11OO22MO3ON20OO12OOO20N12N001OO11OO110O01:EO02N1O4M002M110OO3YOoPN:Po1ERQN;[o1O0013L02OOO100O3L2O1O001N10100O1O1O001O1O01O10O1N2Nl[gn0
20170329014850Uh_2,XeXi12lo13L4N1L4N2K311L211ON3OO0200O1OO11O1N2O1M300N200000001O1O001O001O00001O1O00^[[T2
20170329014850Uh_3,PTkk22mo12N2N1O1000000O1O100000001O001O01O1O000000000001O00001O0O1O10001O1O000000000000000O1O1000N2000O1OO20N20OO1100O1O01O1OO1100O1OO2OOO300N11OO200N10001OO02OO11OO11O01O01N2O1000O10O2O1N4Mnl\n0
20170330133710Th_1,\`hc113a0Ro19N3N100O1O001LO40M220O0001M3M4F9OZ`S[2
20170330133710Th_2,[aRW33lo12N1O2N10O0101O006J2M5L100O1O1O000000010O10O02N020N001000O001O1O001O10O02OO01O1O2N1O2O0O2OO010001N002O0O3N0N101Ni][e0
20170330133710Th_3,Pc`n14ko12N2O0000001O1O0000001O1O000001000O000000001O1O00002N00000001O1O00001O1O0001O0100O00O101O100O1hPNCkn1m0M000010O0010N020N11O006J0O5K0O7F6Lj[[m1
20170414151450Bh_1,ibaV25jo12M5M0O3N100O02N011OO01O0100O1O1O1O2N0100O01O001O01O001O00000001O0000O1000000001O1O00O100001O1O1O002N000000000N20001N2N100001000O11OO002N02OO17H2000N002N11OO16J0O4L2N2O0O4L1O2M3Mg[jc1
20170414151450Bh_2,gceX15jo1101N2N10000001O1O0000000000010O01O0O100O2N2N102N010O10O1O001O1O0000001O1O00001000O00020N0001000O01O0100O01000O0000001O1O0000001O1O000O3N0O10000001O001O0100O01O011OO02N0020N020N2O000O00001O10O1O00001O0010O10O001O001O10000O1O001O0001O1O000O1O10000000000000000000000001O001O00000000000000000001O1O00002N000O200O011N010002OOO10O11OO10O1O10O010O001N2M2O2O1O0000000000000O01O100000O101O1O00000000000000000001O1O00002N002N002N002N00001O1O002N001O1O0000000000001O1O00O100O1000O1O1000000000001N2N10001OYZjW2
20170516134450Bh_1,Zbno16io13M102N1O3M002N0100O01O1O1QSN_O]j1a0aUNB_j1?[UNFej19ZUNIfj18VUNJkj15TUNLmj14RUNLoj14oTNMQk13nTNNRk12mTNOTk12eTN3\k1LcTN6]k1K_TN8ak1G^TN:ek1GUTN=jk1BVTN>lk1DnSN`0Rl1_OlSNc0Ul1NSSN8nl1\14L004L2N4YNUSND\OJ`m1a0VSNC\OJem13\SNNSm10PSNN[Yam1
20170516134450Bh_2,\ddR36io12N2O0N2O1K311K3100000001O1O1O1O1O1O2O1O00000O100O1000001O001N1O3MS\Wk0
20170626133730Ch_1,\T]h14jo19G3O0N110N010N2O1[OBfQNb0Yn1@eQN`0Xn1e0L5J411M111OO11OO11EXN]RNg1cm1\N\RNc1al1hNiSNe1Yl1]NdSNc1[l1Q11OOZOYSNVNal1@_SNY23TN^l1l1QTNlMPl1S2STNjMnk1R2XTNjMkk1U2_1_O4QOiQN1Zo1H3N1N102K3OemnT2
20170902231930Lh_1,Qf\U16io12I8M2L4N1M4O1M4N0N200N20N2N1O1^OWQNJnn15SQNJnn14UQNKkn15VQNIkn14b0O2MgZUi2
20170902231930Lh_2,Wh`R14ho17I5N1O001OO101L4O2K5NUXgl2
20170902231930Lh_3,eoZg13io1:^PNLkn15SQNNhn1g000N1100O1O1O001J500N2O0001O010TO_OXRNc0hm1^OVRNc0jm1@nQNd0Tn1\OkQNe0Tn1a0201N11NM40OO20D93OOO40L211L210M04OOO200O2O0O2O3dNcQNJ1S1in100UOYQN=gn1B[QN=Uo1M202N0O3M104K1OWRoT2
20170902231930Lh_4,UPW[11eo1=L2I6N3M3N1L4O1N20O5VORQN9Qo1BSQN=Yo1N1O10O1O10001O000000O10000O1O10N20O000O2M3O4I]Pab2
20170902231930Lh_5,^bUZ15ko11]OOSQN4jn1OTQN3in1c000O1O100O1O1O1N2O1N2O1M3O1M3O1O1001O1Od0]OO02OO10000O2N1O000O2O01O0001O01O1O3M1O4L004L1O1O002N01O1O000000000N20001O001O02N001O1O3M1O2N001O0O2O0O100000000O1O0100O100000O3LX]X`2
20170926225530Lh_1,Whhl01oo1101N2N4L1O2N00O2N2N1OgW_R3
20170926225530Lh_2,flhg08ho10M3O1N2O1N2oPNGZn1;YQN_O1037an1Q100N200N2O1N2O1N2O1N4eRN_NRl1b1lSN`NRl1b1lSN`NSl1a1lSN`NRl1d1kSN]NTl1d1kSN]Nok1j23OM13OO1OiN\SNUObl14^SNYO9<[l1:`SNWO7=Tl17eSNnN587`0Ql19RTNTO0a0kk1=aUNSO`j1m0bUNQOYj1T1Y21N01OM400L22OOL7OO100N110N120MEdQNVO]n1j0eQNUOYn1j0`0N002OOO30M110NI901N11OM3O1K51OM3O1O110L5NUW_S3
20170926225530Lh_3,^oTh0:eo12L4O0N20000000O1O0M3I8O00O11O0O3MoPgV3
20170926225530Lh_4,UP]g03lo11M3O1N10000000O3NVPoW3
20170926225530Lh_5,\PUh09fo12N3N1O1O1O1jPNDfn1=XQNEhn1i01O7I1O21N014KO4OM12OO0O4L1N7J01YO[QN5an1IbQN6bn1EbQN;\n1CfQN=So1L1N5J3NfmjU3
20170926225530Lh_6,dRig08go12M9H2N2N100000N201M3N1O1O1M30001O1N1001O01O1O01O10O0010O0001NZmVV3
20170926225530Lh_7,hRQj0470Yo13dPNO[o11ePN0[o11bPN1]o19011OO01O1CaPN7eo1O1O1O00000000002N001O1NilbT3
20170926225530Lh_8,\Sik03mo11O1O1O00002N000011OO101O00O1O1O1O\lRS3
20170926225530Lh_9,eV_h03lo1101O1O001O001O01O0010O1O000000000000000001000O000001O001O0000000000000000001O001O00TijT3
20171018223630Lh_1,V]T\15io13K6M2K5N2M3O1N4L108H004L1O000000oNeQN<\n1@kQN=Un1ClQN<Un1AQRN;om1ERRN:om1CWRN9in1O2N0O3N1NTbSb2
20171018223630Lh_2,Xfh_18ho11L6L2M4M2N3N0000110O08IOO20OO20OO100O100O11N020N020N002OO11N100O01O0000011OO104L04NNO20N020N120NO4NN12N00O3M0001O1O0001O0100O02N020N002O001N101OO20N03OOO31MO11OO20N03OOO4NN12N00O3NO11N100O010O0010O11N012N0O1O101OO04MO11N01O10O0000O102N000N201M3O0N20000020N0001002M1O1O0000000001N2N1N200O1O3N01O1O002N002N012N0O4L111N1O3MO21N03N0N8LMO31L022NN22L110N110N027H013L014J2O5K004L0O7JO11N00jNQRN;Pn1BSRN=Ro1F4LZSoS2
20171018223630Lh_3,ThTl28go11O1O1O100O01O010000O1O1O1O2O1M20002N001O156EO2O0O00003XO`XQR1
20171018223630Lh_4,Vihm27go14M2N10O3MmVkQ1
20171018223630Lh_5,nilm25io13O0O1001O2N1OQVcQ1
20171018223630Lh_6,Yj\n2=bo1100002M2NfUWQ1
20171018223630Lh_7,bm\l16jo11O3M010O01O1O1N1000001O1O010NXRcR2
20171018223630Lh_8,XXmb18go12L4N1O1O1O00001000000000O1O01OO20OO110O1O01O10000N200N020M3O1N100L4O1I160O1L4N200N2FmNhQNS1Vn14eQNkN\n1T1hQNjNom10PRNV1Yn1lNeQNU1Yn1mNfQNR1\n1nNdQNR1[n1nNfQNP1[n1QOdQNn0]n1TObQNi0`n1:2H7VOXQN=hn1CYQN8kn1HWQN6in1IZQN1kn1OWQNNhn13c0O10O00N200010N110O010O10O1O1O0O101O1OQkRX2
20171021223430Lh_1,X]`T29fo12M<E2O1N1M5N0L6N0N6K1O:F2N1O1N2O01XOSRN\Onm1c0TRN\Olm1a0[RNYOgm1f0[RNYOem1e0l000N20OO201O000O1O2O1O01O1O2N002M1O3N000O000100M3OO11O100O3M1O1H8O0O110N3O1O0000000O1000000O1000000001O1O001N2N100O1O1N200OO110N11OO200N11OO200N20000000000O1000000001O000O100O10000001O0O2N1000O1O100O1O02FXdec1
20171021223430Lh_2,\\`\26io11O2O1O00001O001N1000000O10000OO101O1O1O100N11O01O01O100000N2Ooc_a1
20171021223430Lh_3,[adb02mo1101N1O1000000O1JL_PN5`o152O4K2O3Ki^]\3
20171021223430Lh_4,Tdf_22io17I5N4N002N011N00000O1000001N2O1N2O0O3M2O1N2N2O000003M1O3N002N0001OO2OO0100O01TQN^OYn1b0eQN@[n1S1O01O1O2N001O0100001O003ONO3N000O0110N11OO02OO02M3N2N0001O1O3M002N06MN032K020NPOXQNf0Uo10MO20N111ON5MO05MNO3ON03OOO2N011OO111N0000O1O1O10O1O4L2N2N01O2N5K1O2N1O0O2NZXkX1
20171021223430Lh_5,ShXg21oo12N0UPNNho16N4M1N3M10001O1O001O1O000000O3M10001O2N1O02bPNDTo1<kPNFVo18iPNJVo1`001O2N9G004L011OO11OO2N000N200L4O1N2O1000001O11N002N00000001O1O00000000000O01O1O2N1011O0O20O0O3NO13L002N12N00000O10O1N1O2N2O001O11N003M1O2N003L2N5L004L01000O11O002N011NO23L001N011OO11N1O1O1O3M2N4L02kN\QNj0nn101OO0;HN0oPN_Odn1b0TQNEjn1i02N0O2M1N5I5N2O1O1O1O3M1O4K2N^T_o0
20171021223430Lh_6,VVU\1`0_o11O1001O1O11OO20N11O0O1N100O1000000O1O100000O00001O1O1O1000O1O0100000O2M10001O1O2NjiVa2
20171021223430Lh_7,R^ml07ho12N100O1O1N2O1N200O010010O2NO2E;N1O100000O2N2O0O1O1000001O1N3M4M1O0N20N11O10O1OO11OO20N020N020N11O01O10N20N200O01O01000N200O00010O1O10N020OO110O0001000N11O1000N11O100OO1O2N20Xcbm2
20171021223430Lh_8,Ree`16ho14F9N2L3O1M3O1O100N200O1O1N200N3O1L3O1N201NQObQN>^n1AdQN?\n1\OhQNd0Zn1YOgQNg0hn11O2O2N1O01O2N1O3M1O2N000001O1O00001O1O1N2O1N2O002N002N01O1O00002N003M1O;E1O00001O1N1M3OcZnZ2
20171027150050Bh_1,b]lZ16io11O100N200O1O1N200O2O0O0100001O0O2O0O1000000O00O2O100O1O100N200N200O2N2O0O3M2Nhbcb2
20171027150050Bh_2,eadn16io12O2N002N1O1O0000000001O001O0010O10O01000O11O0O1O1000O02N0001000O020N002OO12M4L5K11OO01O1O1O1O1O1O1O1O2M1O2O1O0O1O10000N204H^]]m1
20171027150050Bh_3,`c`R26io12M5M0101O3L012N1N3NS\il1
20171027150050Bh_4,SdXS23lo12O2N1O00004L111M102N0\QNBem1?VRNFim1:URNHmm17mQNNSn12jQN0Xn1m0N10000000O2N002N002OO103MO100N2O1N4L2N3M10`0^O3N\ZWj1
20171027150050Bh_5,gU_m12ko14O0N20000O000100O00010000000000O100O010000O10000000O1O10000000O1O01O1O1O1O1O01OO2000O1O10000O1O10000O1O10000O1O1000000000000000001O001NmjVn1
20171027150050Bh_6,QWYf13lo12M3O0O1O100O0010O01O10000N11O1000O1O1000OO1100000N20000O2N2O0N20O1O10N2000N11O10O000O2O1OO11O1000N0200N2N00200O1OO20000O000100000N20O1O10N11OO02O00001O01OO11O01O0O20OO2O1O100O1O100O1O10bjjS2
20171027150050Bh_7,\ViW28ho11O3M011OO00001O1O01O1O00011OO00011OO01O10O1O11OO11OO110N11N011OO020N020N004L004L011OO20O03M0O1O10O10002M03OOO100001OO11OO2OO11N1O1O001O0100O001O001O11OO020N02N011OO011OO11N011OO11OO11OO1O011OO02OO11N01000O00011OO011OO02N0100O01O03L2Nifj`1
20171027150050Bh_8,k]]m22lo13K4O1O1O10O1O10000001O3M1O2N1M201J6N1L6N000000000000000002N0O2N1O1N100O11OO11N2O00001NGUQN_Oln1`0;L300000O2O10N200N200N3M4J[cln0
20171027150050Bh_9,ofen17ho13L5M1M20000O1O1O1OOI]OTQNd0cn1`01OO020ON3O1M3O2M4L8D7KiYjo1
20171029171010Mh_1,^]TP14lo11N3M2M201N1001O00101012K101N1O2O0O00O0L5M2O2001O1O2N1O2N2N5L0O3N0O7J01N1O1O100O1O;D201OO123K014J011O1N6J023K5M2L010O001N1001O1O011O0O11N02OO12M10000O02N0O3M2O2O001N15LO03NOO3OOO3M1O2O002M005MOO7KOO20N12N0O3OOO3N001N2N20N02N1O4M002Lh^ah2
20171029171010Mh_2,n`^i11go19N1I70O1O2N3M2O3M1N[_kU2
20171029171010Mh_3,VbRc25go18L1O2M2N2M2M2001O00O020ON3O1O1O3N1000O01OO1BDXQN<gn1FXQN:gn1IVQN8jn1IUQN7ln1ITQN8kn1IRQN9on1>M0010O2M2O0N3O1L3O1O0001000000100O100O0010N3M2N2O10O1O0000O10O001010O2O2M002N002N002N002OO10O10O1O00O101O100O1O2N003M:H1M0100O1N100N2O2N1O4N0N4E9N1N200N20O2O1O010O1004L0013kPN^Ocn1o013MO31MO20oQNeNYm1]1cRNgN[m1^1]RNgNam1Z1]RNiNbm1l1OO02N020N02N011OO02OO11N0120NO11O04NNO2N000H8O3K4O1M201O1N0010000O2N111OO124JO22L0:H0O=B002L2O3I5O2K5O01O1O4L01O1O6HhZ]Q1
20171029171010Mh_4,TbdV16io12O2N1O5L004L020N02OO04NN4NN0O20N020N110O03NN0O3N0N2O111N011OO020O4M0O4NN021M040K020O020M13OM13MO11O0O3M1O3N0O4L1OX[ge2
20171029171010Mh_5,ecdg05jo13N4K1O3N1M3O0000I8N2O001O10O00O100O1O1N3O0O\\mV3
20171029171010Mh_6,RldZ24lo100001O1O0000000000001O001O000001O10O1O00002N002N020N200OO20OO20N020N020OO2N1O0001000O02N01O10O1O002N01O1O00001O0010O001O02N00000000001O1O0000nRk`1
20171029171010Mh_7,]Ual25jo110000N20O1O01O100O01O010000001O0000000100OO1OijnQ1
20171029171010Mh_8,gVab23lo11O1O1N00111N1O100O100O100N200N11O01O10O1OO200N0200O000O20N0200O01O01OOO30N020N020N11O00010O1OO11O001O00100N20O01O2N100O2NbjbY1
20171029171010Mh_9,gei^23lo13L3O1N4L2O3L2N:G1UQNTO_n1Y1M10001N1O2O00000O00010OiNVRN9jm1HWRN6jm1HXRN6jm1JVRN5lm1HWRN6km1HVRN8in1O2N7HbYX_1
20171107222630Lh_1,PelT12no100:F2J`0C2N2N2N2O00O100N2O5C:N3N1O001O1O002N0102NO02N002N110N101OO05K1O4L004K1O4M1O2aRNhNRl1Y1lSNiNSl1_1cSNcN\l1_1bSNbN]l1_1bSNbN^l1_1aSNaN_l16jRNl0b0POdl13kRNm0`0QOel11lRNP1:POll10jRNQ19oNml10iRN01MN?4DVm10fRN04KO`0OFXm1:nRN^OOn0Um1CnRN^ONn0Um1VOfRNNk0f0bl1ZOfRNLj0j0Vn1L003M1O20N011N1N4M0O5K10ZOXQN8dn1G]QN:bn1CcQN>Zn1BfQN>Po12L020N011OO2OO15J2N20N02N002N2NbW_e2
20171107222630Lh_2,Tj`S23lo12L300O1O100O1O1000000000000O1O10000000000O2N1N3O0O3N0O2O101OO06J0001O1M2N8G3O3M1O100000000000O1O1N3O1M201N3M2O1N2O0OZOQQN=Po1_OUQN?Vo1O0O20O0100001O1O0010O2O0O0O0001000000010000000N10000O100001O00O1000O1O10001O10O1O2N0011OO01O1N101N2O003M1N3N0O1001O1N1N2O1I7O2M3N1O101M3O001MeUWd1
20171107222630Lh_3,fj\\14jo13K9I3O5K002N000000000000O2N2O2M1O2O1O0O1O02N200005LOO4M001N1O1O1NlT_a2
20171107222630Lh_4,hmZa12mo11O100O1O001N101N200N0200N200M3OeRc]2
20171108222430Lh_1,SeP`1;do11^OHZQN>`n1E^QN=^n1GZQNc0bn1^O^QNc0_n1`001M11O1000O11N=C102N1O1O00000001O10O1O00001O1O4L003N001N0020OO11O001N12N001N0020O011NO20N11OO111M102N0O3M022L120PQNYOcn1f0[QN\Okn1k0O03M0012L200OO2O00O001O100000O8JOO2N101O0O6LN011O002NO22L03M1O2N0O3M1O1O2O1M201N2NmW[Y2
20171108222430Lh_2,^j\a29fo12BGPQN>ln1FQQN;mn1=O1OO2O0M302M200N3N1M300N200N2000000001O10O1O0000001O1O0000000001O00O10O2O0O01000000000O01O10O10N20001O001O000000000000000000000N200000N2000000000010O1O001N2O0O1O1M3O1O1O10N11O010N1100001000O0_OkPN7Uo1HlPN8_o1O1O001O1O00RVkW1
20171108222430Lh_3,\bSU11ko17L2N1O2N010O010OO20O1O0100O1000N200O1O100000O1O10000N200O1O100O3M1OS^fh2
20171122022450Uh_1,b^`o05io13L4N1O1O0N3N1N201OO20O01O011N2N101O001N1000000001O2N2N4M002M020N03M1O1O100O10O00002N01000O2N1000O001O10O001O02N00001O1O000000001O1M200O1O101N2N2O3M1NPagk2
20171122022450Uh_2,jgda15ko11M4N0O1O1000000O1O10O1O01O10000O00010O1O10000000000001O000O0010000N201N1O2M200N2OaXg[2
20171122022450Uh_3,bW]l0:eo12L4UQNNfm16TRNMem1a0mQN1fm1V1N7I2M3N2L3O2M200N2O1N2O1K5O1N2000000000001O001N1O101N1O1O1O1MTNSTNJmk15YTNGek1:fTN\OZk1c0hTN\OXk1d0lTNWOUk1i0kTNVOVk1h0QUNQOPk1P1QUNmNPk1R1]UN`Nfj1`1]UN\Ncj1a0lSN7Pn1IRRN5om1HYRN3fm1N[RN0em10bRNI_m16bRNJ]m17eRNE\m1<eRNB\m1=T1OO2000N11OO2000000N20O000100000O1O10001O000000O10000000000000000001O0100O0000O100O100O1O10O1O01001N1O10000000000000000O01O0100000O00010O1O100OO11O0001O00010O00010N20O01O001O01O01O01O1O1O001O1O1N2O0O200N200O1O10O1O1000O00010000N11OG:0FBQQN=Po1EnPN<Qo1GlPN8Vo19O10O001O1O01O01O1000N11OO2000O00010OO02O1K5OO0200N20N020N11O1000N0200O0001000N200N11O1000O010O010000000000000O100O100000O100O100000000O1O1000O1O1001O00001N1O1000001O1O000O1O100000O1O10O1001N100O100N201O1O00001O1O02N0001O1O000000001000O00001O1O002N002N00001O1O02N011O0O2N101OO0001000O01O10O1O002N020N00001000O000011OO02N001O1O001000O3OOO4NN020N102N0O<D101OO1O1O1O001O002N002N002N002N001O10O10O110N11OO12N001OO02N011O0O3M022NO02N1N2N1O3NO02O000009IM011O000O012M110N102N011M16K0O=EN04NN044H02M1O1O1O00002N001O10O1O02OO11N001O01O100O1O00001O1O0O1O101N1O001O01O10001M3O001O1O0O3M103I]h`V2
20171122022450Uh_4,n[SZ22lo13O0N11000O00010N11O10O1O1000000O01O010000000O000100000000000O00010000000O1001N1O10000001O001O000O1O10000O010O010N3MedVb1
20171122022450Uh_5,\\]o05jo12N3N1O2N1O2N011OO0100000001N011OO01O1000O100O2O002M2O11N000O1000O0000001O0100O000000000001O1N2O001O01OO1000000O100O1O2Mgbhl2
20180507140210Th_1,ngdj08go12M5M2M5L1O5K004L2O1O011M15OMN7MMO4N0N4NOO3ON040MO4NO110N011M11O0O3M0O_VSS3
20180726232450Bh_1,n`TW14ko11O2N1N3N1N2O1O101O1O000O1O1N3L201O1O01N1O1L5O0N201N2O1N200N2O1M4Nj_gf2
20180726232450Bh_2,g`TP34ko12O0O1O1000001O1O001O101N002N0O2O0N201N10011N002N1O2N1O2N00001000O11OO01O00O101M201N102M102N1O1O000O10001O010O2OO1000001O0O2N02OO02N002N01000O001O10000O1000O01O1O1O1NY^cj0
20180726232450Bh_3,Xa\T16io12N5L1O2N01O1O0O1O010O1O2O00000000001O1O000O1O1000000O1O10f^gi2
20180726232450Bh_4,`ehS34lo11M3O0L400O1001O011OO02OO110N011O01OO11O0011N014K034IO2N011O1N11OO11O0O2N11N1O7I1OYYci0
20180726232450Bh_5,iilY34ko15K3N1O100O1O00000000O1N201O1O01O0100001N10O002N003K3NmU[d0
20180726232450Bh_6,ZolR36jo1006J1N4M002M2O1O0O2O1O00O2N1O3M103M1O3M1O0001000O0000001O1O0000O1O1O1O01O1000001O10O1O000001O1O01O0101M2O01O00001N2N1N4N0N3O1O1O1O1O1N1O1001O1O002M1O3N001O1O1O1O000000001O1O00000001O1O0000000000N20O100001O00O100O100000001O1N1O101O1N1O10000000GhPNJYo14iPNKZo10iPNN\oZe0
20181012105930Ch_1,`_l[16io11M5M1M3O1M300N020OM31OO20O1O1OO02O1O10O1O1N110N110N20OO110O1O01O10N2000001O1O000000000O10O011O001O000001O1O001N1001O00001O1O1O10O1O001L4LYag_2
20181012105930Ch_2,l^``13mo11O3M1N101N2O00O00001O1N2O1O1O2N2OVa[^2
20181012105930Ch_3,kblh21mo14M3N1N2N10O1O01O1000000001O1O0000100O100O2O0000N2N3M11O1O3IT]UU1
20181012105930Ch_4,Xedd26io11M3O1N2O0O110N011NO20O020M111L211K311G720M111ON201000O100O0100EWQN^Oin1c09O200O1O10000N3O[\gX1
20181030230030Lh_1,l]lc23ko13K401L4N2O1N1OI8O0N201M30bbW[1
20181030230030Lh_2,ld\g1:eo11L300M4O1OO11O01O2O3M000002OO11N000011OO13OM04NN10000O1001O001OO1O10000O1000000O102M002N002O001N11N103M0O3N0O4L2MQZoT2
20181030230030Lh_3,lj`o18fo14J4O1G900N0200N2000001O101N1O0O101N1O1L4O3I6O]Uon1
20181030230030Lh_4,Qm`V21oo111OO1O3M002N1O10O02N020N004L013MO000000000N2O1N2O01O10O01O001OO200O1O01000O2N1N20nRkf1
20190605025430Lh_1,hQeg04ko11M3O1K5N2N3N1M4N1O100N20O1I600O2O10000O1O1N10000000100N11@=20KN520O2O1O1O1000N020NO3OO2O1M300L4OGQQNCln1<=1MO40J222NN31MO31H422M110D;2OO002L120H611O010M210M@lQNZOTn1g0nQNWOom1i0YRNPOjm1o0YRNmNem1Q1g01M30O2N2O6VOoPNO]o1MgPN0^RmR3
20190605025430Lh_2,andc02?4hn1OUQN5hn1f0L13L1N^Qo[3
20190605025430Lh_3,hPQc0;eo11K=G1K7M1H:L2H?G3K9I2O1N3M6J2L\NRSN>kl1BWSN=fl1D_SN;^l1FcSN:Zl1DnSN;nk1FSTN:mk1VO\SNEn0U1ck1SOeSNDj0Y1bk1nNRUNQ1kj1nNWUNR1hj1mN\UNS1`j1mNbUNR1\j1oNgUNR1Tj1oNnUNQ1mi1SOUVNm0hi1SOZVNm0di1SORWN8mh1ITWN6kh1IXWN5ih1JXWN6hh1C]WN>dh1A]WN>ch1B^WN>bh1A`WN>_h1BcWN=]h1CdWN<\h1BgWN=Yh1BiWN>mk1N2O00000N11O1O1O1O1M3O1H602O3N002M1O3M1O3N1O1OjN`QNl0jn10100TO_QN8`n1GaQN9Uo1M102M3N2N1MglRX3
20190605025430Lh_4,]oP\12lo13Fk0^O2N7I1O0002N002L202J5O3M1O3M016J2M4M0NRPcb2
20190605025430Lh_5,dSYW14ko11O4L2N101M2O1M200N21OM210OO201N20N011M21O0000100OO101G9O1O100000000O01O0100O1O01O0000O0100O100O20ON3O0M4O1O1000O000100O1O010O0010AA\QN`0cn1CXQN?gn10>O1N3MmnVd2
20190607032610Mh_1,gnnb14jo19H2M4H_OlPNb0Qo18O0K51M1M5O1N200N201L4N100O1OIFiPN;So1:00L5O1A=GgNnQNZ1om1<1O1O001J5O3F9O3\O^QNAhn1=jSgZ2
20190607032610Mh_2,nRYR2;do12N1000001O2N1O4L1O1O00O01O001L2110N110000001O0N11OO2N2M200O20N02O1O000O10O100N3O0O1100O000100N011M3O1G[OVQNf0in18@SOlQNP1Tn1SOhQNm0Yn1=O0OO21KC`02K12O1K61oNPOPSNm0Tm1UOjRNk0Vm1YOaRNi0cm1XOZRNi0fm1ZOTRNf0om1\OoQNd0Rn1`05O1M3O1L4O2L4O0N200O1OO20O1I600N3O2K5NmPog1
20190607032610Mh_3,]RaY11no13L4N0O3M1N4M1M4O1N1O102N0000001000O00001O20N01O003M101N100O002N001O1O00000N200000OO110000O100O2O1M200N2O00001O1O1O001O0100O100O100N200000OO110N20OO200O2N10O1O01OO200N020N11O0000100O1O10OO20O100FDoPN;Qo1IlPN8Ro1;0001N2OO11N11OO200N011M120NO3OO20OO101NO20O020NO20O100O200N10001L3N110O020NF[QNYOhn1f0]QNVObn1j0:0OCTQNGon18TQNDln1<=O3J6LdPW]2
20190607032610Mh_4,^PaX16io11I7N2L4O1N2O1I5110L402WOkPN`0]o1N2N1O1N201L4NSPWf2
20200806072410Th_1,e^dn13lo1100O2N2N1O1O1M3O2K5L4M4N1O2N1N2N1O1O1KM_QNnNcn1Q15G:0O10010O1OO100M4ON110N200J601L40OO20OO20OO0100[Oe01MO40OO110N2N2N2O3Igcim1
20200806072410Th_2,jb[Y24jo12000000O1001O000O00O00102N1O10000O100O01O1000O1O2O0000O100000O000100000000002M1O1N200O1O000O2O0O11O0010001O0^OePN?^o10O10000O1O100000000000O1O1N20001O1O002N00001O1O000000000000000O1O10000000000000000000000000000O2Nl]R`1
20200806072410Th_3,_c_P22mo12O1O1O001O1O3M1O0O1O2O1D=M3N100O0VQNQOdn1o0YQNTOfn1T1O00O2N3M2N3M2O1N3M2O1N2N2O001O1O001O000N20O01O10000N20000000O1O1000O100O01O001N1010000001O1O1O000000O1000O1O100O00010000001O001O0000000O1O10000O1000002N00b\^i1
20201228202510Mh_1,cZe\17ho1102M1O3N0N4N001ePNEon1<oPNFPo1h0M03M1O2OO04M0O5K1O3NO10O1O000000000000001O1N1O10000O1O10O1O01O100O1O2Nld^`2
20201228202510Mh_2,S\Ub22mo12N1O1O1O10N11O1O1OO20N10001O1N011OO11N020N0200N11O01O0O110O1O1O000100N02000O1O0000100N11OO200N11O100O0M4O1M4MXeZZ1
20210101202450Bh_1,ZYce02jo18ZPN0Ro13lPNNen1n0N2L5N1N3O0000O3M2O3B;O2L4N2L4N2K5O3J4NUgnX3
20210101202450Bh_2,fZcj03io15N1O000010O0010O01O01O10000000000O1O1000000001N2N101N2NeebS3
20210101202450Bh_3,\beg25jo12N4M1N3N1N2N1N4M1N3O0N2O1L3]OROTRNo0im1d010L040NO30OM50JO5O@`020ON4OON30NH;N0O3OOAa0ONO30I62OGQOaQNn0an19MO4M2L40K312M111E911UOhNmRNV1Tm1mNiRNT1Um1k011N0101I7O1M3O3L2O2M3N1N2O2M3O0M3O1N200L4O1E:O1M400N11OO11O01OSO^O\RNd0cm1]O]RNc0bm1^O\RNc0dm1_O[RN`0em1AYRNa0fm1@YRNa0fm1AVRN`0lm1@TRN?lm1DPRN7Wn1KfQN5[n1e03N2N3M2]OVQNFTo19oPNCSo1:;O1O1O100O1O100O1O1O1O2N^dPQ1
20210101202450Bh_4,ebmU23lo12M3N1O1000000000001O1N3M3N1O1M200H70000100O100000100O01O1O000010O01O001N0100O10O10O1O001OO010N0200K6O1G:NV^ff1
20210101202450Bh_5,hdYm16bo1NaPN3^o19N200O10O0001000O01O10O1O011OO03M1O1O10O1O00001O1O02N011OO020N011OO1O1O000O1O101O001O001O1O000000001O1OdZZo1
20210127110130Ch_1,][ha2;do11L6N0L4O0N210NL6OI6100O200N20O00010000O1O2O1O2N0O10000001O0000O102M1000000000000O1O100000O100O10000001000O010O10O00003N000N2O0O2OodSZ1
20210127110130Ch_2,`Yie26io11M200O011N010M300O010N1100O2OO02O1M21OO11O01O100O1M4N^g^X1
20210127110130Ch_3,\_ok13io15M2F;M2O1O0O2O1N1001O1O1N3O1L3O10000N1100O10O0002O001OO3N0O100O1O100O2N3L3N[abQ2
20210127110130Ch_4,\bal14jo13M5M000O2N1O1M201OO200O00001OGDnPN;Uo1FiPN:Uo1720O20O1CmPNKTo16lPNIUo15=O0N3Mc^fQ2
20210219230330Lh_1,\[Wc14ho15O0L310N11ON111N11ON200O1O1OO3OO010N030N011F811O1O1000002N01O1O00003M1O;E1O1O0O2N101N2N_enY2
20210219230330Lh_2,hb][1:`o17mNGTRNf0gm1]OVRNe0Pm1WOoRN=K`0Tm1TOoRN>K?Tm1UOPSNh1ol1ZNoRNg1Pm1]NlRNd1Sm1^NjRNc1Tm1d02OOO20NO40N11O02O0O2O0000OO110N11OO\ORSNPNWm1o1lRNoMSm1h1g00O200O1O11O001O0O1O10ZOWNTSNj1kl1XNSSNh1ml1ZNnRNd1Xm1]NfRNc1[m1=40NM40NO40M020ERNdRNm1^m1UN`RNk1`m1911ON110B>OKN81K311NJ80NO2OL050OGoQNcNUn1\1620BdQNPON3_n1i0`01OO2O1M21OM31M120M200O100N20001O00EUQNBln1>SQNCjn1k0O0N3O0O2O00N200L5O1@VQNGmn18TQNHln17?O100O00001N2OO11OO200O6J2N100O10O1H8O1O0001O1O1000N200G:N^dn[2
20210219230330Lh_3,``eP36jo1002N0N3O1M200N2^OD`QN<jm1IoQNP1om1ROoQNo0Pn1b0O002N1O1O1000O8H003M1OdRN`NZl1^1bSNhN\l1X1dSNiN]l1U1aSNnN_l1DiRNY1h0SOgl1i0WSNYOjl1g0USNYOkl1h0SSNYOml1g0RSN[Ool1h0^RNmN1?am1f1101N2N1O00O1O100N201N3M2OmMgRNa1Wm1^NjRNb1Vm1]NkRNc1Um1\NlRNd1Vm1UNoRNk1Sm1RNnRNn1hm1J2N5L0O3N0O3M1O2OO02OO02N0O3M103M1O1O1O2WOSQN;on1BTQN<^o1J0O4Kc]`j0
20210219230330Lh_4,\_om23mo18G2O000O0101N1O2O04M0O100O0001O1N2O1N100O1O3K_``P1
20210607142350Bh_1,Y\_j13ho1Y1kN2M3O0O1001M3GaQNnNnn17d0NbcjT2
20210627163630Mh_1,_b`Z19fo12O1O1O2N103MO13M02N003MO03OOO20OO3ON11OO11OO110O01O00O01O1O001O10O1O0000002N001O02OO000002N01O1O000000001O1O0000020OO1O01000O1O1O02OO1O01O10O1O01O1O0001O2N1O100O0O2O001Mh[S`2
20210627163630Mh_2,Tg`^11oo11O2M10000000000000000000001O00O10O100000000000000O1O10O1OO200O10O0001O10O000100O00001N2O00001N200OO204J3O^YS^2
20210627163630Mh_3,djPS14jo14Fb0F1M5L2L7K3I8M0KWOnQNOom11TRNOfm12dRNH\m18eRNGZm18mRNCSm1<PSN]O[m12b1JYVkk2
20210627163630Mh_4,Z_YU1f0Yo12H>I0J8M1M3O0M121JN8I4G;0OF<OOO300J600N2O0O101N2N3ISbPi2
20210627163630Mh_5,l`_l13do1:N1N11O1O100O10000000000O1O100001N1O2O0O1O102N011OO0001O1O00000000O100O10O1O1000000N2000N11O10000000O1O1000O100O1001O001O0O3M100N3O1O000000000000O0010001O002N000O1O10000000N200O1O100O1O100O00010000000000000O1O01N2O1000000001N2N4J4Ni_Vl1
20210627163630Mh_6,Ta_a13ko14N1O2N1O5K003M12M103MO12N0O20N11OO01O001O01O1O100O102M002N0001O10O001O0000002N00001O1O002N0O1O2OAoPN0Po10QQNOnn1NWQN2gn1M[QN4dn1I_QN7`n1IaQN7^n1JbQN6^n1JbQN6^n1JbQN6^n1JaQN7So1100N200O100O1001O1O6I2Nf]RZ2
20210627163630Mh_7,Pbgi11ko19K0O100O10000O1OO2000O1O10000000O1O0N2010O1O100000O1O10000O1O10001N2M^^PT2
20210627163630Mh_8,ffmR2`0_o13J6M2M5M0N4M2^Ob0O002N000003K3O7G3O`0@2N2N0000O2M3N10O10O0101O1O5K2N1O1N1O1000000000O2N2G801M3O1O1O02N002N002N001O101O1N3OOO2N002N002N001O10O1O0000001O000O2N1O1O110O10O3M100000N2O1N3N1M200O1O2C=N1K7M1O1O11O1Oc0[O3WOWQNLM5aW`f1
20210701163730Mh_1,Xa\a21oo11N2N2G9O1O000010O3NO03M1O00002OO11N001O10O1O003M1O2O001N12OOO20O02ON110N11O001O0O20N11O0003M011N0O02N2OO02O0O11N011O0O1O1O001O0003L2O2OO0000000000000O2O001O0O11O1O0000000000001O1O0000000001O1O00001O10O11N002N001O1O00002N0N201O1O0001O1O0O3M102M100O101O001O011OO00001000O02N0000001O02N011N001O1O02N01O001O01000O000001O001O02N1O10O10O1O0001O1O02N00001O1N10001O1OR\YS1
20210701163730Mh_2,Vh`c26jo12L5M1N5K2O2N110N07MM031LO40M022LO6NM032K012NN20N132J122L041K022LO;E103K2OaUSZ1
20210701163730Mh_3,[jRQ33lo15L012N011M110OO3O0N20O000O1O1O011O002N002NOePNDRo1f00000001;D0O8H3M7H2N3M[NmQNa1Qn1^NTRNc1gm1\NZRNe1Sn1OOO3M106LNO33K11OO13L0010N02L202M104MO02O1O:F0O9F2O`Roj0
20210701163730Mh_4,jX]P29fo16[Oa0N1N0102VOj0MkgRo1
20210701163730Mh_5,b[QT134Oao1:M200NL60N011M120N10000000O11OO100O2O10O1OO20N011OO11M2100O101O1O000O100O2O1O00000000000001O000000O100000O1O1O1000O2N2O1N[eRh2
20210701163730Mh_6,f\YS16Zo1LSQN6hn1i0J1M8^QNnNim1U1SRNnNkm1P2D1210Lb0CL029E013LO42gRNmMZl1V2bSNlMdl1P2VSN\Nal1e1\SN\Nkl1[20N;E1O5K1O5I3O4J205K1N4CkQNhNWn1V1;]Oc0M2N202L3Oo`Vj2
20210701163730Mh_7,f]Sc23ko13N0N201M120L300N2O1M30OCDSQN?Po180N3O1L6Ldcf[1
20210701163730Mh_8,`^]]24lo11O3M002N0000001O1O000K5O100002O0@aPN=bo1N10000000000000O2O010O00000O101N10000O1O01O1N2O2O00OO20N200N101N101N11OO011OM300N20N021K311N011N02N1N5MdbV^1
20210701163730Mh_9,\_Ug1`0^o13M6L1M3O1A>O1N100OO20NE>0NM5O1N200N202L2O3^OiPN5co1NWaZW2
20210708060030Lh_1,laZS14lo14L002N002N022L015KO13M011M05MOO20OO3OO000O020N001O001O01N2N1N201L4NY]_j2
20210708060030Lh_2,^^UW3h0Xo11M3O0N200N020D:20N1000100OO110N10N201OO11OO11L211N020NL500J7O_OQOQRNP1Pn1POoQNP1Qn1<3O2L5N2N1O0O11NN30ZOSOTRNl0Sn1WOiQNj0Wn14<O0N3O1H9N_dbe0
20210726041650Uh_1,RbVY12mo13N002N001O1O001N101O1N2O3M1O8H002M100O1O1000O101N2O000000000000000000O10000O010000O1000000000000000O10O1O010001O1O002N000001O001O000000001O1N100O101O1O0001O0001O1O01O02N000000000000001O001N102M102N001O1O1O1O01O02M102N00^]k_2
20210726041650Uh_2,cd`R17go15]PNIRo1i0K1O3N1O2N1000010OO4NOO6J2O8H1N5MOO3M011N2N\Zok2
20210726041650Uh_3,VYmS18ho11K8K2L8K2mPNZOgn1R1M2M5M1L5M1NM5L4N20O^OhQN\OYn1d0jQNYOWn1c0e0N1M3O200O1O1000000O10000000000000000O100000001O0000O101O001O000001O1O00001O0100O0000001000O00100O010O11N0100O100O11OO10000O1000O011OO11N020N011OO11O0O10010O0O2OO11O1O1N020N11OO11O001O0O20N03M1O20N02N002N002N003KaeXd2
20210726041650Uh_4,jX]`14ko12N2O0000001O001O000000000001O001O01O1O000000001O1O000001000O011OO000020N011OO11O01OO112L111M112L111M12OO010OO7I1O3NOO3N2Nlef[2
20210726041650Uh_5,X\Uh05jo12N2N2N3M1M3HBmPN`0an1i0DjNjQNX1Sn1<O1N20001O0O100GlNeRN5[m1YO[RN4b0=Sm1_OaSN=_l1CaSN=`l1BcSN;^l1DcSN;`l1@dSN?om1O2N10000O001000O01O10O10O1O100O1O100O3LYcPU3
20210730044930Lh_1,\b`g24ko11O3N1O1O002OO11N011OO001O2O00O01O1O00000002N00000000002OO10O1O1O2N1O10O1N100O1O1000001O10O1O02N001000O0002OO1O0001O1O02N01O1O00011OO000000000N201N1001O000O101O001O0001O0010O000000O1000O1O10001OO10000000000001O1O001N2Ng\cQ1
20210730044930Lh_2,kb^l12mo14L3O4K1O2OO11OO11N01O101O1N3OOO11OO11OO00010000O1O1000O000020N011O002N011NO20OO20N03M1O2N002N1Nj[_P2
20210730044930Lh_3,nc\`14ko13M9H1O1O001N101O0001O0O100O102N003L2N2N1O0100000O010O2O0000002M1O11OOm[[]2
20210730044930Lh_4,Redo14lo12N2N102NO12N001O002NO11OO10001N0110N12OOO11OO20N020N020N111M020N02N003M1O1M4MfYkm1
20210730044930Lh_5,[fZW31no17J004L014L003MO22L022MO30M123KO3OOO11O01OO011OO3[OgPN=_o1O0010N2O00000001O00001O001O002N1O2N1OZXke0
20210730044930Lh_6,\j`h15jo12N3N002N002N001000O101O00O3NO11N100011OOO30N010OO3NO12M1O4L0OgT_U2
20210730044930Lh_7,ekbj15io15M1N1001000OO2N3M2NYTgT2
20210730044930Lh_8,dXid26>Nin13VQNNin17RQNLkn15UQNLin19SQNHln19QQNIkn1h001K310N11O000[O\QNOen1Kk0O1N11OO20000000000000000000000N200000OO1100O1O0100O100O100O1000fPNLgn15YQNLen15[QNLdn14[QNMen13ZQNNfn12ZQNNfn12YQNOgn11XQN0hn10XQN0hn10XQNOin11VQNOkn11TQN0ln10TQN0ln10TQN0ln10SQN1mn1ORQN2nn1NRQN1on10oPN0Ro13jPNNVo1>1O10O1O0100O01O020N011OO2N011OO020N020N03OO100N04NN04NN04MO11OO02OO11OO02N2O3M0O2O0001OO1000O01O2NYfPT1
20210730044930Lh_9,^ZUW24ko11O1O1M300N2000O1O10000000O100O101O1O0N200O2N2M200N2000O100O102N002N011O0O11N020N01O1O000O3M3N1N1O0100N11O100000O100000O001000O100N2O1N2O00010O1O01O01O000010OO02O1N11OO10001O00001O100N200000N0200000N110N200N3O0N2O0N21O0O101J7Nnffa1
20210730044930Lh_10,bb[i14ko13N1O1O100O1O1O002OO1O0002OO11OO1O011OO002N000000O1O100O000100O1O1O00100N1100O000O11OO20N110N2O1M300O100O001O1000O1O1O000O2O1O01]O_OfQNb0Xn1BeQN>\n1E`QN;`n1G^QN:an1c0001M20O01O1000N200N1O2N110N11O0F:0ON300001M200N300N02000O1O01OO11O1N10001OO02O10000N200O1O00001O1O01O10N11OO11OO2O1O100N11O001O0100N11O01OO02NHAoPNb0Qo17M210000O2N2O001N2N101N10O2O0O1O1O1O1dN\OYSNh0el1ZOYSNh0cl1EQSN=nl1EQSN;jl1JkRNVONR1Wm1IiRNWOOP1Xm1m0kRNWNUm1h1mRNVNWm1e1d0O2L2O3SOk000N201L4N1O00001O1O00N111K41OO2O1D:11C;11NG:0OL50F820N110_O2`000K5O1N20OO11NO3O1L4N2N2N6]OhPN1_o1LcPN2RdPi1
20210811072510Th_1,Pn`S1;do12N5M001O001N03OOO11OO3M1O1O1O0001O1O01O1O02N01O001O002N00001O10O1O0002N002N00VQoi2
20210811072510Th_2,Z]oo21mo15M2N4MO10O1O001O1O000101O004LO01O01O1O012N0O2N1O1O002N002N001O15J2N4MO101N100O01O1O1O100O100O1O2OO03L`ahl0
20211119005210Mh_1,W^ba13lo15L2N;E2N5L00<D02N0O8H1O2OO14OM14J103M0O20N02N012N00000003M01N003OOO3N0000001N1O1O1O1O1Nh_c[2
20211119005210Mh_2,b`ee01nn14mQNNWm1U1`RNlN`m1U1_RNkN]m1Z1aRNgN_m1Y1`RNhN\m1]1cRNcN]m1]1bRNdN\m1^1cRNcN\m1]1dRNcNZm1`1eRN`N\m1`1cRNaN[m1b1aRNaN_m1P2N011OZNbRNj0_m1VOcRNi0\m1VOiRNe0Ym1ZOiRNe0Um1\OVSN_O]O?_m11aSNM_l1OfSNIal16aSNGal17e10O01O0100N0200000N20O100O01O1000000000O2N2O000O100O1000000N201L4NWbfV3
20211224120130Ch_1,Rch^2e0Zo12N=EO10O19HOOnQNXORm1d0hRNBWm1>gRNDZm1a0\RNCcm1>[RNDfm1[1O06J2N4I3L8@<O`0[O_[m_1
20211224120130Ch_2,VYUU21no12M3N2O00100O011OO10O10000O1O110N001O11N001000O00O1O10O1O10O10N101OO11M120N020N010O010O11OO011OO100001NO20O100N120OO11N100N201OO01I6200J6KgPNB\o198MYhZf1
20211224120130Ch_3,mXSm12jo18K2G:M2L300NI81ON3O1J500M4O1N200N20OO200O01000OmgZQ2
20211224120130Ch_4,_YUS3<co11LO30L33O4I6KlfZl0
20211224120130Ch_5,S[ih14lo11O2N2N6K00:F02N0O2M1O5K2N`dZV2
20211224120130Ch_6,_^U_21no12N3N101N001O10O1O00011OO01O1O02N0001O11N00001O1O002N0001O1O01000O0001O10009F10O1O01O1O001OO100N201N2OO011N2O000000O1001O002N03OOO2N10O100N2O002M102N011N00000000000O100O1N3N100O001000000O1O010O0010N2O1O101O2M2O00000O2O001O0000O1O1O1O1000007I1O000001N2N100O1O10000000O100O2O1O001O001O00O1O10000O1O100000000O000100001O00O01O10000000000O0O10100O1O10N2000O1O10000N200O1O1000000000O10000O10000O1O01OO11OCZOaQNf0_n1[O`QNe0an1[O_QNe0`n1\O_QNd0bn1\O]QNd0dn1\O[QNd0dn1^OZQNc0gn1^OWQNb0jn182O1N20ON20J5101M202N1O1O100000N200N200ON3O2N1@lPN3eo1L1NPbVR1
20211224120130Ch_7,Xbcj22mo12N101O0000O010O0100O1O1N2O1M300N200L4L^OiPNc0So17N1O20O01O100000000000000000000O1O1000000002N001O1O6J001O1ON200N200O1O10000000001O00O1000O1O10000O1O100O1O10000N2O1OO11OO200O0001O1M21OO20O1K5N10001N2N2N200N3O1O000001N1O2M2O00010O1001O1O4L1N1O100N20N11O01O1O1O10N11O0000100000O2N101O01M3O1M3O0N11OOJ8N2K40O101O9G1C^OZQNc0fn1_OXQNa0gn1;2OO20OO20O10000N2O1M30000O200O1O00OL5OOO3O1N110N110O1000O0010000O1O1H\OTQNd0hn1BTQN`0ln1:O100O2O0000000O10O1O0QOYQNf0in1XOYQNf0Qo1M3O1O2O1O0111M20N00001O1N1O2O0O2N100000O1O10O00010000001OO10O1O100O2N01H800N200000O01O010O2N2O0O_OlPN9So1EPQN:Ro1BPQN?Xo100O10O2N1H8N3M2000000h0XO1Nb`bd0
20211224120130Ch_8,hda[24ko11O3N003M1O2N00:F1O2N1O3M1O00000001O0106I002N001N2N100O3M100001O1O1O1O1O1N2N2O1O1O1O1O1O1O2N001N1O0100O0001O01O010OO111N2N2O1O1N1O2O002M1O1O1O3L2OiZj_1
20211231180850Bh_1,kaTX23ko13L>C3M5M0N2O2M3N1N2O1M3O1OO1O1_Ob0N2L4N2I7O1JT_]f1
20211231180850Bh_2,^h\U18go12O2N1O10001O001O0O00020N020N01O1O1O0100O000000001N2O0O2O000000O1O1M3O000100000O1O2O1O00001N2O0O2O1O0OUW[g2
20211231180850Bh_3,jYe[25ko11O000O1O10000O1O10O00O2O100O1O01O10O1O10O0001000000000O1O10000000O1O10O1OO200N200N3O0N3N1O1O00001O1N2N20OO110OO100G900O2O0O2OO11OO20OO110OO110N100O2O1N200N2N4L3NhgV_1
20211231180850Bh_4,l]]e26io12L6M1gPNDjn1o0J2O2M2O2N10000O10O:G0O2O0O4L1O3M1O4L2M2N2O1N2N2N2MXafX1
20220124155050Bh_1,na\o04ko11O100N2O1N2O000010N11O01O01O10O0010O1N2O1OO2000000O1O01O10O1O0100O1O00010000000O01O01000000O1O101OO11O0O1O10O10000O1O1O1O101O0O2N100000000O1O2O1O1N2Nm^kk2
20220124155050Bh_2,hcPg16io15K7J002N112L113L015J021MO31M104K100O011N011N0000100O03M016I1N9H003NN12N000000O01000O011N011N000001O1O1O1O1O1O001O1O1O1O1O1O002N0O3M2McYgT2
20220124155050Bh_3,P\oR24io15M1N200N200O01O010OO1100O000000001O10O000100O00001O10O00O2OO11O010O0010O1O10N11O01O1O1OodVj1
20220124155050Bh_4,b]S]12lo14N00000O100O10000O1O100000O01O0100000000000O1O1000O1O01O100OO110O10N110N11O01O1O000O11OO2O00000N12ON020OO3O0N201M4N2M4MccR_2
20220124155050Bh_5,Ufmn1520ao19K5N2N3M1O101O10O1O01O1O0001O10O1O001O010O00000000000O100000000000000000O1O1000001O1N1O1000000O100O10000O1O100000000O010O0100000000O1O0100O1000O1000000001O0000000O100O101O001O000000O00010000000000O10000001O0O100O10000O100N2O1O1O1O1O1N2M3M30O1O10000000O10000O10001O10O00001O01O001O00000001000O01O1001O0O6K1O0O10O0100O0000001O10O0002N01O010O1O;D2O3M1O2N1O2M2N4M1O2M3N1N2O1O1OTYZe1
20220328035030Lh_1,\`X`15jo12G:M1I7O1N2O11N1O2M3N4L2N4K3N101Nn_c^2
20220328035030Lh_2,_bTR1d0[o13H9cNSO`SNn0Tl1UOhRN5k0k0\l1_ObSNb0]l1KUSN6ml1JQSN6Qm1Z13N5K2O1O10O7I0OPOiRN]OSm1b0oRN]OPm1a0VSN^Ohl1a0ZSN^Ofl1FZTN8dk1G]TN9ek1]OgTNa0[m1022M024J113J12N004L007I002NO03M1O2N1O2N1O2N1Nf[oj2
20220328035030Lh_3,ca^_11eo1<L3J5O1L4O0O02O1K5O1L4O3I5OU_c_2
20220328035030Lh_4,_ed_29fo12N5K2O4L013MO13MO6NNN3OOO20N02N002N011N011N002N002OO1O1000O01O1O110N12OOO20N020N020N020N020N020N111M022L021M106J0O2O02NO13M0O3OOO0100O1000O2O3M0O2N1O3L3MlW_[1
20220328035030Lh_5,eg\c13lo12N6J3N2N011N01O0O2M2O1N1100O1O1O2F:M2M5M2O3M011N1O1O03L4L7H3M4I7M6G[X]Z2
20220328035030Lh_6,RZ]b0b0]o11M3O1M101M22OM22ON201L300N3O0O010OH:N00200O000100N20OO11OOF<OO020N02OO110N11OO20000O1O1O0N21ON110M211C;02L211ON201M3O2L3O3M3M7I2N100O2M2O1N20^hRY3
20220523234912Lh_1,TY`_13mo11M200O1O1O1O2O1N2M3N2I7N1O1O1O10000O1O100O2N10O01O01O10O1O010N2000000O1O1000000O0001O1L31OO200O1O1O1O1M3O1O1O1O1O1O1O10000000O1O2O1O0O1O100O1O100O10O00100000N20000O1N2O2M3O0O1O100000H[QNTOfn1j080001O0001000000O010O101O00000O100O10O1O100O1000O2N1000001O0O2O0O1O1O1O1O10000O0001O1O10O00010O1O100N200N3O1M201M3N2N3N1OROSRNJlm15WRNJim14ZRNKfm13\RNMcm12_RNO_m11bRNN^m11cRN1\m1NeRN1[m1NkRNOTm10nRNNRm12RSNLll14TSNLll14WSNIil16YSNJfl17\SNGdl18]SNGdl17_SNGhl12YSNMil11XSNMjl12WSNLkl13b1N1OQi]U2
20220523234912Lh_2,dT]<4lo11N6gPN1Vn10iQN2Un1Q1K2N<D2L9YRNnMSm1T2kRNnMPm1d2O0N2O1O1N2LoNfSNcNZl1]1hSNaNVl1Z1VTNXNSl1h1Q1O2AoQNoNQn1c0n0O0J601K400N21OO11OO11OO11OO200O00001O100O3M1Oklf`3
20220523234912Lh_3,jZS[25go1:J1M4N0N200O1O1O1O0000100O1OO200O000000O2O1N110N02O1M200O2OO02OO200M111N11O01O0O02OO100MO40O2O1O1O0O010OO3OO02O0O101N11M120L220N011OM22NN4OO02OO02OOO3OlNDRRNJ7a0im1GmQNK9>hm18PRNISn18jQNISn1Q13OM220N020NO20OjNURN8mm1GVRN7jm1G[RN2im1NYRN0gm1NW1O0O2O0O2O1O1Ojib^1
20220523234912Lh_4,UXmU34ko12M2O1O0100O100000000O00010000000000O1O2O001O00000O0010O100000000O1O1001O001O001O00O2O1N1O1N4LThRg0
20220523234912Lh_5,`\an2:eo12K5N2M200N3O0000001O1O001O100O100O1O0000000000000001O1O000O100O10001O1O00000O1O10000O1O1000000N11O01O1O10N1100N11O100N11O10O1O000N30O00010O1O0100O01OO20OO101I502L211K311M2O1L4000O11ON201N200L400N200M3O1N200N200N200M3O0N200J602K5NaeVj0
20220523234912Lh_6,P[gY12lo14N1M3O2N2N001O11N00001O1O1O1O0002N010O10O0011OO001000O02N0000000000O100O001M2JFfPN<Zo133O1M3O3EUe\c2
20220523234912Lh_7,n]eP23lo13O1N1O2OO10O10O1O00010000O1O002OO1O01O1O1000000001OO12N01O1O02N0O3K3NWaRm1
20220523234912Lh_8,c^Yj23ko12M300N11OO200N20OO101O1N1O101O10O2N2O2N0O2M2O1N2O0O2O011NoajS1
20220523234912Lh_9,n_]g23lo12M2O1O1O10N100010N2000000O1O101O1M200O100OO2L4M3O10O00010O1O11M20e`^V1
20220523234912Lh_10,Teob22bo1`0K1M4O001O000011OO03OOO02N0O3N0O3N002N00010000O01O1O000O1001O1O001O1O1O1M201M3O0N202N0O1O101O00O01O1O1O1O1O3M1O3KkZ\Y1
20220621185332Bh_1,b^Vj03jo14M3L4O0N3O1O0O10000O2O1O1O1O001O1O001O0O2O0O100000000001O001O00000000000000001N101O0001O01O1O0002N00001O1O00100O01O0001O001O0002N00000001O10O1O0000000000001N2N100000000O1O101N1O2O000001O101OO11OO8I1N100N4Lj`Yo2
20220621185332Bh_2,Z_ho2<co11O101O00001O0000001O1O0000000000000001O10O3M1O1O011N01O00000000001O001O0001O02OO0100O010O2N1O2OO11N000001O10O11N002OO10O1O2N020N02OO10O1O001000O011OO02N001O10O1O02N1O1O1O1O002N001O100O10O011OO01O10O10O11N001O11N011OO02N002N01000O001000O001O10O00000010O1O0001O1O01O1O0000001O1O0000001O1O01O11N0000001O1O01O001N10000O1000001O1O000001O001O01O1O00000O10010O1O001O1O100N101O0O2N001N2M3N2O1O2N1O3N\^mc0
20220621185332Bh_3,h_PQ12mo12L4N11OO10001N2O00001O1O1O2OO10O0010O10O01O010O01O100O010O2N101O011M110O001N020N024J10000O1O2O3M036G1>MDO3OO02OO02OO09ION5MO01OO11OO00001N2N2O1N2N3N1N3N0N4M1OXOhQNLUn14mQNLPn13XRNJfm15\RNJcm15T11OO110M3O1M3O_^Wi2
20220621185332Bh_4,[fVg11mo16K102N001O001O0000000000000fJHlZN8Te1IkZN7Ue1JjZN6Ve1KiZN4Xe1NfZN1\e1OcZN1^e10`ZN0`e11_ZNObe13[ZNMfe12ZZNNfe15WZNKie16VZNJle16RZNJoe16PZNJQf16nYNJRf17mYNIUf18hYNHXf19gYNG[f1:bYNF^f1;aYNEaf1:^YNFbf1;]YNEef1:ZYNFff1;YYNEhf1<TYNFmf1:RYNFof1:PYNFQg1:nXNFSg1;jXNFWg19hXNHXg18hXNJWg16hXNJYg16fXNJ[g16dXNJ^g15aXNL_g13aXNN_g13^XNNcg12[XNOfg13WXNMjg13TXNNmg13PXNNQh12nWNMUh13iWNKYh15gWNJ]h15_WNLch13]WNMdh13[WNLgh13XWNNih12UWNNmh12RWNMPi15mVNKTi14lVNLTi16jVNHYi19eVNF]i1:aVNEai1<^VNCdi1<[VNChi1<XVNDji1:TVNHli19SVNFQj18lUNIVj16jUNJXj16dUNJ^j16bUNJ`j14_UNMaj14]UNLfj13XUNMij14UUNMmj12PUNOQk12nTNMUk12hTN0Xk11gTNO[k12`TN0ak1O_TN0ek1OVTN3kk1MTTN3Pl1LlSN5Vl1KhSN5[l1L]SN7el1JYSN6jl1]13O1N1O3M1O4L2N5K1O6J2N8\OXQNBin1<YQNCon12TQNLon12SQNMao1MmZiQ2
20220621185332Bh_5,Ybdb18ho1103L111M020OO3ON11OO11O002NO11O0O3M011O0O100O1O1Oi\g[2
20220621185332Bh_6,Tf\`29go11J7M1N3N0O1000L5O0M40NO3OO020N020N020O01O001OO2O1OO20N020N02OO11OO11OO1100N200O2N2O1NP[k\1
20220621185332Bh_7,`glf04lo10O100O10001O001O0000000000001O1O002N111M012N010N210N023K020NO2N002N2N1M3O2J5NfWcV3
20220621185332Bh_8,cgjV32mo15L1O10O1O0O1O01O2N3M4M101O001O116HO2N102M102M011O1O01O00000O1O102N1N5LO11N110O002N00>B0010N11O02N00100O2N001N012N0O4M1O5K006I003M1O10001N01000O001000O0000000000000O1O10O0100O10O100000000000000O100O100000000O1O100N20hU[b0
20220621185332Bh_9,PZUh1<6GTo1d0H;K1Ka0D1L9I2LmNTRN:im1E[RN9cm1BRSN2jl1NYSN1al12iSNIUl16mSNKok16VTNFik1:XTNGck1<aTNB]k1>eTNBSk1d0QUNZOmj1g0TUNYOhj1j0XUNYOdj1h0]UNXO`j1j0`UNYO]j1g0dUNXO\j1h0eUNWO[j1h0gUNXOXj1g0lUNWOSj1i0nUNVORj1g0RVNXOni1g0TVNXOli1f0WVNYOii1f0YVNZOfi1e0\VN[Oci1d0_VN[Oai1c0aVN^O^i1a0cVN@\i1?gVN@Xi1?iVNAWi1>jVNCUi1<lVNDSi1<nVNEQi1:PWNGnh18VWNFjh1:VWNGih17YWNJfh16[WNJdh14_WNL`h12bWNO\h11eWN0Yh10iWNOWh1OlWN0Th10mWN0Rh1NQXN2ng1NSXN1mg1MVXN2ig1OWXN1hg1OZXN1eg1N]XN2bg1N^XN2bg1N^XN2`g1OcXNO]g10dXN1[g1OfXN2Wg1OjXN1Tg1OmXN2Qg1NPYN3nf1NTYN0lf10TYN0jf10XYN0hf10XYN0gf1O[YN1df10\YN0df1O]YN1bf1O_YN2_f1NcYN2\f1MeYN3Yf1NiYN1Wf1NjYN2Uf1OkYN1Tf1OmYN1Sf1NnYN2Rf1NnYN2Pf1OQZN3me1LTZN4ke1LVZN4ie1LWZN5ie1KVZN6je1JVZN6he1JZZN6fe1JYZN7ge1HYZN9fe1G[ZN:ce1F^ZN;ae1E_ZN;ae1D`ZN<_e1EaZN;^e1FkZN1Ue1OlZN0Se10oZNOPe11R[NNld14T[NLkd15U[NKid17Y[NGfd19[[NGdd19][NGbd1:_[NEad1;b500O1O10000N200O1O1000000O1O101N2N2NnhPP2
20220626185332Bh_1,h^hT28ho11M3O000O1O2O0N1100O000100O100O10O1O10O00010000O100O1000000000000000000000000000000000001O1O001O00001O000001O11N01O10O001O01OO1000O101N2O001O1O001O1O00001O1O002N020N002N011OO00000O1O1N3O0N3N1O2O5J1O2NRamd1
20220626185332Bh_2,Tchi25ko11M3N1M30OO2O1N011N011M200N21OM4O1O3N0000010O01O010O1O1O1O00001O001O002L202N002N01000O00011OO01O1O00002N00010O100O4K3Mj\_R1
20220626185332Bh_3,jblX14ko11O3N1N2O00000001O0000000O1O100001O1O000000001O1O000O2N2O1O1O1O1O00001O1O1000O000001O000000O1000000000000000001O1O00002N00001O10O00000001O1N1001O0100O0001O1O00000000000001O001O0000001O001O00001O1O00001O1O0001O0100O000000002N001N2Na\k_2
20220626185332Bh_4,gflj17io10O3N011OO0001O1O000001O1O00000001O1O00000000001O001N1M300O101O1O01O01O1O002N011N01O000O0001000O1O2O1O1O1O001O1O001O1O00001O1O01O1O00010O010O0000020N0000000002N00000020N011OO001000O020N011OO02OO1O010000O1O020N002N020N002N011OO01O1O0001O0100O01O1O00001000O000001O1O01O10O1O01000O11OO21M111M110N1O3M011N100002N1O3M1O4L0O20N02N011O0000O02N0011OO0000001O10O1O01O1O000000001O1N1O]V[i1
20220626185332Bh_5,cgho07go13L4O0O2O1O001O100O1O00001000O0001000O01003N0N13M010O00`0@0O4L10000O2N1O00011O0O1O11iN_QNO1e0]n1\OcQNL4f0Yn1^OTRN`0hm1@YRN`0gm1_O[RNb0cm1\O`RNb0`m1^OaRNa0_m1^OcRNb0\m1^OeRNc0Zm1\OgRNd0[n11O01O001O0O3ON02N101O0O02OO3M1000O020N02N011OO000001000O00002M1O3N001O001O00000000001O001O0O1O1000000O2N2O00000000O0K501N20N0200M3O1N2O0O20O0100O0010O11OO10O1O10O1OO20O0001O1O001O2L[VYg2
20220626185332Bh_6,ZlTY2:fo1002N011003L1O1OO11N1O2LWSQf1
20220626185332Bh_7,jmln2:fo11N2N2O2N1O2N002N1O3NO6LO01OO12OO01N104L1N3M1N]Qco0
20220626185332Bh_8,[UY\22mo11O2N1000000000000000001O01O001N10001Nfj^b1
20220626185332Bh_9,XYan27Vo1J[QN8cn1KWQN:hn1GVQN;in1>0000001N2N10000O100O10O01O0000L50OC=O2M2001N2O3E:N2J501K5N2L4NogVo0
20220626185332Bh_10,hZ]U12mo12N2N2N2O0N100H9O1G81OM40OI17NN300K6N1L32OOF<NM220N111MO31N020N101FGgQN^OYn1b0iQN]OTn1a0g010M3O2L4N1L5OQhjg2
20220626185332Bh_11,i[m`13lo12O1O1O1O0000002N0000000000000000000000000000001O1O00001O1O0002N0000001O1O0000001O1O00000000000000O1O100O1O100N200N011O01O10O000100N20OO110O1O10O1O01O10O1O100N020N11O1O1O1N20ON3O001O1O2NjdVY2
20220714185352Th_1,e[jY12lo15L2O2M2N100O1O01O01M3O0M301K311O0010000O00100O1O000O2O1L31O01O1N2O1N011N020NO3OO100NG<O0001000FQQNCmn1>UQN@ln1?WQN^Oin1c091M3O1N11OO2O1M30O1O1O1O1O1N2N2O001O010N2O1N2O100O1O1N4K3OefSa2
20220714185352Th_2,m^ln23lo110001O1O0000001O001O000O002O0000000O1O3N0O101N2O000001O1O001O1O000000001O1O0000000000000000001O010O01O0002N0000001O1O3Mk`Ym0
20220714185352Th_3,Y_XS36jo11N2O1O2N1O2N101N1kPN_Ojn1b0RQNBln1?RQNBnn1h0000001O001N1O101O001O0O02N1A?O10000M3O1M4N2J5Og`_j0
20220714185352Th_4,]_`^12mo12O3M1O4L0O3N2N2M2O1O1000O01O0100002N01OO11OO02O0023KO1O001O00O02N2O00001O20OO11OO20N11OO11OO0001O1O1O1O1010O0O2N20OO11N10000O1O002OO11N0020N11OO11N100O0001O1O;E1O2M1O101O1O0O110O1O02O0O2O0O1O001O00000000000N2000001N2N101O10O000011N0000002N01O1O1O2N1O2N002N002OO11N002N002N020O000O002N002N002N00001O1O002N01O001O000O1O2K5O0N201O001O00000001O001O002N001O1O000000000000O1O1000000001O001O000000000001O1O0001O001O0000010O1O001O1N101O1O000000O1O100000000000000000000O10O00101N2O0001O00002N0O11O0000000001O1O000000001O0100O000001O1O000000001O1O000001O1N10100O000001O1O0001O1O002N00001000O02N0100O01O01O001O000001O1O0O10011N002N01O1O000002N00001O1O0O11O000001000O00000000001O1O001000O11OO104L1N3M10O10000O2N002OOCcQNXO^n1f0cQNYO]n1h0cQNWO]n1j0cQNUO^n1j0cQNVO]n1i0dQNWO[n1i0eQNWO[n1j0eQNWOYn1i0gQNWOZn1i0gQNUOZn1j0gQNUOYn1k0iQNSOXn1m0hQNROYn1n0<020N01O1O0001O10O0010O1O110N110N020N02N002OO11N0010001N011OO002OO11N1000O11OO20N05OMO20N020N12OO0O4MO11N10;E04MOO3N[QNROWn1m0iQNTOXn1k0fQNXOZn1V122MO4NO03N0O2OO13MO@]QNCen18`QNF^n1:dQNE^n19cQNF]n19dQNFan16bQNG^n18cQNG`n17cQND_n1<f0L102M2NnX[e1
20220714185352Th_5,Rel_26jo10O3M102N000001O1O00001O0010O11N0011OO000011OO01O10O10O1O002N020N002O000O020OO3M1N4LWZ]]1
20220714185352Th_6,jedP16jo1004M002N000O12N0O1O1O2N00010O10O01O102M100OaYmm2
20220714185352Th_7,^fX^26io12N2O001O001O000000O1O100000000001O1O01O1O02N02N01O10000O020N020N020N020N110N110N21OO01O003L1OfXg^1
20220714185352Th_8,ViPm2>]o15I=H2N8J1K9K0J:K2J8L1MbNXSNLfl13\SNM_l11kSNMSl13nSNMok11ZTNJek16\TNK`k14hTNIWk16jTNJTk14SUNIlj18UUNHgj17_UNH`j18`UNH\j19hUNGVj19lUNGci1g0_VNYO`i1h0`VNXO\i1j0gVNUOYi1k0gVNUOWi1k0lVNTOTi1k0mVNUOSi1d0TWN\Olh1c0UWN]Ojh19aWNG^h18dWNH\h16fWNJZh15gWNKYh14hWNLXh14gWNMXh14hWNMWh12jWNNUh12mWNLTh14lWNLTh14mWNJTh16mWNHTh18j300000000000000O1O100O1N3N^YWo0
20220714185352Th_9,]kTP37io1100O1O<D1O2N002N120VQNYOVn1g0hQN[OYn1V11N9F3N3L2O1O1O1O1O1O019F002OO0001O1O01O10O10O0100O00000O101O000000O1000O10001O001N1OSS]l0
20220714185352Th_10,Po``26ho13O3M001O11N001O10O1O0001O001O02N003M1O2N1O1O0000O1M300N2O0000O110N200000O0001O1O1M3O10O0001000N11OO10OO20OO3OO110N2O000000O2O1L400N2000000000000000O1O1000000O1O1000O10000O1000000N11OO200O00001O1O010O101M200N3OSRkX1
20220714185352Th_11,RXik0=ao13M3M20O01N101K401M111O000O200N20OO101O000ON301C<00M210N2001OO2N20OO101O10N200N020O10O101O00100O2NZiRQ3
20220714185352Th_12,c\eR25jo11M3O1L4O1M120K5M2O101K5O1M210L302N101OO01O01O1N100M31ON20O011L040OH801N11M03OM211M011L310M210N12OON4OO011D920M120N120K310M04OO011K040L311L031L022NO3O1O1O2N2N3N002L2POZQNf0Qo1N2N100O2M101000N200N20000O1O10002N2L6L0N11OOM5O1J6N2E:001O00010OO2O2J6Omgje1
20220714185352Th_13,eXcl23lo11O2N100N110N2N2N110O0010O1O0J60100O1O10000O1O10jgjQ1
20220714185352Th_14,U[Qo2a0^o19G4N02BmPNIUo12oPNMco1O1O0000O0010O1000O10O1O1O001N110N[d`o0
20220714185352Th_15,o]aW12lo13M4M100000O0001000000000000001O001O000000000000000000O1O10000N200N200N2000000O01O00100000O010O1000O00001O1M3O1O1O1O1O1O1O2Ndb`d2
20220714185352Th_16,Xb[b12lo16L00001O00000000001N1O1M3O1M3O1N2O1O100N2000000N3O0N110O1O10O1OO200N11OO200N02OO02OO100O101O001000O1N101N2O1O1O001000O10N1100O1N10010O1O01O100O1O01OO200N11O01O100O1N2O00001O1O10000O000100O000O11OO02OO11OO101N10000000N20100OO101M120N100001OO100N21OO11O10001N1O2O0O1M3O1M30000O1O01O10OO110O0010O00O101N11OO2O1O001O001OO20N1100O10O1O10O1O1O1O1N200N11O01O100O1O101N1O2O0O2M_aPR2
20220714185352Th_17,`ceY27ho12N4M1O4L1hPN@nn1j0O1O000000000O1O1O1N200O1000000000O3_OTQNInn14UQNKkn14XQNHjn17XQNGin18?0100O01O011N1O10O1000N1000000O100O11OO011N011N020N20O10O1O100O00100O1O1O1O1O1O100O1O01O1000001O10O000O001O1O1N2O2N3M2N3N1M20O10001O1O0N20O001L310N2O1O00001O1OO20OO20O10O00010O00001OO200N020N011N011N0200N1100001M201N1O1000OO200O1O01000O0010000O100O10000O1O01OO200O0001O0O101O1O1N11O01O1000000O1O1O1M3O1MO4OON3000100O100N11OO200N11OO200O1O100O1O1O1O01O0100O10O1O1000000O100O10O1OO200OO20O01O10O1O10O00010N11OO10OO2O011O1N110N110N20ON200O100E;01N1O1O20ON3O2M200N3MUaRV1
20220714185352Th_18,]c_l21lo1<F2N3N01O00000000O1000000O101O0O100O1O010O1N2O1O100O100N200N11O100O1O101O1N3M100O2N3M2N6K1O1O1N1O2Oe\ZP1
20220728185352Th_1,i_hj27ho11K7M1O1O1N200L040L031N1001O000M300N30OO110N200O01O010N10001O00010N11001N1O3N1O1O001O00O100O1O100O00010O101O100O10O1O001O1O0001O1O100O01O002O1hPN^Oon1j0O1O0000000000000001O1O001O1O1O1O00001O0100O000001O0100O1O0010000O1O2N3NO10O011O1O1O2M01O1O1O1O1M3O5J2O1N2O2N0O1O2O1O001N2O3L2On_gl0
20220728185352Th_2,\[_c24ko11O1L400N2O1OO100O100O11OO2O00001N2O1N4MUeV[1
20220728185352Th_3,Taeo22lo13M3N2M3N100O1O1O1O1O1L4O1N100O100000001O100O1O01O1I600O11M110N110NO30J420NO30NO400O00000000000O2N011O001O0O11OM4OON4O1N2O1O01OO200O10O0010O1O1O100O1O1O1O[a^k0
20220728185352Th_4,odQb27ho11000000000000O1O1O00100O1O001O1O10O001M3O1N200M4M][Z\1
